-- phpMyAdmin SQL Dump
-- version 4.4.15.8
-- https://www.phpmyadmin.net
--
-- Host: localhost
-- Generation Time: Nov 18, 2016 at 06:16 AM
-- Server version: 5.7.15
-- PHP Version: 5.4.16

SET FOREIGN_KEY_CHECKS=0;
SET SQL_MODE = "NO_AUTO_VALUE_ON_ZERO";
SET time_zone = "+00:00";


/*!40101 SET @OLD_CHARACTER_SET_CLIENT=@@CHARACTER_SET_CLIENT */;
/*!40101 SET @OLD_CHARACTER_SET_RESULTS=@@CHARACTER_SET_RESULTS */;
/*!40101 SET @OLD_COLLATION_CONNECTION=@@COLLATION_CONNECTION */;
/*!40101 SET NAMES utf8mb4 */;

--
-- Database: `travalvai`
--
CREATE DATABASE IF NOT EXISTS `travalvai` DEFAULT CHARACTER SET utf8 COLLATE utf8_unicode_ci;
USE `travalvai`;

-- --------------------------------------------------------

--
-- Table structure for table `access_level`
--

DROP TABLE IF EXISTS `access_level`;
CREATE TABLE IF NOT EXISTS `access_level` (
  `id_access_level` int(11) NOT NULL,
  `al_name` varchar(255) DEFAULT NULL,
  `al_right` longtext,
  `created` datetime DEFAULT NULL,
  `updated` datetime DEFAULT NULL,
  `id_user_created` int(11) DEFAULT NULL,
  `id_user_updated` int(11) DEFAULT NULL
) ENGINE=InnoDB AUTO_INCREMENT=11 DEFAULT CHARSET=latin1;

--
-- Dumping data for table `access_level`
--

INSERT INTO `access_level` (`id_access_level`, `al_name`, `al_right`, `created`, `updated`, `id_user_created`, `id_user_updated`) VALUES
(1, 'Factory admin', '[]', '2016-08-15 11:21:32', '2016-09-19 11:30:15', 1, 1),
(2, 'Factory office', '[]', '2016-08-15 11:21:42', '2016-09-19 11:30:33', 1, 1),
(3, 'Factory production', '[]', '2016-09-19 11:30:54', '2016-09-19 11:30:54', 1, 1),
(4, 'Factory design', '[]', '2016-09-19 11:31:27', '2016-09-19 11:31:27', 1, 1),
(5, 'Zone admin', '[]', '2016-09-19 11:31:39', '2016-09-19 11:31:39', 1, 1),
(6, 'Zone office', '[]', '2016-09-19 11:31:46', '2016-09-19 11:31:46', 1, 1),
(7, 'Agent admin', '[]', '2016-09-19 11:32:37', '2016-09-19 11:32:37', 1, 1),
(8, 'Agent sales', '[]', '2016-09-19 11:32:49', '2016-09-19 11:32:49', 1, 1),
(9, 'Customer admin', '[]', '2016-09-19 11:33:07', '2016-09-19 11:33:07', 1, 1),
(10, 'Customer office', '[]', '2016-09-19 11:33:20', '2016-09-19 11:33:20', 1, 1);

-- --------------------------------------------------------

--
-- Table structure for table `access_page`
--

DROP TABLE IF EXISTS `access_page`;
CREATE TABLE IF NOT EXISTS `access_page` (
  `id` int(11) NOT NULL,
  `name` varchar(255) DEFAULT NULL,
  `idPage` varchar(255) DEFAULT NULL
) ENGINE=InnoDB DEFAULT CHARSET=latin1;

-- --------------------------------------------------------

--
-- Table structure for table `agent`
--

DROP TABLE IF EXISTS `agent`;
CREATE TABLE IF NOT EXISTS `agent` (
  `id_Agent` int(11) NOT NULL,
  `ag_code` varchar(255) DEFAULT NULL,
  `ag_description` longtext CHARACTER SET utf8 COLLATE utf8_unicode_ci,
  `ag_commission` int(11) DEFAULT NULL,
  `created` datetime DEFAULT NULL,
  `updated` datetime DEFAULT NULL,
  `id_user_created` int(11) DEFAULT NULL,
  `id_user_updated` int(11) DEFAULT NULL,
  `id_Zone` int(11) DEFAULT NULL,
  `id_language` int(11) DEFAULT NULL,
  `id_contact` int(11) DEFAULT NULL,
  `id_plz` int(11) DEFAULT NULL
) ENGINE=InnoDB AUTO_INCREMENT=38 DEFAULT CHARSET=latin1;

--
-- Dumping data for table `agent`
--

INSERT INTO `agent` (`id_Agent`, `ag_code`, `ag_description`, `ag_commission`, `created`, `updated`, `id_user_created`, `id_user_updated`, `id_Zone`, `id_language`, `id_contact`, `id_plz`) VALUES
(14, 'MKN', 'Mekong ''NTO', 0, '2016-09-19 12:13:32', '2016-11-11 17:41:23', 26, 25, 6, 1, 74, NULL),
(15, 'TI-2', 'Catalunya - Tex Invest', 0, '2016-09-19 12:17:24', '2016-11-11 14:57:04', 27, 25, 5, 2, 75, NULL),
(16, 'JP-12', 'Burgos - Javi Palo', 0, '2016-09-19 12:24:12', '2016-11-11 15:08:14', 27, 25, 5, 4, 76, NULL),
(17, 'JAM-10', 'Asturias - Jesús', 0, '2016-09-19 12:28:13', '2016-11-11 14:55:13', 27, 25, 5, 4, 77, NULL),
(18, 'EMP-7', 'Cantabria - Eduardo', 0, '2016-09-19 12:31:58', '2016-11-11 15:04:22', 27, 25, 5, 4, 78, NULL),
(19, 'RB-4', 'Castelló - Ruben Domenech', 0, '2016-09-19 12:35:54', '2016-11-11 14:59:13', 27, 25, 5, 2, 79, NULL),
(20, 'MK-6', 'Balears - Miki', 0, '2016-09-19 12:39:29', '2016-11-11 15:02:49', 27, 25, 5, 2, 80, NULL),
(22, 'MDR-3', 'Madrid - Alex', 0, '2016-09-19 12:44:32', '2016-11-11 14:58:13', 27, 25, 5, 4, 82, NULL),
(24, 'TVV', 'Traval Vai (VN)- Sales', 0, '2016-10-07 21:38:22', '2016-11-11 17:44:20', 25, 25, 6, 1, 96, NULL),
(25, 'ZRG-1', 'Zaragoza - Sergio', 0, '2016-11-11 14:54:59', '2016-11-11 14:58:30', 25, 25, 5, 4, 118, NULL),
(26, 'AUB-5', 'Malgrat - Antón', 0, '2016-11-11 15:01:31', '2016-11-11 15:01:31', 25, 25, 5, 2, 119, NULL),
(27, 'DS-8', 'Barcelona - Toni', 0, '2016-11-11 15:05:48', '2016-11-11 15:05:48', 25, 25, 5, 2, 120, NULL),
(28, 'VDR-9', 'Vidrieres - Joan', 0, '2016-11-11 15:06:57', '2016-11-11 15:06:57', 25, 25, 5, 2, 121, NULL),
(29, 'RF-13', 'Barcelona - Rafa', 0, '2016-11-11 15:09:11', '2016-11-11 15:09:11', 25, 25, 5, 2, 122, NULL),
(30, 'TDR-14', 'Tordera - Genís', 0, '2016-11-11 15:10:25', '2016-11-11 15:10:25', 25, 25, 5, 2, 123, NULL),
(31, 'OLV-15', 'Alicante - Olivares', 0, '2016-11-11 15:12:14', '2016-11-11 15:12:14', 25, 25, 5, 4, 124, NULL),
(32, 'TT-16', 'Girona - Tete Lara', 0, '2016-11-11 15:14:02', '2016-11-11 15:14:02', 25, 25, 5, 2, 125, NULL),
(33, 'JAV-17', 'Alicante - Javaloy', 0, '2016-11-11 15:15:23', '2016-11-11 15:15:23', 25, 25, 5, 4, 126, NULL),
(36, 'NON', 'Agent Non', 0, '2016-11-14 13:25:14', '2016-11-14 13:25:14', 25, 25, 7, 1, 130, NULL),
(37, 'DMD-11', 'DMD', 0, '2016-11-17 13:33:28', '2016-11-17 13:33:28', 25, 25, 5, 2, 397, NULL);

-- --------------------------------------------------------

--
-- Table structure for table `agent_price`
--

DROP TABLE IF EXISTS `agent_price`;
CREATE TABLE IF NOT EXISTS `agent_price` (
  `id_agent_pl` int(11) NOT NULL,
  `apl_date_i` datetime DEFAULT NULL,
  `apl_date_f` datetime DEFAULT NULL,
  `created` datetime DEFAULT NULL,
  `updated` datetime DEFAULT NULL,
  `id_user_created` int(11) DEFAULT NULL,
  `id_user_updated` int(11) DEFAULT NULL,
  `id_Agent` int(11) DEFAULT NULL,
  `id_plz` int(11) DEFAULT NULL,
  `id_product` int(11) DEFAULT NULL
) ENGINE=InnoDB AUTO_INCREMENT=7 DEFAULT CHARSET=latin1;

-- --------------------------------------------------------

--
-- Table structure for table `box`
--

DROP TABLE IF EXISTS `box`;
CREATE TABLE IF NOT EXISTS `box` (
  `id_box` int(11) NOT NULL,
  `bx_weigth` double DEFAULT NULL,
  `id_type_box` int(11) DEFAULT NULL
) ENGINE=InnoDB DEFAULT CHARSET=utf8 COLLATE=utf8_unicode_ci;

-- --------------------------------------------------------

--
-- Table structure for table `contact`
--

DROP TABLE IF EXISTS `contact`;
CREATE TABLE IF NOT EXISTS `contact` (
  `id_contact` int(11) NOT NULL,
  `cn_name` varchar(255) DEFAULT NULL,
  `cts_address_1` varchar(255) DEFAULT NULL,
  `cts_address_2` varchar(255) DEFAULT NULL,
  `cts_address_3` varchar(255) DEFAULT NULL,
  `cts_city` varchar(255) DEFAULT NULL,
  `cts_province` varchar(255) DEFAULT NULL,
  `cts_zip_code` varchar(255) DEFAULT NULL,
  `cts_country` varchar(255) DEFAULT NULL,
  `cts_phone` varchar(255) DEFAULT NULL,
  `cts_email` varchar(255) DEFAULT NULL,
  `cts_vat_code` varchar(255) DEFAULT NULL,
  `cts_notes` varchar(255) DEFAULT NULL,
  `cts_type` int(11) DEFAULT NULL,
  `draft` bit(1) DEFAULT NULL,
  `created` datetime DEFAULT NULL,
  `updated` datetime DEFAULT NULL,
  `cts_sh_name` varchar(255) DEFAULT NULL,
  `cts_sh_address_1` varchar(255) DEFAULT NULL,
  `cts_sh_address_2` varchar(255) DEFAULT NULL,
  `cts_sh_address_3` varchar(255) DEFAULT NULL,
  `cts_sh_city` varchar(255) DEFAULT NULL,
  `cts_sh_province` varchar(255) DEFAULT NULL,
  `cts_sh_zip_code` varchar(255) DEFAULT NULL,
  `id_user_created` int(11) DEFAULT NULL,
  `id_user_updated` int(11) DEFAULT NULL
) ENGINE=InnoDB AUTO_INCREMENT=463 DEFAULT CHARSET=latin1;

--
-- Dumping data for table `contact`
--

INSERT INTO `contact` (`id_contact`, `cn_name`, `cts_address_1`, `cts_address_2`, `cts_address_3`, `cts_city`, `cts_province`, `cts_zip_code`, `cts_country`, `cts_phone`, `cts_email`, `cts_vat_code`, `cts_notes`, `cts_type`, `draft`, `created`, `updated`, `cts_sh_name`, `cts_sh_address_1`, `cts_sh_address_2`, `cts_sh_address_3`, `cts_sh_city`, `cts_sh_province`, `cts_sh_zip_code`, `id_user_created`, `id_user_updated`) VALUES
(4, 'Traval Vai (Vietnam) Co. Ltd.', '1870/3G, An Phu Dong 3, Q.12', '', '', 'Ho Chi Minh City', '', '00000', 'Vietnam', '+84 08371199588', 'info@travalvai.com', '1101000791', '', 1, b'0', NULL, '2016-09-19 11:18:17', '', '', '', '', '', '', '', NULL, 1),
(29, '***Barcelona', 'English', 'English', 'English', 'London', '', '', '', '', '', '7000', '', 3, b'0', '2016-08-01 17:55:38', '2016-11-14 19:28:49', 'BCN', 'English', 'English', 'English', '7000', 'LonDon', '', 2, 25),
(68, 'Tex Invest S.L.', 'Molí de la Torre, 107', '', '', 'Badalona', 'Barcelona', '08915', 'Spain', '93-1247599', 'gemma.score@travalvai.com', '40.555.555', '', 2, b'0', '2016-09-19 11:24:37', '2016-09-19 11:24:37', '', '', '', '', '', '', '', 1, 1),
(69, 'Trval Vai (Vietnam) Co. Ltd', '1870/3G, An Phu Dong 3, Q.12', '', '', 'Ho Chi Minh City', '', '', 'Vietnam', '+84 08371199588', 'info@travalvai.com', '1101000791', '', 2, b'0', '2016-09-19 11:27:36', '2016-09-19 11:27:36', '', '', '', '', '', '', '', 1, 1),
(71, 'Xevi (FA)', '', '', '', '', '', '', '', '', '', '00000', 'Factory administrator', 5, b'0', '2016-09-19 12:01:32', '2016-09-19 12:01:59', '', '', '', '', '', '', '', 1, 1),
(72, 'xevi (VN)', '', '', '', '', '', '', '', '', '', '00000', 'Zone administrator - Vietnam', 5, b'0', '2016-09-19 12:04:27', '2016-09-19 12:04:27', '', '', '', '', '', '', '', 1, 1),
(73, 'xevi SP', '', '', '', '', '', '', '', '', '', '000000', 'Zone administrator - SP', 5, b'0', '2016-09-19 12:06:00', '2016-10-05 17:44:17', '', '', '', '', '', '', '', 1, 25),
(74, 'Mekong ''NTO', '33 Nhat Chieu - Tay Ho', '', '', 'Hanoi', '', '', 'Vietnam', '+84 (0) 1644288866', 'info@mekong-nto.com', '0120120', '', 3, b'0', '2016-09-19 12:13:27', '2016-09-19 12:13:27', '', '', '', '', '', '', '', 26, 26),
(75, 'Tex Invest s.l.', 'Molí de la Torre, 107', '', '', 'Badalona', 'Barcelona', '08915', 'Spain', '+34 93 1247599', 'gemma.score@travalvai.com', '404554545', '', 3, b'0', '2016-09-19 12:17:19', '2016-09-19 12:17:48', '', '', '', '', '', '', '', 27, 27),
(76, 'DEPORDIST EBRO, S.L.', 'Javier Palo', 'C/ Condado de Treviño, nº 73, bajo', '', 'Miranda de Ebro', 'Burgos', '09200', 'Spain', '+34 947 105 050', 'comercial@depordist.com', '000000', 'Representant zona Burgos', 3, b'0', '2016-09-19 12:23:57', '2016-09-19 12:23:57', '', '', '', '', '', '', '', 27, 27),
(77, 'UNIVERSO BALONMANO', 'Av. Pablo Iglesias, nº 43, bajo', '', '', 'Gijón', 'Asturias', '33205', 'Spain', '+34 685553535 / 984049877', 'info@universobalonmano.com', '0000', 'Representant Asturies', 3, b'0', '2016-09-19 12:28:08', '2016-10-19 09:04:00', '', '', '', '', '', '', '', 27, 27),
(78, 'Glu Sport. s.l.', 'Francisco Quevedo, 12', '', '', 'Santander', 'Cantabria', '39001', 'Spain', '+34 600 54 34 66', 'glusportsl@hotmail.com', '0000', 'Eduardo\nDistribuidor Cantabria', 3, b'0', '2016-09-19 12:31:54', '2016-09-19 12:31:54', '', '', '', '', '', '', '', 27, 27),
(79, 'Ruben Domenech', 'Maestro Giner, 17', '', '', 'Castelló', 'Castelló', '12004', 'Spain', '+34 644 35 44 97', 'r.domenech@hotmail.com', '0000', 'Representant Castelló', 3, b'0', '2016-09-19 12:35:37', '2016-09-19 12:35:37', '', '', '', '', '', '', '', 27, 27),
(80, 'GESESPORT s.l.', 'C/Pintor Vives, 5', '', '', 'Es Castell', 'Menorca', '07720', 'Spain', '+34 607 81 88 66', 'info@gesesport.es', '00000', 'Representant Balears', 3, b'0', '2016-09-19 12:39:26', '2016-09-19 12:39:26', '', '', '', '', '', '', '', 27, 27),
(82, 'Impulse Promotions Team, s.l.', 'Colmenajero, 1', '', '', 'Villanueva del Pardillo', 'Madrid', '28229', 'Spain', '+34 676 653 385 / 606 062 229', 'anevado@impulsepromotionsteam.com', '0000', 'Alex Nevado y David Serrano', 3, b'0', '2016-09-19 12:44:28', '2016-09-19 12:44:28', '', '', '', '', '', '', '', 27, 27),
(84, '***Cristina', '', '', '', '', '', '', '', '', 'gemma@travalvai.com', '000000', 'Perfil administradora agent  Tex Invest', 5, b'0', '2016-09-20 06:19:07', '2016-11-14 19:36:09', '', '', '', '', '', '', '', 27, 25),
(90, '***Admin', '', '', '', '', '', '', '', '', '', '', '', 5, b'0', '2016-09-30 15:40:24', '2016-11-14 19:37:11', '', '', '', '', '', '', '', 1, 25),
(91, '***MG Admin', '', '', '', '', '', '', '', '', '', '', '', 5, b'0', '2016-09-30 15:42:13', '2016-11-14 19:37:48', '', '', '', '', '', '', '', 31, 25),
(96, 'Traval Vai (VN) Co. Ltd. (Sales)', '', '', '', '', '', '', '', '', '', '', 'Traval Vai for Sales in VN', 3, b'0', '2016-10-07 21:38:18', '2016-10-07 21:38:18', '', '', '', '', '', '', '', 25, 25),
(97, 'Xevi - TVV admin', '', '', '', '', '', '', '', '', '', '', 'Usuari per Traval Vai Vietnam (Sales)', 5, b'0', '2016-10-07 21:47:25', '2016-10-07 21:47:25', '', '', '', '', '', '', '', 26, 26),
(98, 'Guim Valls', '', '', '', '', '', '', '', '', '', '', 'Usuari Mekong NTO', 5, b'0', '2016-10-07 21:48:53', '2016-10-07 21:48:53', '', '', '', '', '', '', '', 26, 26),
(104, '***Alejandro Nevado', '', '', '', '', '', '', '', '', '', '', '', 5, b'0', '2016-10-07 21:58:51', '2016-11-14 19:37:19', '', '', '', '', '', '', '', 25, 25),
(107, 'Gemma Pérez', '', '', '', '', '', '', '', '', '', '', '', 5, b'0', '2016-10-07 22:05:44', '2016-10-07 22:05:44', '', '', '', '', '', '', '', 25, 25),
(108, '***test customer', '', '', '', '', '', '', '', '', '', '', '', 4, b'0', '2016-10-13 15:47:14', '2016-11-14 19:40:33', '', '', '', '', '', '', '', 38, 25),
(118, 'Sergio', '', '', '', 'Zaragoza', '', '', '', '', '', '', '', 3, b'0', '2016-11-11 14:54:48', '2016-11-11 14:54:48', '', '', '', '', '', '', '', 25, 25),
(119, 'Antón', '', '', '', 'Malgrat', '', '', '', '', '', '', '', 3, b'0', '2016-11-11 15:01:26', '2016-11-11 15:01:26', '', '', '', '', '', '', '', 25, 25),
(120, 'Toni', '', '', '', 'Barcelona', '', '', '', '', '', '', '', 3, b'0', '2016-11-11 15:05:45', '2016-11-11 15:05:45', '', '', '', '', '', '', '', 25, 25),
(121, 'Joan', '', '', '', 'Vidrieres', '', '', '', '', '', '', '', 3, b'0', '2016-11-11 15:06:54', '2016-11-11 15:06:54', '', '', '', '', '', '', '', 25, 25),
(122, 'Rafa', '', '', '', 'Barcelona', '', '', '', '', '', '', '', 3, b'0', '2016-11-11 15:09:09', '2016-11-11 15:09:09', '', '', '', '', '', '', '', 25, 25),
(123, 'Genís', '', '', '', 'Tordera', '', '', '', '', '', '', '', 3, b'0', '2016-11-11 15:10:23', '2016-11-11 15:10:23', '', '', '', '', '', '', '', 25, 25),
(124, 'Olivares', '', '', '', 'Alicante', '', '', '', '', '', '', '', 3, b'0', '2016-11-11 15:12:10', '2016-11-11 15:12:10', '', '', '', '', '', '', '', 25, 25),
(125, 'Tete Lara', '', '', '', 'Girona', '', '', '', '', '', '', '', 3, b'0', '2016-11-11 15:13:52', '2016-11-11 15:13:52', '', '', '', '', '', '', '', 25, 25),
(126, 'Javaloy', '', '', '', 'Alicante', '', '', '', '', '', '', '', 3, b'0', '2016-11-11 15:15:20', '2016-11-11 15:15:20', '', '', '', '', '', '', '', 25, 25),
(127, '***Traval Vai (Vietnam) Co. Ltd. (Agent)', '', '', '', '', '', '', '', '', '', '', '', 3, b'0', '2016-11-11 17:42:02', '2016-11-14 19:30:45', '', '', '', '', '', '', '', 25, 25),
(128, '***Traval Vai (Vietnam) Co. Ltd. (Agent)', '', '', '', '', '', '', '', '', '', '', '', 3, b'0', '2016-11-11 17:43:13', '2016-11-14 19:30:50', '', '', '', '', '', '', '', 25, 25),
(129, 'Zone non', '', '', '', '', '', '', '', '', '', '', 'Zone for empty customer numbers', 2, b'0', '2016-11-14 13:24:29', '2016-11-14 13:24:29', '', '', '', '', '', '', '', 25, 25),
(130, 'NON agent', '', '', '', '', '', '', '', '', '', '', '', 3, b'0', '2016-11-14 13:25:12', '2016-11-14 13:25:12', '', '', '', '', '', '', '', 25, 25),
(131, '***1', '', '', '', '', '', '', '', '', '', '', '', 4, b'0', '2016-11-14 13:25:52', '2016-11-14 19:39:01', '', '', '', '', '', '', '', 25, 25),
(132, '1 available', '', '', '', '', '', '', '', '', '', '', '', 4, b'0', '2016-11-14 15:05:59', '2016-11-14 15:47:49', '', '', '', '', '', '', '', 25, 25),
(133, '2 available', '', '', '', '', '', '', '', '', '', '', '', 4, b'0', '2016-11-14 15:18:08', '2016-11-14 15:18:33', '', '', '', '', '', '', '', 25, 25),
(134, '3 available', '', '', '', '', '', '', '', '', '', '', '', 4, b'0', '2016-11-14 15:19:05', '2016-11-14 15:19:05', '', '', '', '', '', '', '', 25, 25),
(135, '4 available', '', '', '', '', '', '', '', '', '', '', '', 4, b'0', '2016-11-14 15:19:40', '2016-11-14 15:19:40', '', '', '', '', '', '', '', 25, 25),
(136, '5 available', '', '', '', '', '', '', '', '', '', '', '', 4, b'0', '2016-11-14 15:20:13', '2016-11-14 15:20:13', '', '', '', '', '', '', '', 25, 25),
(137, '6 available', '', '', '', '', '', '', '', '', '', '', '', 4, b'0', '2016-11-14 15:20:38', '2016-11-14 15:37:40', '', '', '', '', '', '', '', 25, 25),
(138, 'AE Minguella', '', '', '', 'Badalona', '', '', '', '', '', '', '', 4, b'0', '2016-11-14 15:26:11', '2016-11-14 15:26:22', '', '', '', '', '', '', '', 25, 25),
(139, 'CB Montgat', '', '', '', 'Montgat', '', '', '', '', '', '', '', 4, b'0', '2016-11-14 15:30:38', '2016-11-14 15:30:38', '', '', '', '', '', '', '', 25, 25),
(140, 'CB Palafolls', '', '', '', '', '', '', '', '', '', '', '', 4, b'0', '2016-11-14 15:31:56', '2016-11-14 15:31:56', '', '', '', '', '', '', '', 25, 25),
(141, 'CB Sant Josep Badalona', '', '', '', 'Badalona', '', '', '', '', '', '', '', 4, b'0', '2016-11-14 15:32:55', '2016-11-14 15:32:55', '', '', '', '', '', '', '', 25, 25),
(142, 'AE Sant Andreu Natzaret', '', '', '', '', '', '', '', '', '', '', '', 4, b'0', '2016-11-14 15:33:49', '2016-11-14 15:33:49', '', '', '', '', '', '', '', 25, 25),
(143, 'CN Terrassa', '', '', '', 'Terrassa', '', '', '', '', '', '', '', 4, b'0', '2016-11-14 15:36:36', '2016-11-14 15:36:36', '', '', '', '', '', '', '', 25, 25),
(144, 'CB Tiana', '', '', '', '', '', '', '', '', '', '', '', 4, b'0', '2016-11-14 15:37:17', '2016-11-14 15:37:17', '', '', '', '', '', '', '', 25, 25),
(145, '14 available', '', '', '', '', '', '', '', '', '', '', '', 4, b'0', '2016-11-14 15:38:46', '2016-11-14 15:38:46', '', '', '', '', '', '', '', 25, 25),
(146, '15 available', '', '', '', '', '', '', '', '', '', '', '', 4, b'0', '2016-11-14 15:39:27', '2016-11-14 15:39:27', '', '', '', '', '', '', '', 25, 25),
(147, 'CF Badalona', '', '', '', 'Badalona', '', '', '', '', '', '', '', 4, b'0', '2016-11-14 15:40:11', '2016-11-14 15:40:11', '', '', '', '', '', '', '', 25, 25),
(148, '17 available', '', '', '', '', '', '', '', '', '', '', '', 4, b'0', '2016-11-14 15:40:42', '2016-11-14 15:40:42', '', '', '', '', '', '', '', 25, 25),
(149, '18 available', '', '', '', '', '', '', '', '', '', '', '', 4, b'0', '2016-11-14 15:41:11', '2016-11-14 15:41:11', '', '', '', '', '', '', '', 25, 25),
(150, '19 available', '', '', '', '', '', '', '', '', '', '', '', 4, b'0', '2016-11-14 15:41:51', '2016-11-14 15:41:51', '', '', '', '', '', '', '', 25, 25),
(151, '20 available', '', '', '', '', '', '', '', '', '', '', '', 4, b'0', '2016-11-14 15:42:37', '2016-11-14 15:42:37', '', '', '', '', '', '', '', 25, 25),
(152, '21 available', '', '', '', '', '', '', '', '', '', '', '', 4, b'0', '2016-11-14 15:44:33', '2016-11-14 15:44:33', '', '', '', '', '', '', '', 25, 25),
(153, '22 available', '', '', '', '', '', '', '', '', '', '', '', 4, b'0', '2016-11-14 15:44:57', '2016-11-14 15:44:57', '', '', '', '', '', '', '', 25, 25),
(154, 'UE Sant Joan Montcada', '', '', '', '', '', '', '', '', '', '', '', 4, b'0', '2016-11-14 15:46:17', '2016-11-14 15:46:17', '', '', '', '', '', '', '', 25, 25),
(155, 'Olimaja', '', '', '', '', '', '', '', '', '', '', '', 4, b'0', '2016-11-14 15:46:55', '2016-11-14 15:46:55', '', '', '', '', '', '', '', 25, 25),
(156, '25 available', '', '', '', '', '', '', '', '', '', '', '', 4, b'0', '2016-11-14 15:47:29', '2016-11-14 15:47:29', '', '', '', '', '', '', '', 25, 25),
(157, '26 available', '', '', '', '', '', '', '', '', '', '', '', 4, b'0', '2016-11-14 15:48:28', '2016-11-14 15:48:28', '', '', '', '', '', '', '', 25, 25),
(158, 'CE Pla den Boet', '', '', '', 'Mataró', 'BCN', '', 'Espanya', '', '', '', '', 4, b'0', '2016-11-14 15:50:26', '2016-11-14 15:50:26', '', '', '', '', '', '', '', 25, 25),
(159, '28 available', '', '', '', '', '', '', '', '', '', '', '', 4, b'0', '2016-11-14 15:51:01', '2016-11-14 15:51:01', '', '', '', '', '', '', '', 25, 25),
(160, '29 available', '', '', '', '', '', '', '', '', '', '', '', 4, b'0', '2016-11-14 15:51:21', '2016-11-14 15:51:21', '', '', '', '', '', '', '', 25, 25),
(161, 'AE Futsal Tiana', '', '', '', '', '', '', '', '', '', '', '', 4, b'0', '2016-11-14 15:52:11', '2016-11-14 15:52:11', '', '', '', '', '', '', '', 25, 25),
(162, '31 available', '', '', '', '', '', '', '', '', '', '', '', 4, b'0', '2016-11-14 15:52:44', '2016-11-14 15:52:44', '', '', '', '', '', '', '', 25, 25),
(163, '32 available', '', '', '', '', '', '', '', '', '', '', '', 4, b'0', '2016-11-14 15:53:17', '2016-11-14 15:53:17', '', '', '', '', '', '', '', 25, 25),
(164, 'Hanoi Drink Club', '', '', '', 'Hanoi', '', '', '', '', '', '', '', 4, b'0', '2016-11-14 16:10:38', '2016-11-14 16:30:57', '', '', '', '', '', '', '', 25, 25),
(165, '34 available', '', '', '', '', '', '', '', '', '', '', '', 4, b'0', '2016-11-14 16:11:15', '2016-11-14 16:11:15', '', '', '', '', '', '', '', 25, 25),
(166, '35 available', '', '', '', '', '', '', '', '', '', '', '', 4, b'0', '2016-11-14 16:11:39', '2016-11-14 16:11:39', '', '', '', '', '', '', '', 25, 25),
(167, '36 available', '', '', '', '', '', '', '', '', '', '', '', 4, b'0', '2016-11-14 16:12:04', '2016-11-14 16:12:04', '', '', '', '', '', '', '', 25, 25),
(168, '37 available', '', '', '', '', '', '', '', '', '', '', '', 4, b'0', '2016-11-14 16:12:58', '2016-11-14 16:12:58', '', '', '', '', '', '', '', 25, 25),
(169, '38 available', '', '', '', '', '', '', '', '', '', '', '', 4, b'0', '2016-11-14 16:13:24', '2016-11-14 16:13:24', '', '', '', '', '', '', '', 25, 25),
(170, 'ASME Handball i Basquet', '', '', '', '', '', '', '', '', '', '', '', 4, b'0', '2016-11-14 16:15:17', '2016-11-14 16:17:30', '', '', '', '', '', '', '', 25, 25),
(171, 'ASME Hoquei', '', '', '', '', '', '', '', '', '', '', '', 4, b'0', '2016-11-14 16:17:05', '2016-11-14 16:17:05', '', '', '', '', '', '', '', 25, 25),
(172, 'Hoquei Banyoles', '', '', '', 'Banyoles', '', '', '', '', '', '', '', 4, b'0', '2016-11-14 16:18:26', '2016-11-14 16:18:26', '', '', '', '', '', '', '', 25, 25),
(173, '42 available', '', '', '', '', '', '', '', '', '', '', '', 4, b'0', '2016-11-14 16:20:16', '2016-11-14 16:20:16', '', '', '', '', '', '', '', 25, 25),
(174, '43 available', '', '', '', '', '', '', '', '', '', '', '', 4, b'0', '2016-11-14 16:20:38', '2016-11-14 16:20:38', '', '', '', '', '', '', '', 25, 25),
(175, '44 available', '', '', '', '', '', '', '', '', '', '', '', 4, b'0', '2016-11-14 16:20:55', '2016-11-14 16:20:55', '', '', '', '', '', '', '', 25, 25),
(176, '45 available', '', '', '', '', '', '', '', '', '', '', '', 4, b'0', '2016-11-14 16:21:58', '2016-11-14 16:21:58', '', '', '', '', '', '', '', 25, 25),
(177, '46 available', '', '', '', '', '', '', '', '', '', '', '', 4, b'0', '2016-11-14 16:22:20', '2016-11-14 16:22:20', '', '', '', '', '', '', '', 25, 25),
(178, '47 available', '', '', '', '', '', '', '', '', '', '', '', 4, b'0', '2016-11-14 16:22:42', '2016-11-14 16:22:42', '', '', '', '', '', '', '', 25, 25),
(179, 'FedEx', '', '', '', '', '', '', '', '', '', '', '', 4, b'0', '2016-11-14 16:23:12', '2016-11-14 19:51:35', '', '', '', '', '', '', '', 25, 25),
(180, 'BRACAP', '', '', '', '', '', '', '', '', '', '', '', 4, b'0', '2016-11-14 16:26:06', '2016-11-14 16:36:27', '', '', '', '', '', '', '', 25, 25),
(181, '51 available', '', '', '', '', '', '', '', '', '', '', '', 4, b'0', '2016-11-14 16:37:42', '2016-11-14 16:37:42', '', '', '', '', '', '', '', 25, 25),
(182, '52 available', '', '', '', '', '', '', '', '', '', '', '', 4, b'0', '2016-11-14 16:38:07', '2016-11-14 16:38:07', '', '', '', '', '', '', '', 25, 25),
(183, '53 available', '', '', '', '', '', '', '', '', '', '', '', 4, b'0', '2016-11-14 16:38:34', '2016-11-14 16:38:34', '', '', '', '', '', '', '', 25, 25),
(184, '54 available', '', '', '', '', '', '', '', '', '', '', '', 4, b'0', '2016-11-14 16:39:02', '2016-11-14 16:39:02', '', '', '', '', '', '', '', 25, 25),
(185, '55 available', '', '', '', '', '', '', '', '', '', '', '', 4, b'0', '2016-11-14 16:39:25', '2016-11-14 16:39:25', '', '', '', '', '', '', '', 25, 25),
(186, '56 available', '', '', '', '', '', '', '', '', '', '', '', 4, b'0', '2016-11-14 16:40:04', '2016-11-14 16:40:04', '', '', '', '', '', '', '', 25, 25),
(187, '57 available', '', '', '', '', '', '', '', '', '', '', '', 4, b'0', '2016-11-14 16:40:54', '2016-11-14 16:40:54', '', '', '', '', '', '', '', 25, 25),
(188, 'Seabornes', '', '', '', '', '', '', '', '', '', '', '', 4, b'0', '2016-11-14 16:41:50', '2016-11-14 16:41:50', '', '', '', '', '', '', '', 25, 25),
(189, '59 available', '', '', '', '', '', '', '', '', '', '', '', 4, b'0', '2016-11-14 16:42:59', '2016-11-14 16:42:59', '', '', '', '', '', '', '', 25, 25),
(190, '60 available', '', '', '', '', '', '', '', '', '', '', '', 4, b'0', '2016-11-14 16:43:21', '2016-11-14 16:43:21', '', '', '', '', '', '', '', 25, 25),
(191, '61 available', '', '', '', '', '', '', '', '', '', '', '', 4, b'0', '2016-11-14 16:44:08', '2016-11-14 16:44:08', '', '', '', '', '', '', '', 25, 25),
(192, '62 available', '', '', '', '', '', '', '', '', '', '', '', 4, b'0', '2016-11-14 16:44:46', '2016-11-14 16:44:46', '', '', '', '', '', '', '', 25, 25),
(193, 'Voluntaris Badalona', '', '', '', '', '', '', '', '', '', '', '', 4, b'0', '2016-11-14 16:45:40', '2016-11-14 16:45:40', '', '', '', '', '', '', '', 25, 25),
(194, '46 available', '', '', '', '', '', '', '', '', '', '', '', 4, b'0', '2016-11-14 16:46:25', '2016-11-14 16:46:25', '', '', '', '', '', '', '', 25, 25),
(195, 'ISHCMC', '', '', '', '', '', '', '', '', '', '', '', 4, b'0', '2016-11-14 16:47:44', '2016-11-14 16:47:44', '', '', '', '', '', '', '', 25, 25),
(196, 'RMIT Saigon', '', '', '', 'Saigon', '', '', '', '', '', '', '', 4, b'0', '2016-11-14 16:49:00', '2016-11-14 16:50:54', '', '', '', '', '', '', '', 25, 25),
(197, '67 available', '', '', '', '', '', '', '', '', '', '', '', 4, b'0', '2016-11-14 16:49:51', '2016-11-14 16:49:51', '', '', '', '', '', '', '', 25, 25),
(198, 'BIS Saigon', '', '', '', 'Saigon', '', '', '', '', '', '', '', 4, b'0', '2016-11-14 16:50:36', '2016-11-14 16:50:36', '', '', '', '', '', '', '', 25, 25),
(199, 'AEE Col.legi Cultural', '', '', '', '', '', '', '', '', '', '', '', 4, b'0', '2016-11-14 16:52:15', '2016-11-14 16:52:15', '', '', '', '', '', '', '', 25, 25),
(200, 'Tenis Raco', '', '', '', '', '', '', '', '', '', '', '', 4, b'0', '2016-11-14 16:53:02', '2016-11-14 16:53:02', '', '', '', '', '', '', '', 25, 25),
(201, 'Volei Platja Montgat', '', '', '', 'Montgat', '', '', '', '', '', '', '', 4, b'0', '2016-11-14 16:53:50', '2016-11-14 16:53:50', '', '', '', '', '', '', '', 25, 25),
(202, 'Club Volei Tiana', '', '', '', 'Tiana', '', '', '', '', '', '', '', 4, b'0', '2016-11-14 16:56:15', '2016-11-14 16:56:15', '', '', '', '', '', '', '', 25, 25),
(203, '73 available', '', '', '', '', '', '', '', '', '', '', '', 4, b'0', '2016-11-14 16:57:08', '2016-11-14 16:57:08', '', '', '', '', '', '', '', 25, 25),
(204, '74 available', '', '', '', '', '', '', '', '', '', '', '', 4, b'0', '2016-11-14 17:04:28', '2016-11-14 17:04:28', '', '', '', '', '', '', '', 25, 25),
(205, '75 available', '', '', '', '', '', '', '', '', '', '', '', 4, b'0', '2016-11-14 17:05:27', '2016-11-14 17:05:27', '', '', '', '', '', '', '', 25, 25),
(206, '76 available', '', '', '', '', '', '', '', '', '', '', '', 4, b'0', '2016-11-14 17:06:03', '2016-11-14 17:06:03', '', '', '', '', '', '', '', 25, 25),
(207, 'The American School - TAS', '', '', '', 'Ho Chi Minh', '', '', '', '', '', '', '', 4, b'0', '2016-11-14 17:06:42', '2016-11-14 19:41:41', '', '', '', '', '', '', '', 25, 25),
(208, '78 available', '', '', '', '', '', '', '', '', '', '', '', 4, b'0', '2016-11-14 17:07:12', '2016-11-14 17:07:12', '', '', '', '', '', '', '', 25, 25),
(209, 'Ramsay Mc Donald', '', '', '', '', '', '', '', '', '', '', '', 4, b'0', '2016-11-14 17:08:20', '2016-11-14 17:08:20', '', '', '', '', '', '', '', 25, 25),
(210, 'UGE Badalona', '', '', '', 'Badalona', '', '', '', '', '', '', '', 4, b'0', '2016-11-14 17:10:56', '2016-11-14 17:10:56', '', '', '', '', '', '', '', 25, 25),
(211, '81 available', '', '', '', '', '', '', '', '', '', '', '', 4, b'0', '2016-11-14 17:11:31', '2016-11-14 17:11:31', '', '', '', '', '', '', '', 25, 25),
(212, 'DHT', '', '', '', '', '', '', '', '', '', '', '', 4, b'0', '2016-11-14 17:12:24', '2016-11-14 17:12:24', '', '', '', '', '', '', '', 25, 25),
(213, '82 available', '', '', '', '', '', '', '', '', '', '', '', 4, b'0', '2016-11-14 17:13:25', '2016-11-14 17:13:25', '', '', '', '', '', '', '', 25, 25),
(214, '84 available', '', '', '', '', '', '', '', '', '', '', '', 4, b'0', '2016-11-14 17:13:58', '2016-11-14 17:13:58', '', '', '', '', '', '', '', 25, 25),
(215, 'Footvia', '', '', '', '', '', '', '', '', '', '', '', 4, b'0', '2016-11-14 17:14:45', '2016-11-14 17:14:45', '', '', '', '', '', '', '', 25, 25),
(216, 'Tecnotennis', '', '', '', '', '', '', '', '', '', '', '', 4, b'0', '2016-11-14 17:15:31', '2016-11-14 17:15:31', '', '', '', '', '', '', '', 25, 25),
(217, 'PCC', '', '', '', '', '', '', '', '', '', '', '', 4, b'0', '2016-11-14 17:16:17', '2016-11-14 17:16:17', '', '', '', '', '', '', '', 25, 25),
(218, 'CV Mataró', '', '', '', 'Mataró', '', '', '', '', '', '', '', 4, b'0', '2016-11-14 17:18:37', '2016-11-14 17:18:37', '', '', '', '', '', '', '', 25, 25),
(219, 'Basquet Draft Gramanet', '', '', '', '', '', '', '', '', '', '', '', 4, b'0', '2016-11-14 17:34:19', '2016-11-14 17:34:19', '', '', '', '', '', '', '', 25, 25),
(220, '90 available', '', '', '', '', '', '', '', '', '', '', '', 4, b'0', '2016-11-14 17:35:39', '2016-11-14 17:35:39', '', '', '', '', '', '', '', 25, 25),
(221, 'Ceissa Sant Andreu', '', '', '', '', '', '', '', '', '', '', '', 4, b'0', '2016-11-14 17:36:13', '2016-11-14 17:36:13', '', '', '', '', '', '', '', 25, 25),
(222, 'Escacs Sant Josep', '', '', '', '', '', '', '', '', '', '', '', 4, b'0', '2016-11-14 17:37:16', '2016-11-14 17:37:16', '', '', '', '', '', '', '', 25, 25),
(223, '93 available', '', '', '', '', '', '', '', '', '', '', '', 4, b'0', '2016-11-14 17:41:58', '2016-11-14 17:41:58', '', '', '', '', '', '', '', 25, 25),
(224, '94 available', '', '', '', '', '', '', '', '', '', '', '', 4, b'0', '2016-11-14 17:43:24', '2016-11-14 17:43:24', '', '', '', '', '', '', '', 25, 25),
(225, '95 available', '', '', '', '', '', '', '', '', '', '', '', 4, b'0', '2016-11-14 17:43:52', '2016-11-14 17:43:52', '', '', '', '', '', '', '', 25, 25),
(226, 'Futsal Iris Badalona', '', '', '', 'Badalona', '', '', '', '', '', '', '', 4, b'0', '2016-11-14 17:44:45', '2016-11-14 17:44:45', '', '', '', '', '', '', '', 25, 25),
(227, 'Corazonistas', '', '', '', '', '', '', '', '', '', '', '', 4, b'0', '2016-11-14 17:45:39', '2016-11-14 17:45:39', '', '', '', '', '', '', '', 25, 25),
(228, 'Ultimate Mifune', '', '', '', '', '', '', '', '', '', '', '', 4, b'0', '2016-11-14 17:47:12', '2016-11-14 17:47:12', '', '', '', '', '', '', '', 25, 25),
(229, 'Federació Catalana Criquet', '', '', '', '', '', '', '', '', '', '', '', 4, b'0', '2016-11-14 17:48:36', '2016-11-14 17:48:36', '', '', '', '', '', '', '', 25, 25),
(230, 'BVIS Saigon', '', '', '', 'Saigon', '', '', '', '', '', '', '', 4, b'0', '2016-11-14 17:49:33', '2016-11-14 17:49:33', '', '', '', '', '', '', '', 25, 25),
(231, '101 available', '', '', '', '', '', '', '', '', '', '', '', 4, b'0', '2016-11-14 17:50:11', '2016-11-14 17:50:11', '', '', '', '', '', '', '', 25, 25),
(232, 'Concordia School', '', '', '', '', '', '', '', '', '', '', '', 4, b'0', '2016-11-14 17:51:16', '2016-11-14 17:51:16', '', '', '', '', '', '', '', 25, 25),
(233, 'Ademar Sarau', '', '', '', '', '', '', '', '', '', '', '', 4, b'0', '2016-11-14 17:52:06', '2016-11-14 17:52:06', '', '', '', '', '', '', '', 25, 25),
(234, 'UNIS', '', '', '', '', '', '', '', '', '', '', '', 4, b'0', '2016-11-14 17:52:54', '2016-11-14 17:52:54', '', '', '', '', '', '', '', 25, 25),
(235, 'Basquet Gallagher''s', '', '', '', '', '', '', '', '', '', '', '', 4, b'0', '2016-11-14 17:54:34', '2016-11-14 17:54:34', '', '', '', '', '', '', '', 25, 25),
(236, 'Maristes Ademar Badalona', '', '', '', 'Badalona', '', '', '', '', '', '', '', 4, b'0', '2016-11-14 17:55:34', '2016-11-14 17:55:34', '', '', '', '', '', '', '', 25, 25),
(237, '107 available', '', '', '', '', '', '', '', '', '', '', '', 4, b'0', '2016-11-14 17:56:37', '2016-11-14 17:56:37', '', '', '', '', '', '', '', 25, 25),
(238, 'MINSK', '', '', '', '', '', '', '', '', '', '', '', 4, b'0', '2016-11-14 17:58:17', '2016-11-14 17:58:17', '', '', '', '', '', '', '', 25, 25),
(239, 'CV Premià de Dalt', '', '', '', 'Premià de Dalt', '', '', '', '', '', '', '', 4, b'0', '2016-11-14 18:00:13', '2016-11-14 18:00:13', '', '', '', '', '', '', '', 25, 25),
(240, '110 available', '', '', '', '', '', '', '', '', '', '', '', 4, b'0', '2016-11-14 18:02:38', '2016-11-14 18:03:41', '', '', '', '', '', '', '', 25, 25),
(241, 'MTB Castellón', '', '', '', '', '', '', '', '', '', '', '', 4, b'0', '2016-11-14 18:04:31', '2016-11-14 18:04:31', '', '', '', '', '', '', '', 25, 25),
(242, 'BUKKET Tiana', '', '', '', 'Tiana', '', '', '', '', '', '', '', 4, b'0', '2016-11-14 18:05:45', '2016-11-14 18:05:45', '', '', '', '', '', '', '', 25, 25),
(243, '113 available', '', '', '', '', '', '', '', '', '', '', '', 4, b'0', '2016-11-14 18:06:13', '2016-11-14 18:06:13', '', '', '', '', '', '', '', 25, 25),
(244, 'Belgrado', '', '', '', '', '', '', '', '', '', '', '', 4, b'0', '2016-11-14 18:06:47', '2016-11-14 18:06:47', '', '', '', '', '', '', '', 25, 25),
(245, '115 available', '', '', '', '', '', '', '', '', '', '', '', 4, b'0', '2016-11-14 18:07:23', '2016-11-14 18:07:23', '', '', '', '', '', '', '', 25, 25),
(246, 'Atletisme Kanaletes', '', '', '', '', '', '', '', '', '', '', '', 4, b'0', '2016-11-15 14:42:48', '2016-11-15 14:42:48', '', '', '', '', '', '', '', 25, 25),
(247, 'Ultimate Sabadell', '', '', '', 'Sabadell', '', '', '', '', '', '', '', 4, b'0', '2016-11-15 14:43:31', '2016-11-15 14:43:31', '', '', '', '', '', '', '', 25, 25),
(248, 'Hanoi International School HIS', '', '', '', '', '', '', '', '', '', '', '', 4, b'0', '2016-11-15 14:45:17', '2016-11-15 14:45:17', '', '', '', '', '', '', '', 25, 25),
(249, 'Ipsi (BCN)', '', '', '', '', '', '', '', '', '', '', '', 4, b'0', '2016-11-15 14:46:57', '2016-11-15 14:46:57', '', '', '', '', '', '', '', 25, 25),
(250, 'ISSP', '', '', '', '', '', '', '', '', '', '', '', 4, b'0', '2016-11-15 14:47:37', '2016-11-15 14:47:37', '', '', '', '', '', '', '', 25, 25),
(251, 'Club Ciclista Blanes', '', '', '', 'Blanes', '', '', '', '', '', '', '', 4, b'0', '2016-11-15 14:48:58', '2016-11-15 14:48:58', '', '', '', '', '', '', '', 25, 25),
(252, '22 available', '', '', '', '', '', '', '', '', '', '', '', 4, b'0', '2016-11-15 14:49:58', '2016-11-15 14:50:05', '', '', '', '', '', '', '', 25, 25),
(253, '23 available', '', '', '', '', '', '', '', '', '', '', '', 4, b'0', '2016-11-15 14:51:11', '2016-11-15 14:51:11', '', '', '', '', '', '', '', 25, 25),
(254, 'Padel ADT', '', '', '', '', '', '', '', '', '', '', '', 4, b'0', '2016-11-15 14:52:01', '2016-11-15 14:52:01', '', '', '', '', '', '', '', 25, 25),
(255, 'Campus Elite Jove', '', '', '', '', '', '', '', '', '', '', '', 4, b'0', '2016-11-15 14:55:41', '2016-11-15 14:55:41', '', '', '', '', '', '', '', 25, 25),
(256, '26 available', '', '', '', '', '', '', '', '', '', '', '', 4, b'0', '2016-11-15 14:57:47', '2016-11-15 14:57:47', '', '', '', '', '', '', '', 25, 25),
(257, '27 available', '', '', '', '', '', '', '', '', '', '', '', 4, b'0', '2016-11-15 14:58:04', '2016-11-15 14:58:04', '', '', '', '', '', '', '', 25, 25),
(258, '28 available', '', '', '', '', '', '', '', '', '', '', '', 4, b'0', '2016-11-15 14:58:25', '2016-11-15 14:58:25', '', '', '', '', '', '', '', 25, 25),
(259, 'New Borns', '', '', '', '', '', '', '', '', '', '', '', 4, b'0', '2016-11-15 14:59:10', '2016-11-15 14:59:10', '', '', '', '', '', '', '', 25, 25),
(260, 'Saigon Handball Club SHBC', '', '', '', 'Saigon', '', '', '', '', '', '', '', 4, b'0', '2016-11-15 15:01:19', '2016-11-15 15:01:19', '', '', '', '', '', '', '', 25, 25),
(261, 'ATC Sant Pol', '', '', '', '', '', '', '', '', '', '', '', 4, b'0', '2016-11-15 15:02:43', '2016-11-15 15:02:43', '', '', '', '', '', '', '', 25, 25),
(262, 'Arbitres Sense Fronteres', '', '', '', '', '', '', '', '', '', '', '', 4, b'0', '2016-11-15 15:11:14', '2016-11-15 15:11:14', '', '', '', '', '', '', '', 25, 25),
(263, 'Campus Luci Pascua', '', '', '', '', '', '', '', '', '', '', '', 4, b'0', '2016-11-15 15:20:02', '2016-11-15 15:20:02', '', '', '', '', '', '', '', 25, 25),
(264, 'TNM (Miquel)', '', '', '', '', '', '', '', '', '', '', '', 4, b'0', '2016-11-15 15:21:55', '2016-11-15 15:21:55', '', '', '', '', '', '', '', 25, 25),
(265, 'Hanoi Nat Sport Training Centre', '', '', '', 'Hanoi', '', '', '', '', '', '', '', 4, b'0', '2016-11-15 15:25:34', '2016-11-15 15:25:34', '', '', '', '', '', '', '', 25, 25),
(266, 'Velo Brands (UK)', '', '', '', '', '', '', '', '', '', '', '', 4, b'0', '2016-11-15 15:26:20', '2016-11-15 15:26:20', '', '', '', '', '', '', '', 25, 25),
(267, 'Duy Tien High School A1', '', '', '', '', '', '', '', '', '', '', '', 4, b'0', '2016-11-15 15:27:48', '2016-11-15 15:27:48', '', '', '', '', '', '', '', 25, 25),
(268, 'CF Roses', '', '', '', 'Roses', '', '', '', '', '', '', '', 4, b'0', '2016-11-15 15:28:32', '2016-11-15 15:28:32', '', '', '', '', '', '', '', 25, 25),
(269, 'Festo Futsal', '', '', '', '', '', '', '', '', '', '', '', 4, b'0', '2016-11-15 15:29:46', '2016-11-15 15:29:46', '', '', '', '', '', '', '', 25, 25),
(270, 'SSIS', '', '', '', '', '', '', '', '', '', '', '', 4, b'0', '2016-11-15 15:30:40', '2016-11-15 15:30:40', '', '', '', '', '', '', '', 25, 25),
(271, 'Fedaració Catalana Futsal', '', '', '', '', '', '', '', '', '', '', '', 4, b'0', '2016-11-15 15:33:41', '2016-11-15 15:33:41', '', '', '', '', '', '', '', 25, 25),
(272, 'Ta Lai Adventures', '', '', '', '', '', '', '', '', '', '', '', 4, b'0', '2016-11-15 15:37:29', '2016-11-15 15:37:29', '', '', '', '', '', '', '', 25, 25),
(273, 'Hanoi Japanese Swim Club - HJSC', '', '', '', 'Hanoi', '', '', '', '', '', '', '', 4, b'0', '2016-11-15 15:38:55', '2016-11-15 15:38:55', '', '', '', '', '', '', '', 25, 25),
(274, 'UE Tossa', '', '', '', 'Tosaa', '', '', '', '', '', '', '', 4, b'0', '2016-11-15 15:39:58', '2016-11-15 15:40:03', '', '', '', '', '', '', '', 25, 25),
(275, 'Jack Daniels', '', '', '', '', '', '', '', '', '', '', '', 4, b'0', '2016-11-15 15:40:58', '2016-11-15 15:40:58', '', '', '', '', '', '', '', 25, 25),
(276, 'BES Hanoi', '', '', '', 'Hanoi', '', '', '', '', '', '', '', 4, b'0', '2016-11-15 15:42:36', '2016-11-15 15:42:36', '', '', '', '', '', '', '', 25, 25),
(277, 'Escola Montcada', '', '', '', '', '', '', '', '', '', '', '', 4, b'0', '2016-11-15 15:44:24', '2016-11-15 15:44:24', '', '', '', '', '', '', '', 25, 25),
(278, 'Liz', '', '', '', '', '', '', '', '', '', '', '', 4, b'0', '2016-11-15 15:45:29', '2016-11-15 15:45:29', '', '', '', '', '', '', '', 25, 25),
(279, 'Basquet Cabanes', '', '', '', '', '', '', '', '', '', '', '', 4, b'0', '2016-11-15 15:47:48', '2016-11-15 15:47:48', '', '', '', '', '', '', '', 25, 25),
(280, 'Campus Benicarlo', '', '', '', '', '', '', '', '', '', '', '', 4, b'0', '2016-11-15 15:48:41', '2016-11-15 15:48:41', '', '', '', '', '', '', '', 25, 25),
(281, 'Nou Basquet Castelló', '', '', '', '', '', '', '', '', '', '', '', 4, b'0', '2016-11-15 15:49:27', '2016-11-15 15:49:27', '', '', '', '', '', '', '', 25, 25),
(282, 'Le Fruit - Dong', '', '', '', '', '', '', '', '', '', '', '', 4, b'0', '2016-11-15 15:51:47', '2016-11-15 15:51:47', '', '', '', '', '', '', '', 25, 25),
(283, 'SVAT', '', '', '', '', '', '', '', '', '', '', '', 4, b'0', '2016-11-15 15:53:24', '2016-11-15 15:53:24', '', '', '', '', '', '', '', 25, 25),
(284, 'Aun Thun', '', '', '', '', '', '', '', '', '', '', '', 4, b'0', '2016-11-15 16:00:59', '2016-11-15 16:00:59', '', '', '', '', '', '', '', 25, 25),
(285, 'DS Barnus', '', '', '', '', '', '', '', '', '', '', '', 4, b'0', '2016-11-15 16:02:08', '2016-11-15 16:02:08', '', '', '', '', '', '', '', 25, 25),
(286, 'UB Llefia', '', '', '', '', '', '', '', '', '', '', '', 4, b'0', '2016-11-15 16:02:57', '2016-11-15 16:02:57', '', '', '', '', '', '', '', 25, 25),
(287, 'AE La Salut Pere Gol', '', '', '', '', '', '', '', '', '', '', '', 4, b'0', '2016-11-15 16:03:43', '2016-11-15 16:03:43', '', '', '', '', '', '', '', 25, 25),
(288, 'Primer Toque CF', '', '', '', '', '', '', '', '', '', '', '', 4, b'0', '2016-11-15 16:04:46', '2016-11-15 16:04:46', '', '', '', '', '', '', '', 25, 25),
(289, 'Club Bellavista Milan', '', '', '', '', '', '', '', '', '', '', '', 4, b'0', '2016-11-15 16:05:28', '2016-11-15 16:05:28', '', '', '', '', '', '', '', 25, 25),
(290, 'Barcelona Basket Academy', '', '', '', 'Barcelona', '', '', '', '', '', '', '', 4, b'0', '2016-11-15 16:06:18', '2016-11-15 16:06:18', '', '', '', '', '', '', '', 25, 25),
(291, 'CB Jovent Alaior', '', '', '', '', '', '', '', '', '', '', '', 4, b'0', '2016-11-15 16:13:11', '2016-11-15 16:13:11', '', '', '', '', '', '', '', 25, 25),
(292, 'Gem Mataró', '', '', '', '', '', '', '', '', '', '', '', 4, b'0', '2016-11-15 16:13:46', '2016-11-15 16:13:46', '', '', '', '', '', '', '', 25, 25),
(293, 'Bad News Burns', '', '', '', '', '', '', '', '', '', '', '', 4, b'0', '2016-11-15 16:15:00', '2016-11-15 16:15:00', '', '', '', '', '', '', '', 25, 25),
(294, 'Balonmano Elda Prestigio', '', '', '', '', '', '', '', '', '', '', '', 4, b'0', '2016-11-15 16:16:43', '2016-11-15 16:16:43', '', '', '', '', '', '', '', 25, 25),
(295, 'Torneig El Bressol', '', '', '', '', '', '', '', '', '', '', '', 4, b'0', '2016-11-15 16:17:32', '2016-11-15 16:17:32', '', '', '', '', '', '', '', 25, 25),
(296, 'AE Fornells', '', '', '', '', '', '', '', '', '', '', '', 4, b'0', '2016-11-15 16:23:22', '2016-11-15 16:23:22', '', '', '', '', '', '', '', 25, 25),
(297, 'Hanoi Ultimate', '', '', '', 'Hanoi', '', '', '', '', '', '', '', 4, b'0', '2016-11-15 16:24:17', '2016-11-15 16:24:17', '', '', '', '', '', '', '', 25, 25),
(298, 'Chapeau (UK)', '', '', '', '', '', '', '', '', '', '', '', 4, b'0', '2016-11-15 16:25:00', '2016-11-15 16:25:00', '', '', '', '', '', '', '', 25, 25),
(299, 'Corre o Derrama', '', '', '', '', '', '', '', '', '', '', '', 4, b'0', '2016-11-15 16:27:39', '2016-11-15 16:27:39', '', '', '', '', '', '', '', 25, 25),
(300, 'Amics del Bàsquet Castelló', '', '', '', '', '', '', '', '', '', '', '', 4, b'0', '2016-11-15 16:29:02', '2016-11-15 16:29:02', '', '', '', '', '', '', '', 25, 25),
(301, 'Crossfit Tay Ho', '', '', '', '', '', '', '', '', '', '', '', 4, b'0', '2016-11-15 16:30:15', '2016-11-15 16:30:15', '', '', '', '', '', '', '', 25, 25),
(302, 'Trobz', '', '', '', '', '', '', '', '', '', '', '', 4, b'0', '2016-11-15 16:30:49', '2016-11-15 16:30:49', '', '', '', '', '', '', '', 25, 25),
(303, '173 available', '', '', '', '', '', '', '', '', '', '', '', 4, b'0', '2016-11-15 16:31:31', '2016-11-15 16:31:31', '', '', '', '', '', '', '', 25, 25),
(304, 'Handbol Almassora', '', '', '', '', '', '', '', '', '', '', '', 4, b'0', '2016-11-15 16:32:36', '2016-11-15 16:32:36', '', '', '', '', '', '', '', 25, 25),
(305, 'CIS', '', '', '', '', '', '', '', '', '', '', '', 4, b'0', '2016-11-15 16:33:05', '2016-11-15 16:33:05', '', '', '', '', '', '', '', 25, 25),
(306, 'CN Sant Andreu', '', '', '', 'Sant Andreu', '', '', '', '', '', '', '', 4, b'0', '2016-11-15 16:41:38', '2016-11-15 16:41:38', '', '', '', '', '', '', '', 25, 25),
(307, 'Rainbow Divers', '', '', '', '', '', '', '', '', '', '', '', 4, b'0', '2016-11-15 16:42:27', '2016-11-15 16:42:27', '', '', '', '', '', '', '', 25, 25),
(308, 'IBS', '', '', '', '', '', '', '', '', '', '', '', 4, b'0', '2016-11-15 16:42:51', '2016-11-15 16:42:51', '', '', '', '', '', '', '', 25, 25),
(309, 'Club Arenys Bàsquet', '', '', '', 'Arenys', '', '', '', '', '', '', '', 4, b'0', '2016-11-15 16:44:06', '2016-11-16 13:35:57', '', '', '', '', '', '', '', 25, 25),
(310, 'Deportivo Retamar', '', '', '', '', '', '', '', '', '', '', '', 4, b'0', '2016-11-15 16:44:48', '2016-11-16 13:44:05', '', '', '', '', '', '', '', 25, 25),
(311, 'Basquet Escudero', '', '', '', '', '', '', '', '', '', '', '', 4, b'0', '2016-11-15 16:46:42', '2016-11-16 13:44:59', '', '', '', '', '', '', '', 25, 25),
(312, 'CB Benicarlo', '', '', '', '', '', '', '', '', '', '', '', 4, b'0', '2016-11-15 16:47:26', '2016-11-16 13:45:43', '', '', '', '', '', '', '', 25, 25),
(313, 'CB Vic', '', '', '', '', '', '', '', '', '', '', '', 4, b'0', '2016-11-15 16:48:21', '2016-11-16 13:46:25', '', '', '', '', '', '', '', 25, 25),
(314, 'Barcelona Lleure', '', '', '', '', '', '', '', '', '', '', '', 4, b'0', '2016-11-15 16:49:51', '2016-11-16 13:47:00', '', '', '', '', '', '', '', 25, 25),
(315, 'Ribes', '', '', '', '', '', '', '', '', '', '', '', 4, b'0', '2016-11-15 16:51:08', '2016-11-16 13:48:22', '', '', '', '', '', '', '', 25, 25),
(316, 'ASME Staff', '', '', '', '', '', '', '', '', '', '', '', 4, b'0', '2016-11-15 16:53:06', '2016-11-16 13:49:08', '', '', '', '', '', '', '', 25, 25),
(317, 'Club Futbol TSI', '', '', '', '', '', '', '', '', '', '', '', 4, b'0', '2016-11-15 16:53:49', '2016-11-16 13:50:02', '', '', '', '', '', '', '', 25, 25),
(318, 'Barcelona Pro Basquet', '', '', '', 'Barcelona', '', '', '', '', '', '', '', 4, b'0', '2016-11-15 16:54:34', '2016-11-16 13:51:33', '', '', '', '', '', '', '', 25, 25),
(319, 'Balonmano Bardenas', '', '', '', '', '', '', '', '', '', '', '', 4, b'0', '2016-11-15 16:55:50', '2016-11-16 13:52:59', '', '', '', '', '', '', '', 25, 25),
(320, 'Bàsquet Teià', '', '', '', '', '', '', '', '', '', '', '', 4, b'0', '2016-11-15 16:56:13', '2016-11-16 13:54:37', '', '', '', '', '', '', '', 25, 25),
(321, 'Bàsquet Arenys de Mar', '', '', '', 'Arenys de Mar', '', '', '', '', '', '', '', 4, b'0', '2016-11-16 13:37:25', '2016-11-16 14:05:05', '', '', '', '', '', '', '', 25, 25),
(322, 'GADEX', '', '', '', '', '', '', '', '', '', '', '', 4, b'0', '2016-11-16 13:38:06', '2016-11-16 14:06:01', '', '', '', '', '', '', '', 25, 25),
(323, 'Gravats Aubanell', '', '', '', '', '', '', '', '', '', '', '', 4, b'0', '2016-11-16 13:38:38', '2016-11-16 14:07:15', '', '', '', '', '', '', '', 25, 25),
(324, 'Volei Sant Joan', '', '', '', '', '', '', '', '', '', '', '', 4, b'0', '2016-11-16 13:39:06', '2016-11-16 14:08:16', '', '', '', '', '', '', '', 25, 25),
(325, 'CB Cartagena', '', '', '', '', '', '', '', '', '', '', '', 4, b'0', '2016-11-16 13:39:41', '2016-11-16 14:09:13', '', '', '', '', '', '', '', 25, 25),
(326, 'Gimnàstic Catalunya', '', '', '', '', '', '', '', '', '', '', '', 4, b'0', '2016-11-16 13:41:22', '2016-11-16 14:09:52', '', '', '', '', '', '', '', 25, 25),
(327, 'Club Hípic Banyoles', '', '', '', '', '', '', '', '', '', '', '', 4, b'0', '2016-11-16 14:49:05', '2016-11-16 14:49:05', '', '', '', '', '', '', '', 25, 25),
(328, 'CN Alcoi', '', '', '', '', '', '', '', '', '', '', '', 4, b'0', '2016-11-16 14:50:07', '2016-11-16 14:50:07', '', '', '', '', '', '', '', 25, 25),
(329, 'CN Fortuna', '', '', '', '', '', '', '', '', '', '', '', 4, b'0', '2016-11-16 14:50:40', '2016-11-16 14:50:40', '', '', '', '', '', '', '', 25, 25),
(330, 'Club Volei Esplugues', '', '', '', '', '', '', '', '', '', '', '', 4, b'0', '2016-11-16 14:52:16', '2016-11-16 14:52:16', '', '', '', '', '', '', '', 25, 25),
(331, 'Federación Madrileña Natción', '', '', '', 'Madrid', '', '', '', '', '', '', '', 4, b'0', '2016-11-16 14:54:13', '2016-11-16 14:54:13', '', '', '', '', '', '', '', 25, 25),
(332, 'ABEB Entrenadors', '', '', '', '', '', '', '', '', '', '', '', 4, b'0', '2016-11-16 14:54:53', '2016-11-16 14:54:53', '', '', '', '', '', '', '', 25, 25),
(333, 'Escola Assis', '', '', '', '', '', '', '', '', '', '', '', 4, b'0', '2016-11-16 14:55:47', '2016-11-16 14:55:47', '', '', '', '', '', '', '', 25, 25),
(334, 'Escola El Pilar', '', '', '', '', '', '', '', '', '', '', '', 4, b'0', '2016-11-16 14:56:35', '2016-11-16 14:56:35', '', '', '', '', '', '', '', 25, 25),
(335, 'Institut Premià', '', '', '', '', '', '', '', '', '', '', '', 4, b'0', '2016-11-16 14:57:01', '2016-11-16 14:57:01', '', '', '', '', '', '', '', 25, 25),
(336, 'CFS Empenta', '', '', '', '', '', '', '', '', '', '', '', 4, b'0', '2016-11-16 14:57:51', '2016-11-16 14:57:51', '', '', '', '', '', '', '', 25, 25),
(337, 'Handbol Empordà', '', '', '', '', '', '', '', '', '', '', '', 4, b'0', '2016-11-17 10:50:03', '2016-11-17 10:50:03', '', '', '', '', '', '', '', 25, 25),
(338, 'Círcol Catòlic Badalona', '', '', '', 'Badalona', '', '', '', '', '', '', '', 4, b'0', '2016-11-17 10:51:46', '2016-11-17 10:51:46', '', '', '', '', '', '', '', 25, 25),
(339, 'Escola del Carme Sabadell', '', '', '', 'Sabadell', '', '', '', '', '', '', '', 4, b'0', '2016-11-17 10:52:38', '2016-11-17 10:52:38', '', '', '', '', '', '', '', 25, 25),
(340, 'Eagles Cricket Club', '', '', '', '', '', '', '', '', '', '', '', 4, b'0', '2016-11-17 10:53:52', '2016-11-17 10:54:00', '', '', '', '', '', '', '', 25, 25),
(341, 'Voley Playa Alicante', '', '', '', '', '', '', '', '', '', '', '', 4, b'0', '2016-11-17 10:54:53', '2016-11-17 10:54:53', '', '', '', '', '', '', '', 25, 25),
(342, 'Consell Esportiu del Maresme', '', '', '', '', '', '', '', '', '', '', '', 4, b'0', '2016-11-17 10:56:27', '2016-11-17 10:56:27', '', '', '', '', '', '', '', 25, 25),
(343, 'Ibercaja', '', '', '', '', '', '', '', '', '', '', '', 4, b'0', '2016-11-17 10:57:14', '2016-11-17 10:57:14', '', '', '', '', '', '', '', 25, 25),
(344, 'CD Canal Isabel II', '', '', '', '', '', '', '', '', '', '', '', 4, b'0', '2016-11-17 10:58:25', '2016-11-17 10:58:25', '', '', '', '', '', '', '', 25, 25),
(345, 'CV Torrevieja Alicante', '', '', '', '', '', '', '', '', '', '', '', 4, b'0', '2016-11-17 10:59:20', '2016-11-17 10:59:20', '', '', '', '', '', '', '', 25, 25),
(346, 'Federació Catalana de Volei', '', '', '', '', '', '', '', '', '', '', '', 4, b'0', '2016-11-17 11:00:28', '2016-11-17 11:00:28', '', '', '', '', '', '', '', 25, 25),
(347, 'Rugby Panda', '', '', '', '', '', '', '', '', '', '', '', 4, b'0', '2016-11-17 11:01:18', '2016-11-17 11:01:18', '', '', '', '', '', '', '', 25, 25),
(348, 'Punto Fuerte', '', '', '', '', '', '', '', '', '', '', '', 4, b'0', '2016-11-17 11:02:09', '2016-11-17 11:02:09', '', '', '', '', '', '', '', 25, 25),
(349, 'Club de Futbol Lloreda', '', '', '', 'Lloreda', '', '', '', '', '', '', '', 4, b'0', '2016-11-17 11:03:33', '2016-11-17 11:03:33', '', '', '', '', '', '', '', 25, 25),
(350, 'Atletismo de Altura', '', '', '', '', '', '', '', '', '', '', '', 4, b'0', '2016-11-17 11:04:57', '2016-11-17 11:04:57', '', '', '', '', '', '', '', 25, 25),
(351, 'Wild Boars BDN', '', '', '', 'Badalona', '', '', '', '', '', '', '', 4, b'0', '2016-11-17 11:06:14', '2016-11-17 11:06:14', '', '', '', '', '', '', '', 25, 25),
(352, 'CD Valdefierro', '', '', '', 'Valdefierro', '', '', '', '', '', '', '', 4, b'0', '2016-11-17 11:07:04', '2016-11-17 11:07:14', '', '', '', '', '', '', '', 25, 25),
(353, 'Improve Basketball', '', '', '', '', '', '', '', '', '', '', '', 4, b'0', '2016-11-17 11:08:02', '2016-11-17 11:08:02', '', '', '', '', '', '', '', 25, 25),
(354, 'Escala Empúries Running', '', '', '', '', '', '', '', '', '', '', '', 4, b'0', '2016-11-17 11:09:00', '2016-11-17 11:09:00', '', '', '', '', '', '', '', 25, 25),
(355, 'Handbol Sant Fost', '', '', '', 'Sant Fost', '', '', '', '', '', '', '', 4, b'0', '2016-11-17 11:09:57', '2016-11-17 11:09:57', '', '', '', '', '', '', '', 25, 25),
(356, 'Campus Lluís Carreras', '', '', '', '', '', '', '', '', '', '', '', 4, b'0', '2016-11-17 11:12:18', '2016-11-17 11:12:18', '', '', '', '', '', '', '', 25, 25),
(357, 'A.D.E.FUSTER', '', '', '', '', '', '', '', '', '', '', '', 4, b'0', '2016-11-17 11:13:15', '2016-11-17 11:13:15', '', '', '', '', '', '', '', 25, 25),
(358, 'G.S.T Colindres', '', '', '', '', '', '', '', '', '', '', '', 4, b'0', '2016-11-17 11:15:52', '2016-11-17 11:15:52', '', '', '', '', '', '', '', 25, 25),
(359, 'Padel Center Castellón', '', '', '', '', '', '', '', '', '', '', '', 4, b'0', '2016-11-17 11:17:43', '2016-11-17 11:17:43', '', '', '', '', '', '', '', 25, 25),
(360, 'C. Basquet Vinaros Servol', '', '', '', '', '', '', '', '', '', '', '', 4, b'0', '2016-11-17 11:19:01', '2016-11-17 11:19:01', '', '', '', '', '', '', '', 25, 25),
(361, 'Cross Zircuit', '', '', '', '', '', '', '', '', '', '', '', 4, b'0', '2016-11-17 11:19:44', '2016-11-17 11:19:44', '', '', '', '', '', '', '', 25, 25),
(362, 'BM Altura', '', '', '', '', '', '', '', '', '', '', '', 4, b'0', '2016-11-17 11:22:33', '2016-11-17 11:22:33', '', '', '', '', '', '', '', 25, 25),
(363, 'Hispanistas Balonmano Petrer', '', '', '', '', '', '', '', '', '', '', '', 4, b'0', '2016-11-17 11:23:39', '2016-11-17 11:23:39', '', '', '', '', '', '', '', 25, 25),
(364, 'Ruben Comercial', '', '', '', '', '', '', '', '', '', '', '', 4, b'0', '2016-11-17 11:24:53', '2016-11-17 11:25:00', '', '', '', '', '', '', '', 25, 25),
(365, 'Hockey Castellón', '', '', '', '', '', '', '', '', '', '', '', 4, b'0', '2016-11-17 11:25:58', '2016-11-17 11:25:58', '', '', '', '', '', '', '', 25, 25),
(366, 'Balonmano La Calzada', '', '', '', '', '', '', '', '', '', '', '', 4, b'0', '2016-11-17 11:33:16', '2016-11-17 11:33:16', '', '', '', '', '', '', '', 25, 25),
(367, 'Basquet FM', '', '', '', '', '', '', '', '', '', '', '', 4, b'0', '2016-11-17 11:33:59', '2016-11-17 11:33:59', '', '', '', '', '', '', '', 25, 25),
(368, 'CD Blanes', '', '', '', '', '', '', '', '', '', '', '', 4, b'0', '2016-11-17 11:34:44', '2016-11-17 11:35:01', '', '', '', '', '', '', '', 25, 25),
(369, 'FD Cassanenc', '', '', '', '', '', '', '', '', '', '', '', 4, b'0', '2016-11-17 11:40:24', '2016-11-17 11:40:24', '', '', '', '', '', '', '', 25, 25),
(370, 'Hoquei CPBA', '', '', '', '', '', '', '', '', '', '', '', 4, b'0', '2016-11-17 11:41:17', '2016-11-17 11:41:17', '', '', '', '', '', '', '', 25, 25),
(371, 'UD Santa Maria de Montcada', '', '', '', '', '', '', '', '', '', '', '', 4, b'0', '2016-11-17 11:41:59', '2016-11-17 11:41:59', '', '', '', '', '', '', '', 25, 25),
(372, 'Volei PTV', '', '', '', '', '', '', '', '', '', '', '', 4, b'0', '2016-11-17 11:43:04', '2016-11-17 11:43:04', '', '', '', '', '', '', '', 25, 25),
(373, 'CF Briviesca', '', '', '', '', '', '', '', '', '', '', '', 4, b'0', '2016-11-17 11:44:02', '2016-11-17 11:44:02', '', '', '', '', '', '', '', 25, 25),
(374, 'Jose Miguel - MAKRO', '', '', '', '', '', '', '', '', '', '', '', 4, b'0', '2016-11-17 11:49:23', '2016-11-17 11:49:23', '', '', '', '', '', '', '', 25, 25),
(375, 'CD Montes', '', '', '', '', '', '', '', '', '', '', '', 4, b'0', '2016-11-17 11:50:00', '2016-11-17 11:50:00', '', '', '', '', '', '', '', 25, 25),
(376, 'CB Elike Elche', '', '', '', '', '', '', '', '', '', '', '', 4, b'0', '2016-11-17 11:50:58', '2016-11-17 11:50:58', '', '', '', '', '', '', '', 25, 25),
(377, 'CF Original DLC-86', '', '', '', '', '', '', '', '', '', '', '', 4, b'0', '2016-11-17 11:51:39', '2016-11-17 11:51:39', '', '', '', '', '', '', '', 25, 25),
(378, 'UCAM', '', '', '', '', '', '', '', '', '', '', '', 4, b'0', '2016-11-17 11:52:16', '2016-11-17 11:52:16', '', '', '', '', '', '', '', 25, 25),
(379, 'CD Balonmano Castellón', '', '', '', '', '', '', '', '', '', '', '', 4, b'0', '2016-11-17 11:54:53', '2016-11-17 11:54:53', '', '', '', '', '', '', '', 25, 25),
(380, 'Atletismo Las Rozas', '', '', '', '', '', '', '', '', '', '', '', 4, b'0', '2016-11-17 11:55:27', '2016-11-17 11:55:27', '', '', '', '', '', '', '', 25, 25),
(381, 'Escola Sant Feliu', '', '', '', '', '', '', '', '', '', '', '', 4, b'0', '2016-11-17 11:56:01', '2016-11-17 11:56:01', '', '', '', '', '', '', '', 25, 25),
(382, 'Escola La Salle Premià', '', '', '', 'Premià', '', '', '', '', '', '', '', 4, b'0', '2016-11-17 11:56:50', '2016-11-17 11:56:50', '', '', '', '', '', '', '', 25, 25),
(383, 'Josep - Jumberca', '', '', '', '', '', '', '', '', '', '', '', 4, b'0', '2016-11-17 11:57:22', '2016-11-17 11:57:22', '', '', '', '', '', '', '', 25, 25),
(384, 'Badaveterans', '', '', '', '', '', '', '', '', '', '', '', 4, b'0', '2016-11-17 11:57:52', '2016-11-17 11:57:52', '', '', '', '', '', '', '', 25, 25),
(385, 'Diablos de Mislata', '', '', '', '', '', '', '', '', '', '', '', 4, b'0', '2016-11-17 11:58:23', '2016-11-17 11:58:23', '', '', '', '', '', '', '', 25, 25),
(386, 'Adventure Bike', '', '', '', '', '', '', '', '', '', '', '', 4, b'0', '2016-11-17 11:59:07', '2016-11-17 11:59:07', '', '', '', '', '', '', '', 25, 25),
(387, 'Atletismo Amics del Clot', '', '', '', '', '', '', '', '', '', '', '', 4, b'0', '2016-11-17 11:59:54', '2016-11-17 11:59:54', '', '', '', '', '', '', '', 25, 25),
(388, 'Gaver Padel', '', '', '', '', '', '', '', '', '', '', '', 4, b'0', '2016-11-17 12:01:02', '2016-11-17 12:01:02', '', '', '', '', '', '', '', 25, 25),
(389, 'Barca Mini Blau', '', '', '', '', '', '', '', '', '', '', '', 4, b'0', '2016-11-17 13:12:08', '2016-11-17 13:12:08', '', '', '', '', '', '', '', 25, 25),
(390, 'CE Basquet Grau', '', '', '', '', '', '', '', '', '', '', '', 4, b'0', '2016-11-17 13:13:11', '2016-11-17 13:13:11', '', '', '', '', '', '', '', 25, 25),
(391, 'C.V.V.A Llars Mundet', '', '', '', '', '', '', '', '', '', '', '', 4, b'0', '2016-11-17 13:14:05', '2016-11-17 13:14:05', '', '', '', '', '', '', '', 25, 25),
(392, 'Club de Bitlles Badalona', '', '', '', '', '', '', '', '', '', '', '', 4, b'0', '2016-11-17 13:15:21', '2016-11-17 13:15:21', '', '', '', '', '', '', '', 25, 25),
(393, 'Club Futbol Almazora', '', '', '', '', '', '', '', '', '', '', '', 4, b'0', '2016-11-17 13:16:03', '2016-11-17 13:16:03', '', '', '', '', '', '', '', 25, 25),
(394, 'Nules Balonmano', '', '', '', '', '', '', '', '', '', '', '', 4, b'0', '2016-11-17 13:16:32', '2016-11-17 13:16:32', '', '', '', '', '', '', '', 25, 25);
INSERT INTO `contact` (`id_contact`, `cn_name`, `cts_address_1`, `cts_address_2`, `cts_address_3`, `cts_city`, `cts_province`, `cts_zip_code`, `cts_country`, `cts_phone`, `cts_email`, `cts_vat_code`, `cts_notes`, `cts_type`, `draft`, `created`, `updated`, `cts_sh_name`, `cts_sh_address_1`, `cts_sh_address_2`, `cts_sh_address_3`, `cts_sh_city`, `cts_sh_province`, `cts_sh_zip_code`, `id_user_created`, `id_user_updated`) VALUES
(395, 'FC Racing Blanenc', '', '', '', '', '', '', '', '', '', '', '', 4, b'0', '2016-11-17 13:17:19', '2016-11-17 13:17:37', '', '', '', '', '', '', '', 25, 25),
(396, 'CD Augustinos', '', '', '', '', '', '', '', '', '', '', '', 4, b'0', '2016-11-17 13:29:33', '2016-11-17 13:29:33', '', '', '', '', '', '', '', 25, 25),
(397, 'DMD', '', '', '', '', '', '', '', '', '', '', '', 3, b'0', '2016-11-17 13:33:27', '2016-11-17 13:33:27', '', '', '', '', '', '', '', 25, 25),
(398, 'Escola Gimnàstica Aeròbica', '', '', '', '', '', '', '', '', '', '', '', 4, b'0', '2016-11-17 13:34:40', '2016-11-17 13:34:40', '', '', '', '', '', '', '', 25, 25),
(399, 'Runners KM 0', '', '', '', '', '', '', '', '', '', '', '', 4, b'0', '2016-11-17 13:35:12', '2016-11-17 13:35:12', '', '', '', '', '', '', '', 25, 25),
(400, 'CHL Dragons de Rivabellosa', '', '', '', '', '', '', '', '', '', '', '', 4, b'0', '2016-11-17 15:48:22', '2016-11-17 15:48:22', '', '', '', '', '', '', '', 25, 25),
(401, 'Club Voleibol Arenys', '', '', '', '', '', '', '', '', '', '', '', 4, b'0', '2016-11-17 15:48:58', '2016-11-17 15:48:58', '', '', '', '', '', '', '', 25, 25),
(402, 'Pasabolo Villaverde', '', '', '', '', '', '', '', '', '', '', '', 4, b'0', '2016-11-17 15:50:24', '2016-11-17 15:50:24', '', '', '', '', '', '', '', 25, 25),
(403, 'Club Remo Camargo', '', '', '', '', '', '', '', '', '', '', '', 4, b'0', '2016-11-17 15:51:23', '2016-11-17 15:51:23', '', '', '', '', '', '', '', 25, 25),
(404, 'CTT Bàscara', '', '', '', '', '', '', '', '', '', '', '', 4, b'0', '2016-11-17 15:52:04', '2016-11-17 15:52:04', '', '', '', '', '', '', '', 25, 25),
(405, 'Equip de Trail del CE Badalona', '', '', '', 'Badalona', '', '', '', '', '', '', '', 4, b'0', '2016-11-17 15:55:16', '2016-11-17 15:55:16', '', '', '', '', '', '', '', 25, 25),
(406, 'Ciclisme KFC', '', '', '', '', '', '', '', '', '', '', '', 4, b'0', '2016-11-17 15:56:06', '2016-11-17 15:56:06', '', '', '', '', '', '', '', 25, 25),
(407, 'CD París', '', '', '', '', '', '', '', '', '', '', '', 4, b'0', '2016-11-17 15:57:05', '2016-11-17 15:57:18', '', '', '', '', '', '', '', 25, 25),
(408, 'GesEsport', '', '', '', '', '', '', '', '', '', '', '', 4, b'0', '2016-11-17 15:58:11', '2016-11-17 15:58:11', '', '', '', '', '', '', '', 25, 25),
(409, 'MGO Horchata y Granizados', '', '', '', '', '', '', '', '', '', '', '', 4, b'0', '2016-11-17 16:01:12', '2016-11-17 16:01:12', '', '', '', '', '', '', '', 25, 25),
(410, 'Volei Tordera', '', '', '', '', '', '', '', '', '', '', '', 4, b'0', '2016-11-17 16:02:09', '2016-11-17 16:02:09', '', '', '', '', '', '', '', 25, 25),
(411, 'Atletismo Guaramako', '', '', '', '', '', '', '', '', '', '', '', 4, b'0', '2016-11-17 16:03:48', '2016-11-17 16:03:48', '', '', '', '', '', '', '', 25, 25),
(412, 'NC Torelló', '', '', '', '', '', '', '', '', '', '', '', 4, b'0', '2016-11-17 16:04:55', '2016-11-17 16:04:55', '', '', '', '', '', '', '', 25, 25),
(413, 'The Nine Time', '', '', '', '', '', '', '', '', '', '', '', 4, b'0', '2016-11-17 16:07:12', '2016-11-17 16:07:12', '', '', '', '', '', '', '', 25, 25),
(414, 'Unió Esportiva Sarrià', '', '', '', '', '', '', '', '', '', '', '', 4, b'0', '2016-11-17 16:09:15', '2016-11-17 16:09:15', '', '', '', '', '', '', '', 25, 25),
(415, 'Pati Calafell', '', '', '', '', '', '', '', '', '', '', '', 4, b'0', '2016-11-17 16:09:50', '2016-11-17 16:09:50', '', '', '', '', '', '', '', 25, 25),
(416, 'The Wild Girls Rugby', '', '', '', '', '', '', '', '', '', '', '', 4, b'0', '2016-11-17 16:12:32', '2016-11-17 16:12:32', '', '', '', '', '', '', '', 25, 25),
(417, 'Sport Padel', '', '', '', '', '', '', '', '', '', '', '', 4, b'0', '2016-11-17 16:13:14', '2016-11-17 16:13:14', '', '', '', '', '', '', '', 25, 25),
(418, 'Xupito Bike BDN', '', '', '', 'Badalona', '', '', '', '', '', '', '', 4, b'0', '2016-11-17 16:14:11', '2016-11-17 16:14:11', '', '', '', '', '', '', '', 25, 25),
(419, 'Amics del Bus', '', '', '', '', '', '', '', '', '', '', '', 4, b'0', '2016-11-17 16:21:05', '2016-11-17 16:21:05', '', '', '', '', '', '', '', 25, 25),
(420, 'Club Natació Badalona', '', '', '', 'Badalona', '', '', '', '', '', '', '', 4, b'0', '2016-11-17 16:21:53', '2016-11-17 16:21:53', '', '', '', '', '', '', '', 25, 25),
(421, 'Selección Vizcaya', '', '', '', '', '', '', '', '', '', '', '', 4, b'0', '2016-11-17 16:22:58', '2016-11-17 16:22:58', '', '', '', '', '', '', '', 25, 25),
(422, 'Grao Runners', '', '', '', '', '', '', '', '', '', '', '', 4, b'0', '2016-11-17 16:23:37', '2016-11-17 16:23:37', '', '', '', '', '', '', '', 25, 25),
(423, 'FS Cornellà', '', '', '', '', '', '', '', '', '', '', '', 4, b'0', '2016-11-17 16:24:25', '2016-11-17 16:24:25', '', '', '', '', '', '', '', 25, 25),
(424, 'Club Salesianos Deusto', '', '', '', '', '', '', '', '', '', '', '', 4, b'0', '2016-11-17 16:25:51', '2016-11-17 16:25:51', '', '', '', '', '', '', '', 25, 25),
(425, 'Running Castemader', '', '', '', '', '', '', '', '', '', '', '', 4, b'0', '2016-11-17 16:28:08', '2016-11-17 16:28:08', '', '', '', '', '', '', '', 25, 25),
(426, 'CB Castelldefels', '', '', '', '', '', '', '', '', '', '', '', 4, b'0', '2016-11-17 16:28:54', '2016-11-17 16:28:54', '', '', '', '', '', '', '', 25, 25),
(427, 'HP Camel Toe', '', '', '', '', '', '', '', '', '', '', '', 4, b'0', '2016-11-17 16:29:47', '2016-11-17 16:29:47', '', '', '', '', '', '', '', 25, 25),
(428, 'Bicimensajería', '', '', '', '', '', '', '', '', '', '', '', 4, b'0', '2016-11-17 16:30:23', '2016-11-17 16:30:23', '', '', '', '', '', '', '', 25, 25),
(429, 'Equipación BMW', '', '', '', '', '', '', '', '', '', '', '', 4, b'0', '2016-11-18 10:56:39', '2016-11-18 10:56:39', '', '', '', '', '', '', '', 25, 25),
(430, 'Myrmidons', '', '', '', '', '', '', '', '', '', '', '', 4, b'0', '2016-11-18 10:57:32', '2016-11-18 10:57:32', '', '', '', '', '', '', '', 25, 25),
(431, 'CN Morvedre', '', '', '', '', '', '', '', '', '', '', '', 4, b'0', '2016-11-18 10:58:04', '2016-11-18 10:58:04', '', '', '', '', '', '', '', 25, 25),
(432, 'Running Castellón', '', '', '', '', '', '', '', '', '', '', '', 4, b'0', '2016-11-18 10:59:06', '2016-11-18 10:59:06', '', '', '', '', '', '', '', 25, 25),
(433, 'CSKH Sport', '', '', '', '', '', '', '', '', '', '', '', 4, b'0', '2016-11-18 10:59:47', '2016-11-18 10:59:47', '', '', '', '', '', '', '', 25, 25),
(434, 'ASS Rugby Tordera', '', '', '', '', '', '', '', '', '', '', '', 4, b'0', '2016-11-18 11:00:40', '2016-11-18 11:00:40', '', '', '', '', '', '', '', 25, 25),
(435, 'CP Malgrat', '', '', '', '', '', '', '', '', '', '', '', 4, b'0', '2016-11-18 11:01:12', '2016-11-18 11:01:12', '', '', '', '', '', '', '', 25, 25),
(436, 'CF Vallirana', '', '', '', '', '', '', '', '', '', '', '', 4, b'0', '2016-11-18 11:01:59', '2016-11-18 11:01:59', '', '', '', '', '', '', '', 25, 25),
(437, 'The Cup BCN', '', '', '', '', '', '', '', '', '', '', '', 4, b'0', '2016-11-18 11:02:23', '2016-11-18 11:02:23', '', '', '', '', '', '', '', 25, 25),
(438, 'Club Atlético San Fernando', '', '', '', '', '', '', '', '', '', '', '', 4, b'0', '2016-11-18 11:03:12', '2016-11-18 11:03:12', '', '', '', '', '', '', '', 25, 25),
(439, 'Maratonianos Leganés', '', '', '', '', '', '', '', '', '', '', '', 4, b'0', '2016-11-18 11:06:03', '2016-11-18 11:06:03', '', '', '', '', '', '', '', 25, 25),
(440, 'Zymetric by Score', '', '', '', '', '', '', '', '', '', '', '', 4, b'0', '2016-11-18 11:06:48', '2016-11-18 11:06:48', '', '', '', '', '', '', '', 25, 25),
(441, 'EF Gironès Sabat', '', '', '', '', '', '', '', '', '', '', '', 4, b'0', '2016-11-18 11:07:20', '2016-11-18 11:07:20', '', '', '', '', '', '', '', 25, 25),
(442, 'Medichem', '', '', '', '', '', '', '', '', '', '', '', 4, b'0', '2016-11-18 11:07:51', '2016-11-18 11:07:51', '', '', '', '', '', '', '', 25, 25),
(443, 'Atletisme Sant Ponç', '', '', '', '', '', '', '', '', '', '', '', 4, b'0', '2016-11-18 11:08:49', '2016-11-18 11:08:49', '', '', '', '', '', '', '', 25, 25),
(444, 'Anthony Costa', '', '', '', '', '', '', '', '', '', '', '', 4, b'0', '2016-11-18 11:10:52', '2016-11-18 11:10:52', '', '', '', '', '', '', '', 25, 25),
(445, 'Ciclismo Montaña Burriol', '', '', '', '', '', '', '', '', '', '', '', 4, b'0', '2016-11-18 11:14:41', '2016-11-18 11:14:41', '', '', '', '', '', '', '', 25, 25),
(446, 'Maristas Burgos', '', '', '', '', '', '', '', '', '', '', '', 4, b'0', '2016-11-18 11:15:52', '2016-11-18 11:15:52', '', '', '', '', '', '', '', 25, 25),
(447, 'Tsunamis', '', '', '', '', '', '', '', '', '', '', '', 4, b'0', '2016-11-18 11:32:22', '2016-11-18 11:32:22', '', '', '', '', '', '', '', 25, 25),
(448, 'Guerreros Maori Race', '', '', '', '', '', '', '', '', '', '', '', 4, b'0', '2016-11-18 11:32:58', '2016-11-18 11:32:58', '', '', '', '', '', '', '', 25, 25),
(449, 'Betis Catalunya FS', '', '', '', '', '', '', '', '', '', '', '', 4, b'0', '2016-11-18 11:33:59', '2016-11-18 11:33:59', '', '', '', '', '', '', '', 25, 25),
(450, 'Global Bàsquet UAB', '', '', '', '', '', '', '', '', '', '', '', 4, b'0', '2016-11-18 11:34:37', '2016-11-18 11:34:37', '', '', '', '', '', '', '', 25, 25),
(451, 'Guerin S.A.U', '', '', '', '', '', '', '', '', '', '', '', 4, b'0', '2016-11-18 11:35:29', '2016-11-18 11:35:29', '', '', '', '', '', '', '', 25, 25),
(452, 'CB Sinera', '', '', '', '', '', '', '', '', '', '', '', 4, b'0', '2016-11-18 11:36:18', '2016-11-18 11:36:18', '', '', '', '', '', '', '', 25, 25),
(453, 'Hockey Linea Valladolid', '', '', '', '', '', '', '', '', '', '', '', 4, b'0', '2016-11-18 11:37:00', '2016-11-18 11:37:00', '', '', '', '', '', '', '', 25, 25),
(454, 'CD Palafolls', '', '', '', '', '', '', '', '', '', '', '', 4, b'0', '2016-11-18 11:37:39', '2016-11-18 11:37:39', '', '', '', '', '', '', '', 25, 25),
(455, 'Run Addiction', '', '', '', '', '', '', '', '', '', '', '', 4, b'0', '2016-11-18 11:38:37', '2016-11-18 11:38:37', '', '', '', '', '', '', '', 25, 25),
(456, 'Flag Dracs Badalona', '', '', '', 'Badalona', '', '', '', '', '', '', '', 4, b'0', '2016-11-18 11:39:10', '2016-11-18 11:39:10', '', '', '', '', '', '', '', 25, 25),
(457, 'CE Xafa Roques Forcall', '', '', '', '', '', '', '', '', '', '', '', 4, b'0', '2016-11-18 11:39:55', '2016-11-18 11:39:55', '', '', '', '', '', '', '', 25, 25),
(458, 'FS Briaman''s', '', '', '', '', '', '', '', '', '', '', '', 4, b'0', '2016-11-18 11:40:43', '2016-11-18 11:40:43', '', '', '', '', '', '', '', 25, 25),
(459, 'Mireia Montgat Bàsquet', '', '', '', 'Montgat', '', '', '', '', '', '', '', 4, b'0', '2016-11-18 11:41:15', '2016-11-18 11:41:15', '', '', '', '', '', '', '', 25, 25),
(460, 'AD Sprint', '', '', '', '', '', '', '', '', '', '', '', 4, b'0', '2016-11-18 11:41:47', '2016-11-18 11:41:47', '', '', '', '', '', '', '', 25, 25),
(461, 'Padel Tordera', '', '', '', '', '', '', '', '', '', '', '', 4, b'0', '2016-11-18 11:43:30', '2016-11-18 11:43:30', '', '', '', '', '', '', '', 25, 25),
(462, 'AE Betúlia', '', '', '', '', '', '', '', '', '', '', '', 4, b'0', '2016-11-18 11:44:23', '2016-11-18 11:44:23', '', '', '', '', '', '', '', 25, 25);

-- --------------------------------------------------------

--
-- Table structure for table `contract`
--

DROP TABLE IF EXISTS `contract`;
CREATE TABLE IF NOT EXISTS `contract` (
  `id_contract` int(11) NOT NULL,
  `c_date_i` datetime DEFAULT NULL,
  `c_no_of_years` double DEFAULT NULL,
  `c_increase_year` double DEFAULT NULL,
  `id_Customer` int(11) DEFAULT NULL,
  `id_Agent` int(11) DEFAULT NULL,
  `id_Zone` int(11) DEFAULT NULL,
  `c_description` longtext
) ENGINE=InnoDB AUTO_INCREMENT=16 DEFAULT CHARSET=latin1;

-- --------------------------------------------------------

--
-- Table structure for table `costing`
--

DROP TABLE IF EXISTS `costing`;
CREATE TABLE IF NOT EXISTS `costing` (
  `id_cost` int(11) NOT NULL,
  `cost_code` varchar(255) DEFAULT NULL,
  `cost_season` varchar(255) DEFAULT NULL,
  `cost_pl` bit(1) DEFAULT NULL,
  `cost_date` date DEFAULT NULL,
  `cost_update` date DEFAULT NULL,
  `cost_weight` varchar(255) DEFAULT NULL,
  `cost_volume` varchar(255) DEFAULT NULL,
  `cost_variants` int(11) DEFAULT NULL,
  `cost_sketch` varchar(255) DEFAULT NULL,
  `hashid` varchar(32) DEFAULT NULL,
  `id_user_created` int(11) DEFAULT NULL,
  `id_user_updated` int(11) DEFAULT NULL,
  `id_Factory` int(11) DEFAULT NULL,
  `id_customer` int(11) DEFAULT NULL,
  `id_type_products` int(11) DEFAULT NULL
) ENGINE=InnoDB AUTO_INCREMENT=99 DEFAULT CHARSET=latin1;

--
-- Dumping data for table `costing`
--

INSERT INTO `costing` (`id_cost`, `cost_code`, `cost_season`, `cost_pl`, `cost_date`, `cost_update`, `cost_weight`, `cost_volume`, `cost_variants`, `cost_sketch`, `hashid`, `id_user_created`, `id_user_updated`, `id_Factory`, `id_customer`, `id_type_products`) VALUES
(53, 'TBS', '2016', b'1', '2016-10-06', NULL, NULL, NULL, 0, NULL, 'F8954D66B111DB232720B6A2A3E9CAD2', 25, NULL, 1, NULL, 2),
(54, 'TBL', '2016', b'1', '2016-10-06', NULL, NULL, NULL, 0, NULL, '17A20C51250F26D503FB952F45FC0E56', 25, NULL, 1, NULL, 8),
(55, 'TPS', '2016', b'1', '2016-10-06', '2016-10-15', '160.0', '900.0', 0, 'PB0039-Polo Ranglan-Buttons.png', 'F20BC81ED735340605000AA8B931FEFF', 25, 25, 1, NULL, 9),
(56, 'TBXS', '2016', b'1', '2016-10-06', NULL, NULL, NULL, 0, NULL, 'E52B8DC57CECFCD9CAD8DEC8F06FDDD2', 25, NULL, 1, NULL, 14),
(57, 'TBXL', '2016', b'1', '2016-10-06', NULL, NULL, NULL, 0, NULL, '930906EA59615882B20BDC150FF0FD7E', 25, NULL, 1, NULL, 15),
(58, 'PSM', '2016', b'1', '2016-10-06', NULL, NULL, NULL, 0, NULL, 'ACAAB87647DB30C5357B5D16662DAEC8', 25, NULL, 1, NULL, 40),
(59, 'TSS', '2016', b'1', '2016-10-06', NULL, NULL, NULL, 0, NULL, 'FAA182ADD7BB36F8916C4654C7C9F89E', 25, NULL, 2, NULL, 41),
(60, 'ACC', '2016', b'1', '2016-10-06', '2016-10-06', '100.0', '300.0', 0, '0301-Calf compressor.png', '41E708E8BB6383F3F7A5D89A67E1C85C', 25, 25, 1, NULL, 45),
(61, 'TPL', '2016', b'1', '2016-10-06', NULL, NULL, NULL, 0, NULL, 'EA30BF908EAAD1058D5D24C3758FB881', 25, NULL, 1, NULL, 48),
(62, 'TRS', '2016', b'1', '2016-10-06', '2016-10-11', '150.0', '700.0', 0, 'R0245-Shirt ranglan armhole cut-Fit.png', 'B2D9B9F9DD1531D76186E6E48579758B', 25, 25, 1, NULL, 49),
(63, 'CBS', '2016', b'1', '2016-10-06', '2016-10-08', '130.0', '500.0', 0, 'R0133-Tanktop Athletics-Tound Neck-Piping.png', '2A75EDAC6F2F42AD635B70A859290FB6', 25, 25, 1, NULL, 50),
(64, 'CBB', '2016', b'1', '2016-10-06', '2016-10-06', '140.0', '600.0', 0, 'R0040-Basket Shirt-Round Neck.png', 'C2000A540403E0687BE6B66270559E5F', 25, 25, 1, NULL, 51),
(65, 'CTS', '2016', b'1', '2016-10-06', '2016-10-08', '120.0', '400.0', 0, '0172-TankTop Beach Volley Woman.png', '34CF7C63CF2353E913DDD281D8EEE3A6', 25, 25, 1, NULL, 52),
(66, 'PSB', '2016', b'1', '2016-10-06', '2016-10-08', '130.0', '500.0', 0, 'P0027-Pant Basic Play.png', '5ED27F7052B8EA78C7DFDF84A007CF5A', 25, 25, 1, NULL, 53),
(67, 'PSP', '2016', b'1', '2016-10-06', '2016-10-08', '150.0', '650.0', 0, 'P0087-Short_Pockets.png', 'E3F2B496D0B0961E67999C755519D2EE', 25, 25, 1, NULL, 54),
(75, 'TSS', '2017', b'1', '2016-10-08', '2016-10-08', NULL, NULL, 0, '', '16D00B07DE5BFAFE2088F3FB868B72EA', 25, NULL, 2, NULL, 41),
(98, 'ZS1', '2016', b'1', '2016-10-12', '2016-10-12', '0.0', '0.0', 0, NULL, '591AEA28971823DE60CAF914690A01D2', 25, 25, 1, NULL, 55);

-- --------------------------------------------------------

--
-- Table structure for table `costing_description`
--

DROP TABLE IF EXISTS `costing_description`;
CREATE TABLE IF NOT EXISTS `costing_description` (
  `id_cost_description` int(11) NOT NULL,
  `cd_description` longtext CHARACTER SET utf8 COLLATE utf8_unicode_ci,
  `created` datetime DEFAULT NULL,
  `updated` datetime DEFAULT NULL,
  `id_user_created` int(11) DEFAULT NULL,
  `id_user_updated` int(11) DEFAULT NULL,
  `id_cost` int(11) DEFAULT NULL,
  `id_language` int(11) DEFAULT NULL
) ENGINE=InnoDB AUTO_INCREMENT=1097 DEFAULT CHARSET=latin1;

--
-- Dumping data for table `costing_description`
--

INSERT INTO `costing_description` (`id_cost_description`, `cd_description`, `created`, `updated`, `id_user_created`, `id_user_updated`, `id_cost`, `id_language`) VALUES
(641, 'T-Shirt Basic Short Sleeves', '2016-10-06 15:29:30', '2016-10-06 15:29:30', 25, 25, 53, 1),
(642, 'Camiseta Bàsica Màniga Curta', '2016-10-06 15:29:30', '2016-10-06 15:29:30', 25, 25, 53, 2),
(643, 'Camiseta Básica Manga Corta', '2016-10-06 15:29:30', '2016-10-06 15:29:30', 25, 25, 53, 4),
(644, 'T-Shirt Basic Short Sleeves', '2016-10-06 15:29:30', '2016-10-06 15:29:30', 25, 25, 53, 8),
(645, 'T-Shirt Basic Short Sleeves', '2016-10-06 15:29:30', '2016-10-06 15:29:30', 25, 25, 53, 12),
(646, 'T-Shirt Basic Short Sleeves', '2016-10-06 15:29:30', '2016-10-06 15:29:30', 25, 25, 53, 15),
(647, 'T-Shirt Basic Short Sleeves', '2016-10-06 15:29:30', '2016-10-06 15:29:30', 25, 25, 53, 17),
(648, 'T-Shirt Basic Short Sleeves', '2016-10-06 15:29:30', '2016-10-06 15:29:30', 25, 25, 53, 19),
(649, 'T-Shirt Basic Long Sleeves', '2016-10-06 15:29:30', '2016-10-06 15:29:30', 25, 25, 54, 1),
(650, 'Camiseta Bàsica Màniga Llarga', '2016-10-06 15:29:30', '2016-10-06 15:29:30', 25, 25, 54, 2),
(651, 'Camiseta Básica Manga Larga', '2016-10-06 15:29:30', '2016-10-06 15:29:30', 25, 25, 54, 4),
(652, 'T-Shirt Basic Long Sleeves', '2016-10-06 15:29:30', '2016-10-06 15:29:30', 25, 25, 54, 8),
(653, 'T-Shirt Basic Long Sleeves', '2016-10-06 15:29:30', '2016-10-06 15:29:30', 25, 25, 54, 12),
(654, 'T-Shirt Basic Long Sleeves', '2016-10-06 15:29:30', '2016-10-06 15:29:30', 25, 25, 54, 15),
(655, 'T-Shirt Basic Long Sleeves', '2016-10-06 15:29:30', '2016-10-06 15:29:30', 25, 25, 54, 17),
(656, 'T-Shirt Basic Long Sleeves', '2016-10-06 15:29:30', '2016-10-06 15:29:30', 25, 25, 54, 19),
(665, 'T-Shirt Basic Spandex Short Sleeves', '2016-10-06 15:29:31', '2016-10-06 15:29:31', 25, 25, 56, 1),
(666, 'Camiseta Bàsica Spandex Màn. Curta', '2016-10-06 15:29:31', '2016-10-06 15:29:31', 25, 25, 56, 2),
(667, 'Camiseta Básica Spandex Man. Corta', '2016-10-06 15:29:31', '2016-10-06 15:29:31', 25, 25, 56, 4),
(668, 'T-Shirt Basic Spandex Short Sleeves', '2016-10-06 15:29:31', '2016-10-06 15:29:31', 25, 25, 56, 8),
(669, 'T-Shirt Basic Spandex Short Sleeves', '2016-10-06 15:29:31', '2016-10-06 15:29:31', 25, 25, 56, 12),
(670, 'T-Shirt Basic Spandex Short Sleeves', '2016-10-06 15:29:31', '2016-10-06 15:29:31', 25, 25, 56, 15),
(671, 'T-Shirt Basic Spandex Short Sleeves', '2016-10-06 15:29:31', '2016-10-06 15:29:31', 25, 25, 56, 17),
(672, 'T-Shirt Basic Spandex Short Sleeves', '2016-10-06 15:29:31', '2016-10-06 15:29:31', 25, 25, 56, 19),
(673, 'T-Shirt Basic Spandex Long Sleeves', '2016-10-06 15:29:31', '2016-10-06 15:29:31', 25, 25, 57, 1),
(674, 'Camiseta Bàsica Spandex Màn. Llarga', '2016-10-06 15:29:31', '2016-10-06 15:29:31', 25, 25, 57, 2),
(675, 'Camiseta Básica Spandex Man. Larga', '2016-10-06 15:29:31', '2016-10-06 15:29:31', 25, 25, 57, 4),
(676, 'T-Shirt Basic Spandex Long Sleeves', '2016-10-06 15:29:31', '2016-10-06 15:29:31', 25, 25, 57, 8),
(677, 'T-Shirt Basic Spandex Long Sleeves', '2016-10-06 15:29:31', '2016-10-06 15:29:31', 25, 25, 57, 12),
(678, 'T-Shirt Basic Spandex Long Sleeves', '2016-10-06 15:29:31', '2016-10-06 15:29:31', 25, 25, 57, 15),
(679, 'T-Shirt Basic Spandex Long Sleeves', '2016-10-06 15:29:31', '2016-10-06 15:29:31', 25, 25, 57, 17),
(680, 'T-Shirt Basic Spandex Long Sleeves', '2016-10-06 15:29:31', '2016-10-06 15:29:31', 25, 25, 57, 19),
(681, 'Short Pant Basic Match', '2016-10-06 15:29:31', '2016-10-06 15:29:31', 25, 25, 58, 1),
(682, 'Pantaló Curt Joc Bàsic', '2016-10-06 15:29:31', '2016-10-06 15:29:31', 25, 25, 58, 2),
(683, 'Pantalón Corto Juego Básico', '2016-10-06 15:29:31', '2016-10-06 15:29:31', 25, 25, 58, 4),
(684, 'Short Pant Basic Match', '2016-10-06 15:29:32', '2016-10-06 15:29:32', 25, 25, 58, 8),
(685, 'Short Pant Basic Match', '2016-10-06 15:29:32', '2016-10-06 15:29:32', 25, 25, 58, 12),
(686, 'Short Pant Basic Match', '2016-10-06 15:29:32', '2016-10-06 15:29:32', 25, 25, 58, 15),
(687, 'Short Pant Basic Match', '2016-10-06 15:29:32', '2016-10-06 15:29:32', 25, 25, 58, 17),
(688, 'Short Pant Basic Match', '2016-10-06 15:29:32', '2016-10-06 15:29:32', 25, 25, 58, 19),
(689, 'T-Shirt', '2016-10-06 15:29:32', '2016-10-06 15:29:32', 25, 25, 59, 1),
(690, '', '2016-10-06 15:29:32', '2016-10-06 15:29:32', 25, 25, 59, 2),
(691, '', '2016-10-06 15:29:32', '2016-10-06 15:29:32', 25, 25, 59, 4),
(692, 'áo sơ mi', '2016-10-06 15:29:32', '2016-10-06 15:29:32', 25, 25, 59, 8),
(693, '', '2016-10-06 15:29:32', '2016-10-06 15:29:32', 25, 25, 59, 12),
(694, '', '2016-10-06 15:29:32', '2016-10-06 15:29:32', 25, 25, 59, 15),
(695, '', '2016-10-06 15:29:32', '2016-10-06 15:29:32', 25, 25, 59, 17),
(696, '', '2016-10-06 15:29:32', '2016-10-06 15:29:32', 25, 25, 59, 19),
(705, 'Polo Long Sleeve', '2016-10-06 15:29:32', '2016-10-06 15:29:32', 25, 25, 61, 1),
(706, 'Polo Màniga Llarga', '2016-10-06 15:29:32', '2016-10-06 15:29:32', 25, 25, 61, 2),
(707, 'Polo Manga Larga', '2016-10-06 15:29:33', '2016-10-06 15:29:33', 25, 25, 61, 4),
(708, 'Polo Long Sleeve', '2016-10-06 15:29:33', '2016-10-06 15:29:33', 25, 25, 61, 8),
(709, 'Polo Long Sleeve', '2016-10-06 15:29:33', '2016-10-06 15:29:33', 25, 25, 61, 12),
(710, 'Polo Long Sleeve', '2016-10-06 15:29:33', '2016-10-06 15:29:33', 25, 25, 61, 15),
(711, 'Polo Long Sleeve', '2016-10-06 15:29:33', '2016-10-06 15:29:33', 25, 25, 61, 17),
(712, 'Polo Long Sleeve', '2016-10-06 15:29:33', '2016-10-06 15:29:33', 25, 25, 61, 19),
(761, 'Calf Compressors', '2016-10-06 16:19:01', '2016-10-06 16:19:01', 25, 25, 60, 1),
(762, 'Compressors de Pantorrilla', '2016-10-06 16:19:01', '2016-10-06 16:19:01', 25, 25, 60, 2),
(763, 'Compresores de Pantorrilla', '2016-10-06 16:19:01', '2016-10-06 16:19:01', 25, 25, 60, 4),
(764, 'Calf Compressors', '2016-10-06 16:19:01', '2016-10-06 16:19:01', 25, 25, 60, 8),
(765, 'Calf Compressors', '2016-10-06 16:19:01', '2016-10-06 16:19:01', 25, 25, 60, 12),
(766, 'Calf Compressors', '2016-10-06 16:19:01', '2016-10-06 16:19:01', 25, 25, 60, 15),
(767, 'Calf Compressors', '2016-10-06 16:19:01', '2016-10-06 16:19:01', 25, 25, 60, 17),
(768, 'Calf Compressors', '2016-10-06 16:19:01', '2016-10-06 16:19:01', 25, 25, 60, 19),
(769, 'Singlet Basic Big', '2016-10-06 16:24:01', '2016-10-06 16:24:01', 25, 25, 64, 1),
(770, 'Camiseta Tirants Bàsica Gran', '2016-10-06 16:24:01', '2016-10-06 16:24:01', 25, 25, 64, 2),
(771, 'Camiseta Tirantes Básica Grande', '2016-10-06 16:24:01', '2016-10-06 16:24:01', 25, 25, 64, 4),
(772, 'Singlet Basic Big', '2016-10-06 16:24:01', '2016-10-06 16:24:01', 25, 25, 64, 8),
(773, 'Singlet Basic Big', '2016-10-06 16:24:01', '2016-10-06 16:24:01', 25, 25, 64, 12),
(774, 'Singlet Basic Big', '2016-10-06 16:24:01', '2016-10-06 16:24:01', 25, 25, 64, 15),
(775, 'Singlet Basic Big', '2016-10-06 16:24:01', '2016-10-06 16:24:01', 25, 25, 64, 17),
(776, 'Singlet Basic Big', '2016-10-06 16:24:01', '2016-10-06 16:24:01', 25, 25, 64, 19),
(777, 'Short Pant Pockets', '2016-10-08 20:48:02', '2016-10-08 20:48:02', 25, 25, 67, 1),
(778, 'Pantaló Curt Butxaques', '2016-10-08 20:48:02', '2016-10-08 20:48:02', 25, 25, 67, 2),
(779, 'Pantalon Corto Bolsillos', '2016-10-08 20:48:02', '2016-10-08 20:48:02', 25, 25, 67, 4),
(780, 'Short Pant Pockets', '2016-10-08 20:48:02', '2016-10-08 20:48:02', 25, 25, 67, 8),
(781, 'Short Pant Pockets', '2016-10-08 20:48:02', '2016-10-08 20:48:02', 25, 25, 67, 12),
(782, 'Short Pant Pockets', '2016-10-08 20:48:02', '2016-10-08 20:48:02', 25, 25, 67, 15),
(783, 'Short Pant Pockets', '2016-10-08 20:48:02', '2016-10-08 20:48:02', 25, 25, 67, 17),
(784, 'Short Pant Pockets', '2016-10-08 20:48:02', '2016-10-08 20:48:02', 25, 25, 67, 19),
(785, 'Short Pant Basic Big', '2016-10-08 21:11:13', '2016-10-08 21:11:13', 25, 25, 66, 1),
(786, 'Pantaló Curt Bàsic Gran', '2016-10-08 21:11:13', '2016-10-08 21:11:13', 25, 25, 66, 2),
(787, 'Pantalón Corto Básico Grande', '2016-10-08 21:11:13', '2016-10-08 21:11:13', 25, 25, 66, 4),
(788, 'Short Pant Basic Big', '2016-10-08 21:11:13', '2016-10-08 21:11:13', 25, 25, 66, 8),
(789, 'Short Pant Basic Big', '2016-10-08 21:11:13', '2016-10-08 21:11:13', 25, 25, 66, 12),
(790, 'Short Pant Basic Big', '2016-10-08 21:11:13', '2016-10-08 21:11:13', 25, 25, 66, 15),
(791, 'Short Pant Basic Big', '2016-10-08 21:11:13', '2016-10-08 21:11:13', 25, 25, 66, 17),
(792, 'Short Pant Basic Big', '2016-10-08 21:11:13', '2016-10-08 21:11:13', 25, 25, 66, 19),
(865, 'T-Shirt', '2016-10-08 21:26:58', '2016-10-08 21:26:58', 25, 25, 75, 1),
(866, '', '2016-10-08 21:26:58', '2016-10-08 21:26:58', 25, 25, 75, 2),
(867, '', '2016-10-08 21:26:58', '2016-10-08 21:26:58', 25, 25, 75, 4),
(868, 'áo sơ mi', '2016-10-08 21:26:58', '2016-10-08 21:26:58', 25, 25, 75, 8),
(869, '', '2016-10-08 21:26:58', '2016-10-08 21:26:58', 25, 25, 75, 12),
(870, '', '2016-10-08 21:26:58', '2016-10-08 21:26:58', 25, 25, 75, 15),
(871, '', '2016-10-08 21:26:58', '2016-10-08 21:26:58', 25, 25, 75, 17),
(872, '', '2016-10-08 21:26:58', '2016-10-08 21:26:58', 25, 25, 75, 19),
(1049, 'Tank Top Short', '2016-10-08 21:36:36', '2016-10-08 21:36:36', 25, 25, 65, 1),
(1050, 'Top Curt', '2016-10-08 21:36:36', '2016-10-08 21:36:36', 25, 25, 65, 2),
(1051, 'Top Corto', '2016-10-08 21:36:36', '2016-10-08 21:36:36', 25, 25, 65, 4),
(1052, 'Tank Top Short', '2016-10-08 21:36:36', '2016-10-08 21:36:36', 25, 25, 65, 8),
(1053, 'Tank Top Short', '2016-10-08 21:36:36', '2016-10-08 21:36:36', 25, 25, 65, 12),
(1054, 'Tank Top Short', '2016-10-08 21:36:36', '2016-10-08 21:36:36', 25, 25, 65, 15),
(1055, 'Tank Top Short', '2016-10-08 21:36:36', '2016-10-08 21:36:36', 25, 25, 65, 17),
(1056, 'Tank Top Short', '2016-10-08 21:36:36', '2016-10-08 21:36:36', 25, 25, 65, 19),
(1057, 'Singlet Basic Small', '2016-10-08 21:58:07', '2016-10-08 21:58:07', 25, 25, 63, 1),
(1058, 'Samarreta Bàsica Petita', '2016-10-08 21:58:07', '2016-10-08 21:58:07', 25, 25, 63, 2),
(1059, 'Camiseta sin mangas Básica Pequeña', '2016-10-08 21:58:07', '2016-10-08 21:58:07', 25, 25, 63, 4),
(1060, 'Singlet Basic Small', '2016-10-08 21:58:07', '2016-10-08 21:58:07', 25, 25, 63, 8),
(1061, 'Singlet Basic Small', '2016-10-08 21:58:07', '2016-10-08 21:58:07', 25, 25, 63, 12),
(1062, 'Singlet Basic Small', '2016-10-08 21:58:07', '2016-10-08 21:58:07', 25, 25, 63, 15),
(1063, 'Singlet Basic Small', '2016-10-08 21:58:07', '2016-10-08 21:58:07', 25, 25, 63, 17),
(1064, 'Singlet Basic Small', '2016-10-08 21:58:07', '2016-10-08 21:58:07', 25, 25, 63, 19),
(1065, 'T-Shirt Pro Short Sleeve', '2016-10-11 21:36:33', '2016-10-11 21:36:33', 25, 25, 62, 1),
(1066, 'Camiseta Pro Màniga Curta', '2016-10-11 21:36:33', '2016-10-11 21:36:33', 25, 25, 62, 2),
(1067, 'Camiseta Pro Manga Corta', '2016-10-11 21:36:33', '2016-10-11 21:36:33', 25, 25, 62, 4),
(1068, 'T-Shirt Pro Short Sleeve', '2016-10-11 21:36:33', '2016-10-11 21:36:33', 25, 25, 62, 8),
(1069, 'T-Shirt Pro Short Sleeve', '2016-10-11 21:36:33', '2016-10-11 21:36:33', 25, 25, 62, 12),
(1070, 'T-Shirt Pro Short Sleeve', '2016-10-11 21:36:33', '2016-10-11 21:36:33', 25, 25, 62, 15),
(1071, 'T-Shirt Pro Short Sleeve', '2016-10-11 21:36:33', '2016-10-11 21:36:33', 25, 25, 62, 17),
(1072, 'T-Shirt Pro Short Sleeve', '2016-10-11 21:36:33', '2016-10-11 21:36:33', 25, 25, 62, 19),
(1081, 'Screen Print Small', '2016-10-12 15:12:32', '2016-10-12 15:12:32', 25, 25, 98, 1),
(1082, 'Impresió Serigrafia Petita', '2016-10-12 15:12:32', '2016-10-12 15:12:32', 25, 25, 98, 2),
(1083, 'Impresión Serigrafía Pequeña', '2016-10-12 15:12:32', '2016-10-12 15:12:32', 25, 25, 98, 4),
(1084, 'Screen Print Small', '2016-10-12 15:12:32', '2016-10-12 15:12:32', 25, 25, 98, 8),
(1085, 'Screen Print Small', '2016-10-12 15:12:32', '2016-10-12 15:12:32', 25, 25, 98, 12),
(1086, 'Screen Print Small', '2016-10-12 15:12:32', '2016-10-12 15:12:32', 25, 25, 98, 15),
(1087, 'Screen Print Small', '2016-10-12 15:12:32', '2016-10-12 15:12:32', 25, 25, 98, 17),
(1088, 'Screen Print Small', '2016-10-12 15:12:32', '2016-10-12 15:12:32', 25, 25, 98, 19),
(1089, 'Polo Short Sleeve', '2016-10-15 19:08:01', '2016-10-15 19:08:01', 25, 25, 55, 1),
(1090, 'Polo Màniga Curta', '2016-10-15 19:08:01', '2016-10-15 19:08:01', 25, 25, 55, 2),
(1091, 'Polo Manga Corta', '2016-10-15 19:08:01', '2016-10-15 19:08:01', 25, 25, 55, 4),
(1092, 'Polo Short Sleeve', '2016-10-15 19:08:01', '2016-10-15 19:08:01', 25, 25, 55, 8),
(1093, 'Polo Short Sleeve', '2016-10-15 19:08:01', '2016-10-15 19:08:01', 25, 25, 55, 12),
(1094, 'Polo Short Sleeve', '2016-10-15 19:08:01', '2016-10-15 19:08:01', 25, 25, 55, 15),
(1095, 'Polo Short Sleeve', '2016-10-15 19:08:01', '2016-10-15 19:08:01', 25, 25, 55, 17),
(1096, 'Polo Short Sleeve', '2016-10-15 19:08:01', '2016-10-15 19:08:01', 25, 25, 55, 19);

-- --------------------------------------------------------

--
-- Table structure for table `costing_versions`
--

DROP TABLE IF EXISTS `costing_versions`;
CREATE TABLE IF NOT EXISTS `costing_versions` (
  `id_cost_version` int(11) NOT NULL,
  `cv_version` varchar(255) DEFAULT NULL,
  `cv_material_cost` varchar(255) DEFAULT NULL,
  `cv_process_cost` varchar(255) DEFAULT NULL,
  `cv_waste` varchar(255) DEFAULT NULL,
  `cv_structure` varchar(255) DEFAULT NULL,
  `cv_margin` varchar(255) DEFAULT NULL,
  `cv_fty_cost_0` varchar(255) DEFAULT NULL,
  `cv_weight` varchar(255) DEFAULT NULL,
  `cv_volume` varchar(255) DEFAULT NULL,
  `cv_sketch` varchar(255) DEFAULT NULL,
  `created` datetime DEFAULT NULL,
  `updated` datetime DEFAULT NULL,
  `id_user_created` int(11) DEFAULT NULL,
  `id_user_updated` int(11) DEFAULT NULL,
  `id_cost` int(11) DEFAULT NULL
) ENGINE=InnoDB AUTO_INCREMENT=102 DEFAULT CHARSET=latin1;

--
-- Dumping data for table `costing_versions`
--

INSERT INTO `costing_versions` (`id_cost_version`, `cv_version`, `cv_material_cost`, `cv_process_cost`, `cv_waste`, `cv_structure`, `cv_margin`, `cv_fty_cost_0`, `cv_weight`, `cv_volume`, `cv_sketch`, `created`, `updated`, `id_user_created`, `id_user_updated`, `id_cost`) VALUES
(67, '0.0', NULL, NULL, '0.0', NULL, '0.0', '40000.0', '100.0', '300.0', '', NULL, '2016-10-06 16:20:42', 25, 25, 60),
(68, '1.0', NULL, NULL, '0.0', NULL, '0.0', '60000.0', '100.0', '300.0', '', NULL, '2016-10-06 16:21:53', 25, 25, 60),
(69, '0.0', NULL, NULL, '0.0', NULL, '0.0', '110000.0', '150.0', '650.0', 'P0087-Short_Pockets1.png', NULL, '2016-10-08 20:56:28', 25, 25, 67),
(70, '1.0', NULL, NULL, '0.0', NULL, '0.0', '130000.0', '150.0', '650.0', '', NULL, '2016-10-08 20:55:26', 25, 25, 67),
(71, '0.0', NULL, NULL, '0.0', NULL, '0.0', '50000.0', '130.0', '500.0', '', NULL, '2016-10-08 21:18:39', 25, 25, 66),
(72, '1.0', NULL, NULL, '0.0', NULL, '0.0', '70000.0', '130.0', '500.0', '', NULL, '2016-10-08 21:20:03', 25, 25, 66),
(80, '2.0', NULL, NULL, '0.0', NULL, '0.0', '120000.0', '120.0', '400.0', '', NULL, '2016-10-08 21:37:48', 25, 25, 65),
(81, '3.0', NULL, NULL, '0.0', NULL, '0.0', '140000.0', '120.0', '400.0', '', NULL, '2016-10-08 21:38:44', 25, 25, 65),
(82, '0.0', NULL, NULL, '0.0', NULL, '0.0', '75000.0', '140.0', '600.0', '', NULL, '2016-10-08 21:44:10', 25, 25, 64),
(83, '1.0', NULL, NULL, '0.0', NULL, '0.0', '95000.0', '140.0', '600.0', '', NULL, '2016-10-08 21:56:30', 25, 25, 64),
(84, '0.0', NULL, NULL, '0.0', NULL, '0.0', '80000.0', '130.0', '500.0', '', NULL, '2016-10-08 21:59:22', 25, 25, 63),
(85, '1.0', NULL, NULL, '0.0', NULL, '0.0', '95000.0', '130.0', '500.0', '', NULL, '2016-10-08 22:00:52', 25, 25, 63),
(86, '2.0', NULL, NULL, '0.0', NULL, '0.0', '105000.0', '130.0', '500.0', '', NULL, '2016-10-11 21:32:54', 25, 25, 63),
(87, '2.0', NULL, NULL, '0.0', NULL, '0.0', '110000.0', '140.0', '600.0', '', NULL, '2016-10-08 22:37:01', 25, 25, 64),
(88, '3.0', NULL, NULL, '0.0', NULL, '0.0', '130000.0', '140.0', '600.0', '', NULL, '2016-10-08 22:36:49', 25, 25, 64),
(89, '3.0', NULL, NULL, '0.0', NULL, '0.0', '125000.0', '130.0', '500.0', '', NULL, '2016-10-11 21:32:47', 25, 25, 63),
(90, '0.0', NULL, NULL, '0.0', NULL, '0.0', '190000.0', '150.0', '700.0', '', NULL, '2016-10-11 21:37:38', 25, 25, 62),
(91, '1.0', NULL, NULL, '0.0', NULL, '0.0', '210000.0', '150.0', '700.0', '', NULL, '2016-10-11 21:42:18', 25, 25, 62),
(92, '1.0', NULL, NULL, '0.0', NULL, '0.0', '20000.0', '0.0', '0.0', '', NULL, '2016-10-12 15:08:35', 25, 25, 98),
(93, '2.0', NULL, NULL, '0.0', NULL, '0.0', '25000.0', '0.0', '0.0', '', NULL, '2016-10-12 15:10:35', 25, 25, 98),
(94, '3.0', NULL, NULL, '0.0', NULL, '0.0', '30000.0', '0.0', '0.0', '', NULL, '2016-10-12 15:30:34', 25, 25, 98),
(95, '0', NULL, NULL, '0.0', NULL, '0.0', '95000.0', '150.0', '700.0', '', NULL, '2016-10-13 22:01:12', 25, 25, 53),
(96, '1', NULL, NULL, '0.0', NULL, '0.0', '105000.0', '150.0', '700.0', '', NULL, '2016-10-13 22:09:09', 25, 25, 53),
(97, '0', NULL, NULL, '0.0', NULL, '0.0', '130000.0', '160.0', '900.0', '', NULL, '2016-10-15 19:09:16', 25, 25, 55),
(98, '1', NULL, NULL, '0.0', NULL, '0.0', '145000.0', '160.0', '900.0', '', NULL, '2016-10-15 19:10:36', 25, 25, 55),
(101, '2', NULL, NULL, '0.0', NULL, '0.0', '155000.0', '160.0', '900.0', '', NULL, '2016-10-19 08:35:30', 25, 25, 55);

-- --------------------------------------------------------

--
-- Table structure for table `costing_version_description`
--

DROP TABLE IF EXISTS `costing_version_description`;
CREATE TABLE IF NOT EXISTS `costing_version_description` (
  `id_cost_version_desc` int(11) NOT NULL,
  `cvd_description` longtext CHARACTER SET utf8 COLLATE utf8_unicode_ci,
  `created` datetime DEFAULT NULL,
  `updated` datetime DEFAULT NULL,
  `id_user_created` int(11) DEFAULT NULL,
  `id_user_updated` int(11) DEFAULT NULL,
  `id_cost_version` int(11) DEFAULT NULL,
  `id_language` int(11) DEFAULT NULL
) ENGINE=InnoDB AUTO_INCREMENT=443 DEFAULT CHARSET=latin1;

--
-- Dumping data for table `costing_version_description`
--

INSERT INTO `costing_version_description` (`id_cost_version_desc`, `cvd_description`, `created`, `updated`, `id_user_created`, `id_user_updated`, `id_cost_version`, `id_language`) VALUES
(254, 'No customization', '2016-10-06 16:20:42', '2016-10-06 16:20:42', 25, 25, 67, 1),
(255, 'No customization', '2016-10-06 16:20:42', '2016-10-06 16:20:42', 25, 25, 67, 2),
(256, 'No customization', '2016-10-06 16:20:42', '2016-10-06 16:20:42', 25, 25, 67, 4),
(257, 'Full Print', '2016-10-06 16:21:53', '2016-10-06 16:21:53', 25, 25, 68, 1),
(258, 'Full Print', '2016-10-06 16:21:53', '2016-10-06 16:21:53', 25, 25, 68, 2),
(259, 'Full Print', '2016-10-06 16:21:53', '2016-10-06 16:21:53', 25, 25, 68, 4),
(260, 'Full Print', '2016-10-06 16:21:53', '2016-10-06 16:21:53', 25, 25, 68, 8),
(261, 'Full Print', '2016-10-06 16:21:53', '2016-10-06 16:21:53', 25, 25, 68, 12),
(262, 'Full Print', '2016-10-06 16:21:53', '2016-10-06 16:21:53', 25, 25, 68, 15),
(263, 'No customization', '2016-10-08 20:49:34', '2016-10-08 20:49:34', 25, 25, 69, 1),
(264, 'No personalitzat', '2016-10-08 20:49:34', '2016-10-08 20:49:34', 25, 25, 69, 2),
(265, 'No personalizado', '2016-10-08 20:49:34', '2016-10-08 20:49:34', 25, 25, 69, 4),
(266, 'No customization', '2016-10-08 20:49:34', '2016-10-08 20:49:34', 25, 25, 69, 8),
(267, 'No customization', '2016-10-08 20:49:34', '2016-10-08 20:49:34', 25, 25, 69, 12),
(268, 'No customization', '2016-10-08 20:49:34', '2016-10-08 20:49:34', 25, 25, 69, 15),
(269, 'Sides print', '2016-10-08 20:55:26', '2016-10-08 20:55:26', 25, 25, 70, 1),
(270, 'Laterals impresos', '2016-10-08 20:55:26', '2016-10-08 20:55:26', 25, 25, 70, 2),
(271, 'Laterales impresos', '2016-10-08 20:55:26', '2016-10-08 20:55:26', 25, 25, 70, 4),
(272, 'Sides print', '2016-10-08 20:55:26', '2016-10-08 20:55:26', 25, 25, 70, 8),
(273, 'Sides print', '2016-10-08 20:55:26', '2016-10-08 20:55:26', 25, 25, 70, 12),
(274, 'Sides print', '2016-10-08 20:55:26', '2016-10-08 20:55:26', 25, 25, 70, 15),
(275, 'No customization', '2016-10-08 21:18:39', '2016-10-08 21:18:39', 25, 25, 71, 1),
(276, 'No personalitzat', '2016-10-08 21:18:39', '2016-10-08 21:18:39', 25, 25, 71, 2),
(277, 'No personalizado', '2016-10-08 21:18:39', '2016-10-08 21:18:39', 25, 25, 71, 4),
(278, 'No customization', '2016-10-08 21:18:39', '2016-10-08 21:18:39', 25, 25, 71, 8),
(279, 'No customization', '2016-10-08 21:18:39', '2016-10-08 21:18:39', 25, 25, 71, 12),
(280, 'No customization', '2016-10-08 21:18:39', '2016-10-08 21:18:39', 25, 25, 71, 15),
(281, 'One side print / Sides Print', '2016-10-08 21:20:03', '2016-10-08 21:20:03', 25, 25, 72, 1),
(282, 'Imprès 1 camal / Imprès Laterals', '2016-10-08 21:20:03', '2016-10-08 21:20:03', 25, 25, 72, 2),
(283, 'Imprès 1 camal / Imprès Laterals', '2016-10-08 21:20:03', '2016-10-08 21:20:03', 25, 25, 72, 4),
(284, 'One side print / Sides Print', '2016-10-08 21:20:03', '2016-10-08 21:20:03', 25, 25, 72, 8),
(285, 'One side print / Sides Print', '2016-10-08 21:20:03', '2016-10-08 21:20:03', 25, 25, 72, 12),
(286, 'One side print / Sides Print', '2016-10-08 21:20:03', '2016-10-08 21:20:03', 25, 25, 72, 15),
(321, 'Full print / 1 side print + number', '2016-10-08 21:37:48', '2016-10-08 21:37:48', 25, 25, 80, 1),
(322, 'Full print  / 1 cara + número', '2016-10-08 21:37:48', '2016-10-08 21:37:48', 25, 25, 80, 2),
(323, 'Full print  / 1 lado + número', '2016-10-08 21:37:48', '2016-10-08 21:37:48', 25, 25, 80, 4),
(324, 'Full print / 1 side print + number', '2016-10-08 21:37:48', '2016-10-08 21:37:48', 25, 25, 80, 8),
(325, 'Full print / 1 side print + number', '2016-10-08 21:37:48', '2016-10-08 21:37:48', 25, 25, 80, 12),
(326, 'Full print / 1 side print + number', '2016-10-08 21:37:48', '2016-10-08 21:37:48', 25, 25, 80, 15),
(327, 'Full Print + number', '2016-10-08 21:38:44', '2016-10-08 21:38:44', 25, 25, 81, 1),
(328, 'Full Print + número', '2016-10-08 21:38:44', '2016-10-08 21:38:44', 25, 25, 81, 2),
(329, 'Full Print + número', '2016-10-08 21:38:44', '2016-10-08 21:38:44', 25, 25, 81, 4),
(330, 'Full Print + number', '2016-10-08 21:38:44', '2016-10-08 21:38:44', 25, 25, 81, 8),
(331, 'Full Print + number', '2016-10-08 21:38:44', '2016-10-08 21:38:44', 25, 25, 81, 12),
(332, 'Full Print + number', '2016-10-08 21:38:44', '2016-10-08 21:38:44', 25, 25, 81, 15),
(333, 'No customization', '2016-10-08 21:44:10', '2016-10-08 21:44:10', 25, 25, 82, 1),
(334, 'No personalitzat', '2016-10-08 21:44:10', '2016-10-08 21:44:10', 25, 25, 82, 2),
(335, 'No personalizado', '2016-10-08 21:44:10', '2016-10-08 21:44:10', 25, 25, 82, 4),
(336, 'No customization', '2016-10-08 21:44:10', '2016-10-08 21:44:10', 25, 25, 82, 8),
(337, 'No customization', '2016-10-08 21:44:10', '2016-10-08 21:44:10', 25, 25, 82, 12),
(338, 'No customization', '2016-10-08 21:44:10', '2016-10-08 21:44:10', 25, 25, 82, 15),
(339, 'One side print', '2016-10-08 21:56:30', '2016-10-08 21:56:30', 25, 25, 83, 1),
(340, 'Imprès a 1 cara', '2016-10-08 21:56:30', '2016-10-08 21:56:30', 25, 25, 83, 2),
(341, 'Imprès a 1 cara', '2016-10-08 21:56:30', '2016-10-08 21:56:30', 25, 25, 83, 4),
(342, 'One side print', '2016-10-08 21:56:30', '2016-10-08 21:56:30', 25, 25, 83, 8),
(343, 'One side print', '2016-10-08 21:56:30', '2016-10-08 21:56:30', 25, 25, 83, 12),
(344, 'One side print', '2016-10-08 21:56:30', '2016-10-08 21:56:30', 25, 25, 83, 15),
(345, 'No customization', '2016-10-08 21:59:22', '2016-10-08 21:59:22', 25, 25, 84, 1),
(346, 'No personalitzat', '2016-10-08 21:59:22', '2016-10-08 21:59:22', 25, 25, 84, 2),
(347, 'No personalizado', '2016-10-08 21:59:22', '2016-10-08 21:59:22', 25, 25, 84, 4),
(348, 'No customization', '2016-10-08 21:59:22', '2016-10-08 21:59:22', 25, 25, 84, 8),
(349, 'No customization', '2016-10-08 21:59:22', '2016-10-08 21:59:22', 25, 25, 84, 12),
(350, 'No customization', '2016-10-08 21:59:22', '2016-10-08 21:59:22', 25, 25, 84, 15),
(351, 'One side print', '2016-10-08 22:00:52', '2016-10-08 22:00:52', 25, 25, 85, 1),
(352, 'Imprès a 1 cara', '2016-10-08 22:00:52', '2016-10-08 22:00:52', 25, 25, 85, 2),
(353, 'Impresión a 1 cara', '2016-10-08 22:00:52', '2016-10-08 22:00:52', 25, 25, 85, 4),
(354, 'One side print', '2016-10-08 22:00:52', '2016-10-08 22:00:52', 25, 25, 85, 8),
(355, 'One side print', '2016-10-08 22:00:52', '2016-10-08 22:00:52', 25, 25, 85, 12),
(356, 'One side print', '2016-10-08 22:00:52', '2016-10-08 22:00:52', 25, 25, 85, 15),
(357, 'Full print / 1 side print + number', '2016-10-08 22:02:34', '2016-10-08 22:02:34', 25, 25, 86, 1),
(358, 'Full print  / 1 cara + número', '2016-10-08 22:02:34', '2016-10-08 22:02:34', 25, 25, 86, 2),
(359, 'Full print  / 1 lado + número', '2016-10-08 22:02:34', '2016-10-08 22:02:34', 25, 25, 86, 4),
(360, 'Full print / 1 side print + number', '2016-10-08 22:02:34', '2016-10-08 22:02:34', 25, 25, 86, 8),
(361, 'Full print / 1 side print + number', '2016-10-08 22:02:34', '2016-10-08 22:02:34', 25, 25, 86, 12),
(362, 'Full print / 1 side print + number', '2016-10-08 22:02:34', '2016-10-08 22:02:34', 25, 25, 86, 15),
(363, 'Full print / 1 side print + number', '2016-10-08 22:18:12', '2016-10-08 22:18:12', 25, 25, 87, 1),
(364, 'Full print  / 1 cara + número', '2016-10-08 22:18:12', '2016-10-08 22:18:12', 25, 25, 87, 2),
(365, 'Full print  / 1 lado + número', '2016-10-08 22:18:12', '2016-10-08 22:18:12', 25, 25, 87, 4),
(366, 'Full print / 1 side print + number', '2016-10-08 22:18:12', '2016-10-08 22:18:12', 25, 25, 87, 8),
(367, 'Full print / 1 side print + number', '2016-10-08 22:18:12', '2016-10-08 22:18:12', 25, 25, 87, 12),
(368, 'Full print / 1 side print + number', '2016-10-08 22:18:12', '2016-10-08 22:18:12', 25, 25, 87, 15),
(369, 'Full Print + number', '2016-10-08 22:36:49', '2016-10-08 22:36:49', 25, 25, 88, 1),
(370, 'Full Print + número', '2016-10-08 22:36:49', '2016-10-08 22:36:49', 25, 25, 88, 2),
(371, 'Full Print + número', '2016-10-08 22:36:49', '2016-10-08 22:36:49', 25, 25, 88, 4),
(372, 'Full Print + number', '2016-10-08 22:36:49', '2016-10-08 22:36:49', 25, 25, 88, 8),
(373, 'Full Print + number', '2016-10-08 22:36:49', '2016-10-08 22:36:49', 25, 25, 88, 12),
(374, 'Full Print + number', '2016-10-08 22:36:49', '2016-10-08 22:36:49', 25, 25, 88, 15),
(375, 'Full print + Number', '2016-10-11 21:32:47', '2016-10-11 21:32:47', 25, 25, 89, 1),
(376, 'Full print + Número', '2016-10-11 21:32:47', '2016-10-11 21:32:47', 25, 25, 89, 2),
(377, 'Full print + Número', '2016-10-11 21:32:47', '2016-10-11 21:32:47', 25, 25, 89, 4),
(378, 'Full print + Number', '2016-10-11 21:32:47', '2016-10-11 21:32:47', 25, 25, 89, 8),
(379, 'Full print + Number', '2016-10-11 21:32:47', '2016-10-11 21:32:47', 25, 25, 89, 12),
(380, 'Full print + Number', '2016-10-11 21:32:47', '2016-10-11 21:32:47', 25, 25, 89, 15),
(381, 'No customization', '2016-10-11 21:37:38', '2016-10-11 21:37:38', 25, 25, 90, 1),
(382, 'No personalitzat', '2016-10-11 21:37:38', '2016-10-11 21:37:38', 25, 25, 90, 2),
(383, 'No personalizado', '2016-10-11 21:37:38', '2016-10-11 21:37:38', 25, 25, 90, 4),
(384, 'No customization', '2016-10-11 21:37:38', '2016-10-11 21:37:38', 25, 25, 90, 8),
(385, 'No customization', '2016-10-11 21:37:38', '2016-10-11 21:37:38', 25, 25, 90, 12),
(386, 'No customization', '2016-10-11 21:37:38', '2016-10-11 21:37:38', 25, 25, 90, 15),
(387, 'Print one side', '2016-10-11 21:42:18', '2016-10-11 21:42:18', 25, 25, 91, 1),
(388, 'Imprès a una cara', '2016-10-11 21:42:18', '2016-10-11 21:42:18', 25, 25, 91, 2),
(389, 'Impresión a 1 cara', '2016-10-11 21:42:18', '2016-10-11 21:42:18', 25, 25, 91, 4),
(390, 'Print one side', '2016-10-11 21:42:18', '2016-10-11 21:42:18', 25, 25, 91, 8),
(391, 'Print one side', '2016-10-11 21:42:18', '2016-10-11 21:42:18', 25, 25, 91, 12),
(392, 'Print one side', '2016-10-11 21:42:18', '2016-10-11 21:42:18', 25, 25, 91, 15),
(393, 'Small 10 x 10 cm', '2016-10-12 15:08:35', '2016-10-12 15:08:35', 25, 25, 92, 1),
(394, 'Petit 10 x 10 cm', '2016-10-12 15:08:35', '2016-10-12 15:08:35', 25, 25, 92, 2),
(395, 'Pequeño 10 x 10 cm', '2016-10-12 15:08:35', '2016-10-12 15:08:35', 25, 25, 92, 4),
(396, 'Small 10 x 10 cm', '2016-10-12 15:08:35', '2016-10-12 15:08:35', 25, 25, 92, 8),
(397, 'Small 10 x 10 cm', '2016-10-12 15:08:35', '2016-10-12 15:08:35', 25, 25, 92, 12),
(398, 'Small 10 x 10 cm', '2016-10-12 15:08:35', '2016-10-12 15:08:35', 25, 25, 92, 15),
(399, 'Medium 15 x 15 cm', '2016-10-12 15:10:35', '2016-10-12 15:10:35', 25, 25, 93, 1),
(400, 'Mitjà 15 x 15 cm', '2016-10-12 15:10:35', '2016-10-12 15:10:35', 25, 25, 93, 2),
(401, 'Mediano 15 x 15 cm', '2016-10-12 15:10:35', '2016-10-12 15:10:35', 25, 25, 93, 4),
(402, 'Medium 15 x 15 cm', '2016-10-12 15:10:35', '2016-10-12 15:10:35', 25, 25, 93, 8),
(403, 'Medium 15 x 15 cm', '2016-10-12 15:10:35', '2016-10-12 15:10:35', 25, 25, 93, 12),
(404, 'Medium 15 x 15 cm', '2016-10-12 15:10:35', '2016-10-12 15:10:35', 25, 25, 93, 15),
(405, 'Large 25 x 25 cm', '2016-10-12 15:30:34', '2016-10-12 15:30:34', 25, 25, 94, 1),
(406, 'Gran 25 x 25 cm', '2016-10-12 15:30:34', '2016-10-12 15:30:34', 25, 25, 94, 2),
(407, 'Grande 25 x 25 cm', '2016-10-12 15:30:34', '2016-10-12 15:30:34', 25, 25, 94, 4),
(408, 'Large 25 x 25 cm', '2016-10-12 15:30:34', '2016-10-12 15:30:34', 25, 25, 94, 8),
(409, 'Large 25 x 25 cm', '2016-10-12 15:30:34', '2016-10-12 15:30:34', 25, 25, 94, 12),
(410, 'Large 25 x 25 cm', '2016-10-12 15:30:34', '2016-10-12 15:30:34', 25, 25, 94, 15),
(411, 'No customization', '2016-10-13 22:01:12', '2016-10-13 22:01:12', 25, 25, 95, 1),
(412, 'No personalitzat', '2016-10-13 22:01:12', '2016-10-13 22:01:12', 25, 25, 95, 2),
(413, 'No personalizado', '2016-10-13 22:01:12', '2016-10-13 22:01:12', 25, 25, 95, 4),
(414, 'No customization', '2016-10-13 22:01:12', '2016-10-13 22:01:12', 25, 25, 95, 8),
(415, 'No customization', '2016-10-13 22:01:12', '2016-10-13 22:01:12', 25, 25, 95, 12),
(416, 'No customization', '2016-10-13 22:01:12', '2016-10-13 22:01:12', 25, 25, 95, 15),
(417, 'One side print', '2016-10-13 22:02:32', '2016-10-13 22:02:32', 25, 25, 96, 1),
(418, 'Impressió a 1 cara', '2016-10-13 22:02:32', '2016-10-13 22:02:32', 25, 25, 96, 2),
(419, 'Impresión a 1 cara', '2016-10-13 22:02:32', '2016-10-13 22:02:32', 25, 25, 96, 4),
(420, 'One side print', '2016-10-13 22:02:32', '2016-10-13 22:02:32', 25, 25, 96, 8),
(421, 'One side print', '2016-10-13 22:02:32', '2016-10-13 22:02:32', 25, 25, 96, 12),
(422, 'One side print', '2016-10-13 22:02:32', '2016-10-13 22:02:32', 25, 25, 96, 15),
(423, 'No customization', '2016-10-15 19:09:16', '2016-10-15 19:09:16', 25, 25, 97, 1),
(424, 'No personalitzat', '2016-10-15 19:09:16', '2016-10-15 19:09:16', 25, 25, 97, 2),
(425, 'No personalizado', '2016-10-15 19:09:16', '2016-10-15 19:09:16', 25, 25, 97, 4),
(426, 'No customization', '2016-10-15 19:09:16', '2016-10-15 19:09:16', 25, 25, 97, 8),
(427, 'No customization', '2016-10-15 19:09:16', '2016-10-15 19:09:16', 25, 25, 97, 12),
(428, 'No customization', '2016-10-15 19:09:16', '2016-10-15 19:09:16', 25, 25, 97, 15),
(429, 'Imprès a 1 cara', '2016-10-15 19:10:36', '2016-10-15 19:10:36', 25, 25, 98, 2),
(430, 'Impresión a 1 cara', '2016-10-15 19:10:36', '2016-10-15 19:10:36', 25, 25, 98, 4),
(431, 'One side print', '2016-10-15 19:10:36', '2016-10-15 19:10:36', 25, 25, 98, 8),
(432, 'One side print', '2016-10-15 19:10:36', '2016-10-15 19:10:36', 25, 25, 98, 12),
(433, 'One side printOne side print', '2016-10-15 19:10:36', '2016-10-15 19:10:36', 25, 25, 98, 15),
(437, '2 sides print / 1 side print + number', '2016-10-19 08:35:30', '2016-10-19 08:35:30', 25, 25, 101, 1),
(438, 'Imprès a 2 cares / 1 cara + número', '2016-10-19 08:35:30', '2016-10-19 08:35:30', 25, 25, 101, 2),
(439, 'Impresión a 2 caras / 1 cara + número', '2016-10-19 08:35:30', '2016-10-19 08:35:30', 25, 25, 101, 4),
(440, '2 sides print / 1 side print + number', '2016-10-19 08:35:30', '2016-10-19 08:35:30', 25, 25, 101, 8),
(441, '2 sides print / 1 side print + number', '2016-10-19 08:35:30', '2016-10-19 08:35:30', 25, 25, 101, 12),
(442, '2 sides print / 1 side print + number', '2016-10-19 08:35:30', '2016-10-19 08:35:30', 25, 25, 101, 15);

-- --------------------------------------------------------

--
-- Table structure for table `currency`
--

DROP TABLE IF EXISTS `currency`;
CREATE TABLE IF NOT EXISTS `currency` (
  `id_currency` int(11) NOT NULL,
  `curr_code` varchar(255) DEFAULT NULL,
  `curr_description` longtext CHARACTER SET utf8 COLLATE utf8_unicode_ci,
  `created` datetime DEFAULT NULL,
  `updated` datetime DEFAULT NULL,
  `id_user_created` int(11) DEFAULT NULL,
  `id_user_updated` int(11) DEFAULT NULL
) ENGINE=InnoDB AUTO_INCREMENT=19 DEFAULT CHARSET=latin1;

--
-- Dumping data for table `currency`
--

INSERT INTO `currency` (`id_currency`, `curr_code`, `curr_description`, `created`, `updated`, `id_user_created`, `id_user_updated`) VALUES
(1, 'USD', 'US Dollar', '2016-06-14 16:07:20', NULL, NULL, NULL),
(3, 'VND', 'Vietnam Dong', '2016-06-14 16:07:20', NULL, NULL, NULL),
(6, 'RUB', 'Ruby', '2016-06-14 16:07:20', NULL, NULL, NULL),
(16, 'JPY', 'Yen', '2016-06-14 16:07:20', NULL, NULL, NULL),
(17, 'GBP', 'Pound', '2016-06-14 16:07:20', '2016-10-30 16:25:37', NULL, 1),
(18, 'EUR', 'Euro', '2016-06-14 16:07:20', NULL, NULL, NULL);

-- --------------------------------------------------------

--
-- Table structure for table `currency_convert`
--

DROP TABLE IF EXISTS `currency_convert`;
CREATE TABLE IF NOT EXISTS `currency_convert` (
  `id_curr_conv` int(11) NOT NULL,
  `cc_date` date DEFAULT NULL,
  `cc_value` double DEFAULT NULL,
  `id_currency` int(11) DEFAULT NULL,
  `id_user_created` int(11) DEFAULT NULL,
  `id_user_updated` int(11) DEFAULT NULL
) ENGINE=InnoDB AUTO_INCREMENT=211 DEFAULT CHARSET=latin1;

--
-- Dumping data for table `currency_convert`
--

INSERT INTO `currency_convert` (`id_curr_conv`, `cc_date`, `cc_value`, `id_currency`, `id_user_created`, `id_user_updated`) VALUES
(1, '2016-08-08', 1, 1, 1, 1),
(2, '2016-08-08', 22260, 3, 1, 1),
(3, '2016-08-08', 0.91, 18, 1, 1),
(4, '2016-08-08', 103.75, 16, 1, 1),
(5, '2016-08-08', 70.86, 6, 1, 1),
(6, '2016-08-08', 0.778, 17, 1, 1),
(7, '2016-08-10', 1, 1, 1, 1),
(8, '2016-08-10', 22270, 3, 1, 1),
(9, '2016-08-10', 0.92, 18, 1, 1),
(10, '2016-08-10', 104, 16, 1, 1),
(11, '2016-08-10', 70.8, 6, 1, 1),
(12, '2016-08-10', 0.78, 17, 1, 1),
(13, '2016-08-12', 1, 1, 1, 1),
(14, '2016-08-12', 22250, 3, 1, 1),
(15, '2016-08-12', 0.9, 18, 1, 1),
(16, '2016-08-12', 114.4, 16, 1, 1),
(17, '2016-08-12', 71, 6, 1, 1),
(18, '2016-08-12', 0.79, 17, 1, 1),
(25, '2016-08-15', 1, 1, 1, 1),
(26, '2016-08-15', 22250, 3, 1, 1),
(27, '2016-08-15', 0.9, 18, 1, 1),
(28, '2016-08-15', 114.4, 16, 1, 1),
(29, '2016-08-15', 71, 6, 1, 1),
(30, '2016-08-15', 0.79, 17, 1, 1),
(31, '2016-08-17', 1, 1, 1, 1),
(32, '2016-08-17', 22250, 3, 1, 1),
(33, '2016-08-17', 0.9, 18, 1, 1),
(34, '2016-08-17', 114.4, 16, 1, 1),
(35, '2016-08-17', 71, 6, 1, 1),
(36, '2016-08-17', 0.79, 17, 1, 1),
(37, '2016-08-18', 1, 1, 1, 1),
(38, '2016-08-18', 22250, 3, 1, 1),
(39, '2016-08-18', 0.9, 18, 1, 1),
(40, '2016-08-18', 114.4, 16, 1, 1),
(41, '2016-08-18', 71, 6, 1, 1),
(42, '2016-08-18', 0.79, 17, 1, 1),
(43, '2016-08-19', 1, 1, 1, 1),
(44, '2016-08-19', 22250, 3, 1, 1),
(45, '2016-08-19', 0.9, 18, 1, 1),
(46, '2016-08-19', 114.4, 16, 1, 1),
(47, '2016-08-19', 71, 6, 1, 1),
(48, '2016-08-19', 0.79, 17, 1, 1),
(49, '2016-08-20', 1, 1, 1, 1),
(50, '2016-08-20', 22250, 3, 1, 1),
(51, '2016-08-20', 0.9, 18, 1, 1),
(52, '2016-08-20', 114.4, 16, 1, 1),
(53, '2016-08-20', 71, 6, 1, 1),
(54, '2016-08-20', 0.79, 17, 1, 1),
(55, '2016-08-21', 1, 1, 1, 1),
(56, '2016-08-21', 22250, 3, 1, 1),
(57, '2016-08-21', 0.9, 18, 1, 1),
(58, '2016-08-21', 114.4, 16, 1, 1),
(59, '2016-08-21', 71, 6, 1, 1),
(60, '2016-08-21', 0.79, 17, 1, 1),
(61, '2016-08-22', 1, 1, 1, 1),
(62, '2016-08-22', 22250, 3, 1, 1),
(63, '2016-08-22', 0.9, 18, 1, 1),
(64, '2016-08-22', 114.4, 16, 1, 1),
(65, '2016-08-22', 71, 6, 1, 1),
(66, '2016-08-22', 0.79, 17, 1, 1),
(67, '2016-08-23', 1, 1, 1, 1),
(68, '2016-08-23', 22250, 3, 1, 1),
(69, '2016-08-23', 0.9, 18, 1, 1),
(70, '2016-08-23', 114.4, 16, 1, 1),
(71, '2016-08-23', 71, 6, 1, 1),
(72, '2016-08-23', 0.79, 17, 1, 1),
(73, '2016-08-24', 1, 1, 1, 1),
(74, '2016-08-24', 22250, 3, 1, 1),
(75, '2016-08-24', 0.9, 18, 1, 1),
(76, '2016-08-24', 114.4, 16, 1, 1),
(77, '2016-08-24', 71, 6, 1, 1),
(78, '2016-08-24', 0.79, 17, 1, 1),
(79, '2016-08-25', 1, 1, 1, 1),
(80, '2016-08-25', 22250, 3, 1, 1),
(81, '2016-08-25', 0.9, 18, 1, 1),
(82, '2016-08-25', 114.4, 16, 1, 1),
(83, '2016-08-25', 71, 6, 1, 1),
(84, '2016-08-25', 0.79, 17, 1, 1),
(91, '2016-10-30', 62.955002, 6, 1, 1),
(92, '2016-10-30', 1, 1, 1, 1),
(93, '2016-10-30', 0.909904, 18, 1, 1),
(94, '2016-10-30', 0.820404, 17, 1, 1),
(95, '2016-10-30', 104.69404, 16, 1, 1),
(96, '2016-10-30', 22320, 3, 1, 1),
(97, '2016-10-31', 0.909899, 18, 1, 1),
(98, '2016-10-31', 0.82292, 17, 1, 1),
(99, '2016-10-31', 104.692001, 16, 1, 1),
(100, '2016-10-31', 62.988701, 6, 1, 1),
(101, '2016-10-31', 1, 1, 1, 1),
(102, '2016-10-31', 22320, 3, 1, 1),
(103, '2016-11-01', 63.393902, 6, 1, 1),
(104, '2016-11-01', 0.911099, 18, 1, 1),
(105, '2016-11-01', 0.81744, 17, 1, 1),
(106, '2016-11-01', 1, 1, 1, 1),
(107, '2016-11-01', 104.850998, 16, 1, 1),
(108, '2016-11-01', 22322, 3, 1, 1),
(109, '2016-11-02', 0.903603, 18, 1, 1),
(110, '2016-11-02', 0.816799, 17, 1, 1),
(111, '2016-11-02', 104.012983, 16, 1, 1),
(112, '2016-11-02', 63.326199, 6, 1, 1),
(113, '2016-11-02', 1, 1, 1, 1),
(114, '2016-11-02', 22321, 3, 1, 1),
(115, '2016-11-03', 0.81336, 17, 1, 1),
(116, '2016-11-03', 103.277007, 16, 1, 1),
(117, '2016-11-03', 0.900802, 18, 1, 1),
(118, '2016-11-03', 63.588799, 6, 1, 1),
(119, '2016-11-03', 1, 1, 1, 1),
(120, '2016-11-03', 22321, 3, 1, 1),
(121, '2016-11-04', 0.899901, 18, 1, 1),
(122, '2016-11-04', 63.669802, 6, 1, 1),
(123, '2016-11-04', 1, 1, 1, 1),
(124, '2016-11-04', 0.80297, 17, 1, 1),
(125, '2016-11-04', 102.970001, 16, 1, 1),
(126, '2016-11-04', 22325, 3, 1, 1),
(127, '2016-11-05', 64.217903, 6, 1, 1),
(128, '2016-11-05', 103.15204, 16, 1, 1),
(129, '2016-11-05', 0.79922, 17, 1, 1),
(130, '2016-11-05', 1, 1, 1, 1),
(131, '2016-11-05', 0.89904, 18, 1, 1),
(132, '2016-11-05', 22325, 3, 1, 1),
(133, '2016-11-06', 103.088997, 16, 1, 1),
(134, '2016-11-06', 0.79882, 17, 1, 1),
(135, '2016-11-06', 0.896904, 18, 1, 1),
(136, '2016-11-06', 64.393097, 6, 1, 1),
(137, '2016-11-06', 1, 1, 1, 1),
(138, '2016-11-06', 22325, 3, 1, 1),
(139, '2016-11-07', 1, 1, 1, 1),
(140, '2016-11-07', 0.79882, 17, 1, 1),
(141, '2016-11-07', 64.393097, 6, 1, 1),
(142, '2016-11-07', 0.896898, 18, 1, 1),
(143, '2016-11-07', 103.208009, 16, 1, 1),
(144, '2016-11-07', 22325, 3, 1, 1),
(145, '2016-11-08', 0.80674, 17, 1, 1),
(146, '2016-11-08', 104.545998, 16, 1, 1),
(147, '2016-11-08', 0.905601, 18, 1, 1),
(148, '2016-11-08', 63.655499, 6, 1, 1),
(149, '2016-11-08', 22330, 3, 1, 1),
(150, '2016-11-08', 1, 1, 1, 1),
(151, '2016-11-09', 105.119003, 16, 1, 1),
(152, '2016-11-09', 63.706001, 6, 1, 1),
(153, '2016-11-09', 1, 1, 1, 1),
(154, '2016-11-09', 0.80732, 17, 1, 1),
(155, '2016-11-09', 0.907697, 18, 1, 1),
(156, '2016-11-09', 22334, 3, 1, 1),
(157, '2016-11-10', 0.80489, 17, 1, 1),
(158, '2016-11-10', 0.913303, 18, 1, 1),
(159, '2016-11-10', 105.649002, 16, 1, 1),
(160, '2016-11-10', 63.800999, 6, 1, 1),
(161, '2016-11-10', 1, 1, 1, 1),
(162, '2016-11-10', 22320, 3, 1, 1),
(163, '2016-11-11', 65.346983, 6, 1, 1),
(164, '2016-11-11', 0.917899, 18, 1, 1),
(165, '2016-11-11', 0.79737, 17, 1, 1),
(166, '2016-11-11', 106.614998, 16, 1, 1),
(167, '2016-11-11', 1, 1, 1, 1),
(168, '2016-11-11', 22300, 3, 1, 1),
(169, '2016-11-12', 0.79381, 17, 1, 1),
(170, '2016-11-12', 0.92104, 18, 1, 1),
(171, '2016-11-12', 65.725998, 6, 1, 1),
(172, '2016-11-12', 106.626999, 16, 1, 1),
(173, '2016-11-12', 1, 1, 1, 1),
(174, '2016-11-12', 22320, 3, 1, 1),
(175, '2016-11-13', 0.793704, 17, 1, 1),
(176, '2016-11-13', 65.856404, 6, 1, 1),
(177, '2016-11-13', 0.92104, 18, 1, 1),
(178, '2016-11-13', 106.635002, 16, 1, 1),
(179, '2016-11-13', 1, 1, 1, 1),
(180, '2016-11-13', 22320, 3, 1, 1),
(181, '2016-11-14', 106.671997, 16, 1, 1),
(182, '2016-11-14', 0.79342, 17, 1, 1),
(183, '2016-11-14', 66.045998, 6, 1, 1),
(184, '2016-11-14', 0.922499, 18, 1, 1),
(185, '2016-11-14', 1, 1, 1, 1),
(186, '2016-11-14', 22320, 3, 1, 1),
(187, '2016-11-15', 1, 1, 1, 1),
(188, '2016-11-15', 0.80012, 17, 1, 1),
(189, '2016-11-15', 0.930601, 18, 1, 1),
(190, '2016-11-15', 108.293999, 16, 1, 1),
(191, '2016-11-15', 66.070282, 6, 1, 1),
(192, '2016-11-15', 22335, 3, 1, 1),
(193, '2016-11-16', 1, 1, 1, 1),
(194, '2016-11-16', 0.932041, 18, 1, 1),
(195, '2016-11-16', 108.933998, 16, 1, 1),
(196, '2016-11-16', 64.533997, 6, 1, 1),
(197, '2016-11-16', 22348, 3, 1, 1),
(198, '2016-11-16', 0.80404, 17, 1, 1),
(199, '2016-11-17', 0.936399, 18, 1, 1),
(200, '2016-11-17', 64.605103, 6, 1, 1),
(201, '2016-11-17', 1, 1, 1, 1),
(202, '2016-11-17', 109.290001, 16, 1, 1),
(203, '2016-11-17', 22403, 3, 1, 1),
(204, '2016-11-17', 0.80389, 17, 1, 1),
(205, '2016-11-18', 0.939202, 18, 1, 1),
(206, '2016-11-18', 0.80378, 17, 1, 1),
(207, '2016-11-18', 109.768997, 16, 1, 1),
(208, '2016-11-18', 64.555801, 6, 1, 1),
(209, '2016-11-18', 1, 1, 1, 1),
(210, '2016-11-18', 22410, 3, 1, 1);

-- --------------------------------------------------------

--
-- Table structure for table `customer`
--

DROP TABLE IF EXISTS `customer`;
CREATE TABLE IF NOT EXISTS `customer` (
  `id_Customer` int(11) NOT NULL,
  `cs_code` varchar(255) DEFAULT NULL,
  `cs_name` varchar(255) DEFAULT NULL,
  `created` datetime DEFAULT NULL,
  `updated` datetime DEFAULT NULL,
  `id_user_created` int(11) DEFAULT NULL,
  `id_user_updated` int(11) DEFAULT NULL,
  `id_language` int(11) DEFAULT NULL,
  `id_agent` int(11) DEFAULT NULL,
  `id_Zone` int(11) DEFAULT NULL,
  `id_type_customer` int(11) DEFAULT NULL,
  `id_contact` int(11) DEFAULT NULL
) ENGINE=InnoDB AUTO_INCREMENT=332 DEFAULT CHARSET=latin1;

--
-- Dumping data for table `customer`
--

INSERT INTO `customer` (`id_Customer`, `cs_code`, `cs_name`, `created`, `updated`, `id_user_created`, `id_user_updated`, `id_language`, `id_agent`, `id_Zone`, `id_type_customer`, `id_contact`) VALUES
(1, NULL, '1', '2016-11-14 15:06:02', '2016-11-14 15:47:50', 25, 25, 1, 36, 7, 5, 132),
(2, NULL, '2', '2016-11-14 15:18:10', '2016-11-14 15:18:35', 25, 25, 1, 36, 7, 5, 133),
(3, NULL, '3', '2016-11-14 15:19:07', '2016-11-14 15:19:07', 25, 25, 1, 36, 7, 5, 134),
(4, NULL, '4', '2016-11-14 15:19:42', '2016-11-14 15:19:42', 25, 25, 1, 36, 7, 5, 135),
(5, NULL, '5', '2016-11-14 15:20:14', '2016-11-14 15:20:14', 25, 25, 1, 36, 7, 5, 136),
(6, NULL, '6', '2016-11-14 15:20:39', '2016-11-14 15:37:41', 25, 25, 1, 36, 7, 5, 137),
(7, NULL, 'AE Minguella Badalona', '2016-11-14 15:26:24', '2016-11-14 15:26:24', 25, 25, 2, 15, 5, 3, 138),
(8, NULL, 'CB Montgat', '2016-11-14 15:31:06', '2016-11-14 15:31:06', 25, 25, 2, 15, 5, 3, 139),
(9, NULL, 'CB Palafolls', '2016-11-14 15:31:58', '2016-11-14 15:31:58', 25, 25, 2, 15, 5, 3, 140),
(10, NULL, 'CB Sant Josep Badalona', '2016-11-14 15:32:56', '2016-11-14 15:32:56', 25, 25, 2, 15, 5, 3, 141),
(11, NULL, 'AE Sant Andreu Natzaret', '2016-11-14 15:33:52', '2016-11-14 15:33:52', 25, 25, 2, 15, 5, 3, 142),
(12, NULL, 'CN Terrassa', '2016-11-14 15:36:39', '2016-11-14 15:36:39', 25, 25, 2, 27, 5, 3, 143),
(13, NULL, 'CB Tiana', '2016-11-14 15:37:21', '2016-11-14 15:37:21', 25, 25, 2, 15, 5, 3, 144),
(14, NULL, '14', '2016-11-14 15:38:55', '2016-11-14 15:38:55', 25, 25, 1, 36, 7, 5, 145),
(15, NULL, '15', '2016-11-14 15:39:29', '2016-11-14 15:39:29', 25, 25, 1, 36, 7, 5, 146),
(16, NULL, 'CF Badalona', '2016-11-14 15:40:12', '2016-11-14 15:40:12', 25, 25, 2, 15, 5, 3, 147),
(17, NULL, '17', '2016-11-14 15:40:44', '2016-11-14 15:40:44', 25, 25, 2, 36, 7, 5, 148),
(18, NULL, '18', '2016-11-14 15:41:13', '2016-11-14 15:41:13', 25, 25, 1, 36, 7, 5, 149),
(19, NULL, '19', '2016-11-14 15:41:52', '2016-11-14 15:41:52', 25, 25, 1, 36, 7, 5, 150),
(20, NULL, '20', '2016-11-14 15:42:38', '2016-11-14 15:42:38', 25, 25, 1, 36, 7, 5, 151),
(21, NULL, '21', '2016-11-14 15:44:35', '2016-11-14 15:44:35', 25, 25, 1, 36, 7, 5, 152),
(22, NULL, '22', '2016-11-14 15:44:59', '2016-11-18 11:31:15', 25, 25, 1, 36, 7, 5, 153),
(23, NULL, 'UE Sant Joan Montcada', '2016-11-14 15:46:19', '2016-11-14 15:46:19', 25, 25, 2, 15, 5, 3, 154),
(24, NULL, 'Olimaja', '2016-11-14 15:46:57', '2016-11-14 15:46:57', 25, 25, 2, 15, 5, 3, 155),
(25, NULL, '25', '2016-11-14 15:47:33', '2016-11-18 11:31:34', 25, 25, 1, 36, 7, 5, 156),
(26, NULL, '26', '2016-11-14 15:48:30', '2016-11-14 15:48:30', 25, 25, 1, 36, 7, 5, 157),
(27, NULL, 'CE Pla den Boet', '2016-11-14 15:50:29', '2016-11-14 15:50:29', 25, 25, 2, 15, 5, 3, 158),
(28, NULL, '28', '2016-11-14 15:51:02', '2016-11-14 15:51:02', 25, 25, 1, 36, 7, 5, 159),
(29, NULL, '29', '2016-11-14 15:51:22', '2016-11-14 15:51:22', 25, 25, 1, 36, 7, 5, 160),
(30, NULL, 'AE Futsal Tiana', '2016-11-14 15:52:13', '2016-11-14 15:52:13', 25, 25, 2, 15, 5, 3, 161),
(31, NULL, '31', '2016-11-14 15:52:46', '2016-11-18 11:31:46', 25, 25, 1, 36, 7, 5, 162),
(32, NULL, '32', '2016-11-14 15:53:19', '2016-11-14 15:53:19', 25, 25, 1, 36, 7, 5, 163),
(33, NULL, 'Hanoi Drink Club', '2016-11-14 16:10:40', '2016-11-14 19:43:27', 25, 25, 1, 14, 6, 3, 164),
(34, NULL, '34', '2016-11-14 16:11:17', '2016-11-14 16:11:17', 25, 25, 1, 36, 7, 5, 165),
(35, NULL, '35', '2016-11-14 16:11:40', '2016-11-14 16:11:40', 25, 25, 1, 36, 7, 5, 166),
(36, NULL, '36', '2016-11-14 16:12:06', '2016-11-14 16:12:06', 25, 25, 1, 36, 7, 5, 167),
(37, NULL, '37', '2016-11-14 16:13:00', '2016-11-14 16:13:00', 25, 25, 1, 36, 7, 5, 168),
(38, NULL, '38', '2016-11-14 16:13:25', '2016-11-14 16:13:25', 25, 25, 1, 36, 7, 5, 169),
(39, NULL, 'ASME Handball i Basquet', '2016-11-14 16:15:51', '2016-11-14 16:17:40', 25, 25, 2, 15, 5, 3, 170),
(40, NULL, 'ASME Hoquei', '2016-11-14 16:17:08', '2016-11-14 16:17:08', 25, 25, 1, 15, 5, 5, 171),
(41, NULL, 'Hoquei Banyoles', '2016-11-14 16:18:58', '2016-11-14 16:18:58', 25, 25, 2, 15, 5, 3, 172),
(42, NULL, '42', '2016-11-14 16:20:17', '2016-11-14 16:20:17', 25, 25, 1, 36, 7, 5, 173),
(43, NULL, '43', '2016-11-14 16:20:39', '2016-11-14 16:20:39', 25, 25, 1, 36, 7, 5, 174),
(44, NULL, '44', '2016-11-14 16:20:56', '2016-11-14 16:20:56', 25, 25, 1, 36, 7, 5, 175),
(45, NULL, '45', '2016-11-14 16:21:59', '2016-11-14 16:21:59', 25, 25, 1, 36, 7, 5, 176),
(46, NULL, '46', '2016-11-14 16:22:22', '2016-11-14 16:22:22', 25, 25, 1, 36, 7, 5, 177),
(47, NULL, '47', '2016-11-14 16:22:44', '2016-11-14 16:22:44', 25, 25, 1, 36, 7, 5, 178),
(48, NULL, 'FedEx', '2016-11-14 16:23:14', '2016-11-14 16:34:12', 25, 25, 1, 14, 6, 1, 179),
(50, NULL, 'BRACAP', '2016-11-14 16:26:11', '2016-11-14 19:44:24', 25, 25, 1, 14, 6, 1, 180),
(51, NULL, '51', '2016-11-14 16:37:44', '2016-11-14 16:37:44', 25, 25, 1, 36, 7, 5, 181),
(52, NULL, '52', '2016-11-14 16:38:08', '2016-11-14 16:38:08', 25, 25, 1, 36, 7, 5, 182),
(53, NULL, '53', '2016-11-14 16:38:36', '2016-11-14 16:38:36', 25, 25, 1, 36, 7, 5, 183),
(54, NULL, '54', '2016-11-14 16:39:03', '2016-11-14 16:39:03', 25, 25, 1, 36, 7, 5, 184),
(55, NULL, '55', '2016-11-14 16:39:27', '2016-11-14 16:39:27', 25, 25, 1, 36, 7, 5, 185),
(56, NULL, '56', '2016-11-14 16:40:06', '2016-11-14 16:40:06', 25, 25, 1, 36, 7, 5, 186),
(57, NULL, '57', '2016-11-14 16:40:56', '2016-11-14 16:40:56', 25, 25, 1, 36, 7, 5, 187),
(58, NULL, 'Seabornes', '2016-11-14 16:42:21', '2016-11-14 16:42:21', 25, 25, 1, 14, 6, 1, 188),
(59, NULL, '59', '2016-11-14 16:43:01', '2016-11-14 16:43:01', 25, 25, 1, 36, 7, 5, 189),
(60, NULL, '60', '2016-11-14 16:43:24', '2016-11-14 16:43:24', 25, 25, 1, 36, 7, 5, 190),
(61, NULL, '61', '2016-11-14 16:44:10', '2016-11-14 16:44:10', 25, 25, 1, 36, 7, 5, 191),
(62, NULL, '62', '2016-11-14 16:44:49', '2016-11-14 16:44:49', 25, 25, 1, 36, 7, 5, 192),
(63, NULL, 'Voluntaris Badalona', '2016-11-14 16:45:43', '2016-11-14 19:45:01', 25, 25, 2, 15, 5, 1, 193),
(64, NULL, '64', '2016-11-14 16:46:34', '2016-11-14 16:46:34', 25, 25, 1, 36, 7, 5, 194),
(65, NULL, 'ISHCMC', '2016-11-14 16:47:45', '2016-11-14 19:45:29', 25, 25, 1, 14, 6, 2, 195),
(66, NULL, 'RMIT Saigon', '2016-11-14 16:49:21', '2016-11-14 19:46:03', 25, 25, 1, 24, 6, 2, 196),
(67, NULL, '67', '2016-11-14 16:49:52', '2016-11-14 16:49:52', 25, 25, 1, 36, 7, 5, 197),
(68, NULL, 'BIS Saigon', '2016-11-14 16:50:38', '2016-11-14 19:46:35', 25, 25, 1, 14, 6, 2, 198),
(69, NULL, 'AEE Col.legi Cultural', '2016-11-14 16:52:18', '2016-11-14 16:52:18', 25, 25, 2, 15, 5, 2, 199),
(70, NULL, 'Tenis Raco', '2016-11-14 16:53:04', '2016-11-14 16:53:04', 25, 25, 2, 15, 5, 3, 200),
(71, NULL, 'Volei Platja Montgat', '2016-11-14 16:53:52', '2016-11-14 16:53:52', 25, 25, 2, 15, 5, 3, 201),
(72, NULL, 'Club Volei Tiana', '2016-11-14 16:56:22', '2016-11-14 16:56:22', 25, 25, 2, 15, 5, 3, 202),
(73, NULL, '73', '2016-11-14 16:57:10', '2016-11-14 16:57:10', 25, 25, 1, 36, 7, 5, 203),
(74, NULL, '74', '2016-11-14 17:04:29', '2016-11-14 17:04:29', 25, 25, 1, 36, 7, 5, 204),
(75, NULL, '75', '2016-11-14 17:05:30', '2016-11-14 17:05:30', 25, 25, 1, 36, 7, 5, 205),
(76, NULL, '76', '2016-11-14 17:06:05', '2016-11-14 17:06:05', 25, 25, 1, 36, 7, 5, 206),
(77, NULL, 'The American School - TAS', '2016-11-14 17:06:43', '2016-11-14 19:47:44', 25, 25, 1, 14, 6, 2, 207),
(78, NULL, '78', '2016-11-14 17:07:15', '2016-11-14 17:07:15', 25, 25, 1, 36, 7, 5, 208),
(79, NULL, 'Ramsay Mc Donald', '2016-11-14 17:10:05', '2016-11-14 17:10:05', 25, 25, 1, 24, 6, 1, 209),
(80, NULL, 'UGE Badalona', '2016-11-14 17:11:00', '2016-11-14 17:11:00', 25, 25, 2, 15, 5, 3, 210),
(81, NULL, '81', '2016-11-14 17:11:33', '2016-11-14 17:11:33', 25, 25, 1, 36, 7, 5, 211),
(82, NULL, 'DHT', '2016-11-14 17:12:26', '2016-11-14 17:12:26', 25, 25, 1, 24, 6, 3, 212),
(83, NULL, '83', '2016-11-14 17:13:27', '2016-11-14 17:13:27', 25, 25, 1, 36, 7, 5, 213),
(84, NULL, '84', '2016-11-14 17:14:00', '2016-11-14 17:14:00', 25, 25, 1, 36, 7, 5, 214),
(85, NULL, 'Footvia', '2016-11-14 17:14:48', '2016-11-14 17:14:48', 25, 25, 2, 15, 5, 3, 215),
(86, NULL, 'Tecnotennis', '2016-11-14 17:15:38', '2016-11-14 17:15:38', 25, 25, 2, 15, 5, 3, 216),
(87, NULL, 'PCC', '2016-11-14 17:16:20', '2016-11-14 19:48:25', 25, 25, 1, 24, 6, 1, 217),
(88, NULL, 'CV Mataro', '2016-11-14 17:18:39', '2016-11-14 17:18:39', 25, 25, 2, 15, 5, 3, 218),
(89, NULL, 'Basquet Draft Gramanet', '2016-11-14 17:34:30', '2016-11-14 17:34:30', 25, 25, 2, 15, 5, 3, 219),
(90, NULL, '90', '2016-11-14 17:35:43', '2016-11-14 17:35:43', 25, 25, 1, 36, 7, 5, 220),
(91, NULL, 'Ceissa Sant Andreu', '2016-11-14 17:36:17', '2016-11-14 17:36:17', 25, 25, 2, 15, 5, 3, 221),
(92, NULL, 'Escacs Sant Josep', '2016-11-14 17:37:26', '2016-11-14 17:37:26', 25, 25, 2, 15, 5, 3, 222),
(93, NULL, '93', '2016-11-14 17:42:00', '2016-11-14 17:42:00', 25, 25, 1, 36, 7, 5, 223),
(94, NULL, '94', '2016-11-14 17:43:28', '2016-11-14 17:43:28', 25, 25, 1, 36, 7, 5, 224),
(95, NULL, '95', '2016-11-14 17:43:54', '2016-11-14 17:43:54', 25, 25, 1, 36, 7, 5, 225),
(96, NULL, 'Futsal Iris Badalona', '2016-11-14 17:44:47', '2016-11-14 17:44:47', 25, 25, 2, 15, 5, 3, 226),
(97, NULL, 'Corazonistas', '2016-11-14 17:45:45', '2016-11-14 17:45:45', 25, 25, 2, 15, 5, 3, 227),
(98, NULL, 'Ultimate Mifune', '2016-11-14 17:47:20', '2016-11-14 17:47:20', 25, 25, 2, 15, 5, 3, 228),
(99, NULL, 'Federacio Catalana Criquet', '2016-11-14 17:48:39', '2016-11-14 17:48:39', 25, 25, 2, 15, 5, 3, 229),
(100, NULL, 'BVIS Saigon', '2016-11-14 17:49:48', '2016-11-14 19:48:42', 25, 25, 1, 14, 6, 2, 230),
(101, NULL, '101', '2016-11-14 17:50:12', '2016-11-14 17:50:12', 25, 25, 1, 36, 7, 5, 231),
(102, NULL, 'Concordia School', '2016-11-14 17:51:31', '2016-11-14 17:51:31', 25, 25, 1, 14, 6, 2, 232),
(103, NULL, 'Ademar Sarau', '2016-11-14 17:52:08', '2016-11-14 17:52:08', 25, 25, 2, 15, 5, 3, 233),
(104, NULL, 'UNIS', '2016-11-14 17:52:58', '2016-11-14 17:52:58', 25, 25, 1, 14, 6, 2, 234),
(105, NULL, 'Basquet Gallaghers', '2016-11-14 17:54:37', '2016-11-14 17:54:37', 25, 25, 2, 15, 5, 3, 235),
(106, NULL, 'Maristes Ademar Badalona', '2016-11-14 17:56:01', '2016-11-14 17:56:01', 25, 25, 2, 15, 5, 2, 236),
(107, NULL, '107', '2016-11-14 17:56:39', '2016-11-14 17:56:39', 25, 25, 1, 36, 7, 5, 237),
(108, NULL, 'Minsk', '2016-11-14 17:58:21', '2016-11-14 20:10:23', 25, 25, 1, 14, 6, 3, 238),
(109, NULL, 'CV Premia de Dalt', '2016-11-14 18:00:20', '2016-11-14 18:00:20', 25, 25, 2, 15, 5, 3, 239),
(110, NULL, '110', '2016-11-14 18:02:43', '2016-11-14 18:03:43', 25, 25, 1, 36, 7, 5, 240),
(111, NULL, 'MTB Castellon', '2016-11-14 18:04:37', '2016-11-14 18:04:37', 25, 25, 2, 19, 5, 3, 241),
(112, NULL, 'BUKKET Tiana', '2016-11-14 18:05:47', '2016-11-14 18:05:47', 25, 25, 2, 15, 5, 3, 242),
(113, NULL, '113', '2016-11-14 18:06:14', '2016-11-14 18:06:14', 25, 25, 1, 36, 7, 5, 243),
(114, NULL, 'Belgrado', '2016-11-14 18:06:49', '2016-11-14 18:06:49', 25, 25, 2, 15, 5, 3, 244),
(115, NULL, '115', '2016-11-14 18:07:26', '2016-11-14 18:07:26', 25, 25, 1, 36, 7, 5, 245),
(116, NULL, 'Atletisme Kanaletes', '2016-11-15 14:42:54', '2016-11-15 14:42:54', 25, 25, 2, 15, 5, 3, 246),
(117, NULL, 'Ultimate Sabadell', '2016-11-15 14:43:32', '2016-11-15 14:43:32', 25, 25, 2, 15, 5, 3, 247),
(118, NULL, 'Hanoi Int School HIS', '2016-11-15 14:45:34', '2016-11-15 14:45:34', 25, 25, 1, 14, 6, 2, 248),
(119, NULL, 'Ipsi BCN', '2016-11-15 14:46:58', '2016-11-15 14:46:58', 25, 25, 1, 14, 6, 3, 249),
(120, NULL, 'ISSP', '2016-11-15 14:47:39', '2016-11-15 14:47:39', 25, 25, 1, 14, 6, 3, 250),
(121, NULL, 'Club Ciclista Blanes', '2016-11-15 14:49:00', '2016-11-15 14:49:00', 25, 25, 2, 15, 5, 3, 251),
(122, NULL, '22', '2016-11-15 14:50:08', '2016-11-15 14:50:08', 25, 25, 1, 36, 7, 5, 252),
(123, NULL, '23', '2016-11-15 14:51:12', '2016-11-15 14:51:12', 25, 25, 1, 36, 7, 5, 253),
(124, NULL, 'Padel ADT', '2016-11-15 14:52:03', '2016-11-15 14:52:03', 25, 25, 2, 15, 5, 3, 254),
(125, NULL, 'Campus Elite Jove', '2016-11-15 14:55:43', '2016-11-15 14:55:43', 25, 25, 2, 15, 5, 4, 255),
(126, NULL, '26', '2016-11-15 14:57:49', '2016-11-15 14:57:49', 25, 25, 1, 36, 7, 5, 256),
(127, NULL, '27', '2016-11-15 14:58:06', '2016-11-15 14:58:06', 25, 25, 1, 36, 7, 5, 257),
(128, NULL, '28', '2016-11-15 14:58:27', '2016-11-15 14:58:27', 25, 25, 1, 36, 7, 5, 258),
(129, NULL, 'New Borns', '2016-11-15 14:59:13', '2016-11-15 14:59:13', 25, 25, 1, 14, 6, 3, 259),
(130, NULL, 'Saigon Handball Club SHBC', '2016-11-15 15:01:21', '2016-11-15 15:01:21', 25, 25, 1, 24, 6, 3, 260),
(131, NULL, 'ATC Sant Pol', '2016-11-15 15:02:45', '2016-11-15 15:02:45', 25, 25, 2, 15, 5, 3, 261),
(132, NULL, 'Arbitres Sense Fronteres', '2016-11-15 15:11:16', '2016-11-15 15:11:16', 25, 25, 2, 15, 5, 1, 262),
(133, NULL, 'Campus Luci Pascua', '2016-11-15 15:20:04', '2016-11-15 15:20:04', 25, 25, 2, 15, 5, 4, 263),
(134, NULL, 'TNM Miquel', '2016-11-15 15:21:57', '2016-11-15 15:21:57', 25, 25, 2, 24, 6, 1, 264),
(135, NULL, 'Hanoi Nat Sport Training Centre', '2016-11-15 15:25:36', '2016-11-15 15:25:36', 25, 25, 1, 14, 6, 1, 265),
(136, NULL, 'Velo Brands UK', '2016-11-15 15:26:29', '2016-11-15 15:26:29', 25, 25, 1, 24, 6, 1, 266),
(137, NULL, 'Duy Tien High School A1', '2016-11-15 15:27:52', '2016-11-15 15:27:52', 25, 25, 1, 14, 6, 2, 267),
(138, NULL, 'CF Roses', '2016-11-15 15:28:33', '2016-11-15 15:28:33', 25, 25, 2, 15, 5, 3, 268),
(139, NULL, 'Festo Futsal', '2016-11-15 15:29:47', '2016-11-15 15:29:47', 25, 25, 2, 15, 5, 3, 269),
(140, NULL, 'SSIS', '2016-11-15 15:30:44', '2016-11-15 15:30:44', 25, 25, 1, 14, 6, 3, 270),
(141, NULL, 'Fed Catalana Futsal', '2016-11-15 15:33:43', '2016-11-15 15:33:43', 25, 25, 2, 15, 5, 3, 271),
(142, NULL, 'Ta Lai Adventures', '2016-11-15 15:37:32', '2016-11-15 15:37:32', 25, 25, 1, 24, 6, 1, 272),
(143, NULL, 'Hanoi Japanese Swim Club - HJSC', '2016-11-15 15:38:59', '2016-11-15 15:38:59', 25, 25, 1, 14, 6, 3, 273),
(144, NULL, 'UE Tossa', '2016-11-15 15:40:05', '2016-11-15 15:40:05', 25, 25, 2, 15, 5, 3, 274),
(145, NULL, 'Jack Daniels', '2016-11-15 15:41:00', '2016-11-15 15:41:00', 25, 25, 4, 15, 5, 1, 275),
(146, NULL, 'BES Hanoi', '2016-11-15 15:42:37', '2016-11-15 15:42:37', 25, 25, 1, 14, 6, 3, 276),
(147, NULL, 'Escola Montcada', '2016-11-15 15:44:40', '2016-11-15 15:44:40', 25, 25, 2, 15, 5, 2, 277),
(148, NULL, 'LIz', '2016-11-15 15:46:49', '2016-11-15 15:46:49', 25, 25, 1, 24, 6, 1, 278),
(149, NULL, 'Basquet Cabanes', '2016-11-15 15:47:49', '2016-11-15 15:47:49', 25, 25, 2, 19, 5, 3, 279),
(150, NULL, 'Campus Benicarlo', '2016-11-15 15:48:42', '2016-11-15 15:48:42', 25, 25, 4, 19, 5, 4, 280),
(151, NULL, 'Nou Basquet Castello', '2016-11-15 15:49:35', '2016-11-15 15:49:35', 25, 25, 2, 19, 5, 3, 281),
(152, NULL, 'Le Fruit - Dong', '2016-11-15 15:52:38', '2016-11-15 15:52:38', 25, 25, 1, 14, 6, 3, 282),
(153, NULL, 'SVAT', '2016-11-15 15:53:32', '2016-11-15 15:53:32', 25, 25, 2, 15, 5, 1, 283),
(154, NULL, 'Ao Thun', '2016-11-15 16:01:00', '2016-11-15 16:01:00', 25, 25, 1, 24, 6, 3, 284),
(155, NULL, 'DS Barnus', '2016-11-15 16:02:20', '2016-11-15 16:02:20', 25, 25, 2, 27, 5, 1, 285),
(156, NULL, 'UB Llefia', '2016-11-15 16:03:03', '2016-11-15 16:03:03', 25, 25, 2, 15, 5, 3, 286),
(157, NULL, 'AE La Salut Pere Gol', '2016-11-15 16:03:45', '2016-11-15 16:03:45', 25, 25, 2, 15, 5, 3, 287),
(158, NULL, 'Primer Toque CF', '2016-11-15 16:04:47', '2016-11-15 16:04:47', 25, 25, 2, 19, 5, 3, 288),
(159, NULL, 'Club Bellavista Milan', '2016-11-15 16:05:30', '2016-11-15 16:05:30', 25, 25, 2, 15, 5, 3, 289),
(160, NULL, 'Barcelona Basket Academy', '2016-11-15 16:06:24', '2016-11-15 16:06:24', 25, 25, 2, 15, 5, 1, 290),
(161, NULL, 'CB Jovent Alaior', '2016-11-15 16:13:13', '2016-11-15 16:13:13', 25, 25, 2, 20, 5, 3, 291),
(162, NULL, 'Gem Mataro', '2016-11-15 16:13:50', '2016-11-15 16:13:50', 25, 25, 2, 15, 5, 2, 292),
(163, NULL, 'Bad News Burns', '2016-11-15 16:15:02', '2016-11-15 16:15:02', 25, 25, 1, 14, 6, 1, 293),
(164, NULL, 'Balonmano Elda Prestigio', '2016-11-15 16:16:48', '2016-11-15 16:16:48', 25, 25, 4, 31, 5, 3, 294),
(165, NULL, 'Torneig El Bressol', '2016-11-15 16:17:34', '2016-11-15 16:17:34', 25, 25, 2, 15, 5, 4, 295),
(166, NULL, 'AE Fornells', '2016-11-15 16:23:23', '2016-11-15 16:23:23', 25, 25, 2, 15, 5, 3, 296),
(167, NULL, 'Hanoi Ultimate', '2016-11-15 16:24:19', '2016-11-15 16:24:19', 25, 25, 1, 14, 6, 4, 297),
(168, NULL, 'Chapeau UK', '2016-11-15 16:25:02', '2016-11-15 16:25:02', 25, 25, 1, 24, 6, 3, 298),
(169, NULL, 'Corre o Derrama', '2016-11-15 16:27:42', '2016-11-15 16:27:42', 25, 25, 4, 19, 5, 3, 299),
(170, NULL, 'Amics del Basquet Castello', '2016-11-15 16:29:11', '2016-11-15 16:29:11', 25, 25, 2, 19, 5, 3, 300),
(171, NULL, 'Crossfit Tay Ho', '2016-11-15 16:30:17', '2016-11-15 16:30:17', 25, 25, 1, 14, 6, 1, 301),
(172, NULL, 'Trobz', '2016-11-15 16:30:51', '2016-11-15 16:30:51', 25, 25, 1, 24, 6, 1, 302),
(173, NULL, '173', '2016-11-15 16:31:37', '2016-11-15 16:31:37', 25, 25, 1, 36, 7, 5, 303),
(174, NULL, 'Handbol Almassora', '2016-11-15 16:32:44', '2016-11-15 16:32:44', 25, 25, 4, 19, 5, 3, 304),
(175, NULL, 'CIS', '2016-11-15 16:33:06', '2016-11-15 16:33:06', 25, 25, 1, 24, 6, 1, 305),
(176, NULL, 'CN Sant ANdreu', '2016-11-15 16:41:46', '2016-11-15 16:41:46', 25, 25, 2, 27, 5, 3, 306),
(177, NULL, 'Rainbow Divers', '2016-11-15 16:42:29', '2016-11-15 16:42:29', 25, 25, 1, 14, 6, 3, 307),
(178, NULL, 'IBS', '2016-11-15 16:42:52', '2016-11-15 16:42:52', 25, 25, 1, 24, 6, 1, 308),
(179, NULL, 'Club Arenys Basquet', '2016-11-15 16:44:07', '2016-11-16 14:02:32', 25, 25, 2, 20, 5, 3, 309),
(180, NULL, 'Deportivo Retamar', '2016-11-15 16:44:49', '2016-11-16 13:44:08', 25, 25, 4, 31, 5, 3, 310),
(181, NULL, 'Basquet Escudero', '2016-11-15 16:46:43', '2016-11-16 14:02:01', 25, 25, 4, 19, 5, 3, 311),
(182, NULL, 'CB Benicarlo', '2016-11-15 16:47:30', '2016-11-16 14:03:04', 25, 25, 4, 19, 5, 3, 312),
(183, NULL, 'CB Vic', '2016-11-15 16:48:22', '2016-11-16 14:03:30', 25, 25, 2, 20, 5, 3, 313),
(184, NULL, 'Barcelona Lleure', '2016-11-15 16:50:00', '2016-11-16 13:47:04', 25, 25, 2, 15, 5, 3, 314),
(185, NULL, 'Ribes', '2016-11-15 16:51:13', '2016-11-16 13:48:24', 25, 25, 2, 15, 5, 3, 315),
(186, NULL, 'ASME Staff', '2016-11-15 16:53:10', '2016-11-16 13:49:15', 25, 25, 4, 15, 5, 3, 316),
(187, NULL, 'Club Futbol TSI', '2016-11-15 16:53:54', '2016-11-16 13:50:07', 25, 25, 2, 15, 5, 3, 317),
(188, NULL, 'Barcelona Pro Basquet', '2016-11-15 16:54:38', '2016-11-16 13:51:34', 25, 25, 2, 15, 5, 3, 318),
(189, NULL, 'Balonmano Bardenas', '2016-11-15 16:55:53', '2016-11-16 14:03:58', 25, 25, 4, 31, 5, 3, 319),
(190, NULL, 'Basquet Teia', '2016-11-15 16:56:14', '2016-11-16 13:54:39', 25, 25, 2, 15, 5, 3, 320),
(191, NULL, 'Basquet Arenys de Mar', '2016-11-16 13:37:27', '2016-11-16 14:05:07', 25, 25, 2, 20, 5, 3, 321),
(192, NULL, 'GADEX', '2016-11-16 13:38:07', '2016-11-16 14:06:06', 25, 25, 4, 15, 5, 3, 322),
(193, NULL, 'Gravats Aubanell', '2016-11-16 13:38:39', '2016-11-16 14:07:17', 25, 25, 2, 26, 5, 1, 323),
(194, NULL, 'Volei Sant Joan', '2016-11-16 13:39:11', '2016-11-16 14:08:23', 25, 25, 2, 31, 5, 3, 324),
(195, NULL, 'CB Cartagena', '2016-11-16 13:39:48', '2016-11-16 14:09:19', 25, 25, 4, 31, 5, 3, 325),
(196, NULL, 'Gimnastic Catalunya', '2016-11-16 13:41:24', '2016-11-16 14:09:57', 25, 25, 2, 15, 5, 3, 326),
(197, NULL, 'Club Hipic Banyoles', '2016-11-16 14:49:07', '2016-11-16 14:49:07', 25, 25, 2, 15, 5, 3, 327),
(198, NULL, 'CN Alcoi', '2016-11-16 14:50:08', '2016-11-16 14:50:08', 25, 25, 2, 27, 5, 3, 328),
(199, NULL, 'CN Fortuna', '2016-11-16 14:50:41', '2016-11-16 14:50:41', 25, 25, 4, 27, 5, 3, 329),
(200, NULL, 'Club Volei Esplugues', '2016-11-16 14:52:17', '2016-11-16 14:52:17', 25, 25, 2, 15, 5, 3, 330),
(201, NULL, 'Fed. Madrilena Natcion', '2016-11-16 14:54:14', '2016-11-16 14:54:14', 25, 25, 4, 27, 5, 3, 331),
(202, NULL, 'ABEB Entrenadors', '2016-11-16 14:54:57', '2016-11-16 14:54:57', 25, 25, 2, 15, 5, 3, 332),
(203, NULL, 'Escola Assis', '2016-11-16 14:55:50', '2016-11-16 14:56:06', 25, 25, 2, 15, 5, 2, 333),
(204, NULL, 'Escola El Pilar', '2016-11-16 14:56:36', '2016-11-16 14:56:36', 25, 25, 2, 15, 5, 2, 334),
(205, NULL, 'Institut Premia', '2016-11-16 14:57:06', '2016-11-16 14:57:06', 25, 25, 2, 15, 5, 2, 335),
(206, NULL, 'CFS Empenta', '2016-11-16 14:57:52', '2016-11-16 14:57:52', 25, 25, 2, 15, 5, 3, 336),
(207, NULL, 'Handbol Emporda', '2016-11-17 10:50:05', '2016-11-17 10:50:05', 25, 25, 2, 15, 5, 3, 337),
(208, NULL, 'Circol Catolic Badalona', '2016-11-17 10:51:54', '2016-11-17 10:51:54', 25, 25, 2, 15, 5, 2, 338),
(209, NULL, 'Escola del Carme Sabadell', '2016-11-17 10:52:42', '2016-11-17 10:52:42', 25, 25, 2, 15, 5, 2, 339),
(210, NULL, 'Eagles Cricket Club', '2016-11-17 10:54:02', '2016-11-17 10:54:02', 25, 25, 1, 15, 5, 3, 340),
(211, NULL, 'Voley Playa Alicante', '2016-11-17 10:54:54', '2016-11-17 10:54:54', 25, 25, 4, 31, 5, 3, 341),
(212, NULL, 'Consell Esportiu del Maresme', '2016-11-17 10:56:30', '2016-11-17 10:56:30', 25, 25, 2, 15, 5, 3, 342),
(213, NULL, 'Ibercaja', '2016-11-17 10:57:15', '2016-11-17 10:57:15', 25, 25, 4, 25, 5, 1, 343),
(214, NULL, 'CD Canal Isabel II', '2016-11-17 10:58:27', '2016-11-17 10:58:27', 25, 25, 4, 22, 5, 1, 344),
(215, NULL, 'CV Torrevieja Alicante', '2016-11-17 10:59:21', '2016-11-17 10:59:21', 25, 25, 4, 31, 5, 3, 345),
(216, NULL, 'Fed Catalana Volei', '2016-11-17 11:00:29', '2016-11-17 11:00:29', 25, 25, 2, 15, 5, 3, 346),
(217, NULL, 'Rugby Panda', '2016-11-17 11:01:36', '2016-11-17 11:01:36', 25, 25, 4, 31, 5, 3, 347),
(218, NULL, 'Punto Fuerte', '2016-11-17 11:02:10', '2016-11-17 11:02:10', 25, 25, 4, 31, 5, 3, 348),
(219, NULL, 'Club de Futbol Lloreda', '2016-11-17 11:03:35', '2016-11-17 11:03:35', 25, 25, 2, 15, 5, 3, 349),
(220, NULL, 'Atletismo de Altura', '2016-11-17 11:05:05', '2016-11-17 11:05:05', 25, 25, 4, 19, 5, 3, 350),
(221, NULL, 'Wild Boars BDN', '2016-11-17 11:06:16', '2016-11-17 11:06:16', 25, 25, 2, 15, 5, 3, 351),
(222, NULL, 'CD Valdefierro', '2016-11-17 11:07:15', '2016-11-17 11:07:15', 25, 25, 4, 25, 5, 3, 352),
(223, NULL, 'Improve Basketball', '2016-11-17 11:08:03', '2016-11-17 11:08:03', 25, 25, 2, 15, 5, 3, 353),
(224, NULL, 'Escala Empuries Running', '2016-11-17 11:09:01', '2016-11-17 11:09:01', 25, 25, 2, 15, 5, 3, 354),
(225, NULL, 'Handbol Sant Fost', '2016-11-17 11:09:58', '2016-11-17 11:09:58', 25, 25, 2, 15, 5, 3, 355),
(226, NULL, 'Campus Lluis Carreas', '2016-11-17 11:12:23', '2016-11-17 11:12:23', 25, 25, 2, 15, 5, 4, 356),
(227, NULL, 'A.D.E.FUSTER', '2016-11-17 11:13:17', '2016-11-17 11:13:17', 25, 25, 2, 15, 5, 1, 357),
(228, NULL, 'G.S.T Colindres', '2016-11-17 11:15:53', '2016-11-17 11:15:53', 25, 25, 4, 18, 5, 1, 358),
(229, NULL, 'Padel Center Castellon', '2016-11-17 11:17:44', '2016-11-17 11:17:44', 25, 25, 4, 19, 5, 3, 359),
(230, NULL, 'C. Basquet Vinaros Servol', '2016-11-17 11:19:03', '2016-11-17 11:19:03', 25, 25, 4, 19, 5, 3, 360),
(231, NULL, 'Cross Zircuit', '2016-11-17 11:19:45', '2016-11-17 11:19:45', 25, 25, 4, 22, 5, 3, 361),
(232, NULL, 'BM Altura', '2016-11-17 11:22:34', '2016-11-17 11:22:34', 25, 25, 4, 19, 5, 3, 362),
(233, NULL, 'Hispanistas Balonmano Petrer', '2016-11-17 11:23:40', '2016-11-17 11:23:40', 25, 25, 4, 31, 5, 3, 363),
(234, NULL, 'Rubaen Comercial', '2016-11-17 11:25:09', '2016-11-17 11:25:09', 25, 25, 2, 19, 5, 3, 364),
(235, NULL, 'Hockey Castellon', '2016-11-17 11:25:59', '2016-11-17 11:25:59', 25, 25, 4, 19, 5, 3, 365),
(236, NULL, 'Balonmano La Calzada', '2016-11-17 11:33:17', '2016-11-17 11:33:17', 25, 25, 4, 17, 5, 3, 366),
(237, NULL, 'Basquet FM', '2016-11-17 11:34:00', '2016-11-17 11:34:00', 25, 25, 2, 26, 5, 3, 367),
(238, NULL, 'CD Blanes', '2016-11-17 11:34:45', '2016-11-17 11:35:02', 25, 25, 2, 26, 5, 3, 368),
(239, NULL, 'FD Cassanenc', '2016-11-17 11:40:25', '2016-11-17 11:40:25', 25, 25, 2, 26, 5, 3, 369),
(240, NULL, 'Hoquei CPBA', '2016-11-17 11:41:18', '2016-11-17 11:41:18', 25, 25, 4, 26, 5, 3, 370),
(241, NULL, 'UD Santa Maria de Montcada', '2016-11-17 11:42:00', '2016-11-17 11:42:00', 25, 25, 4, 15, 5, 3, 371),
(242, NULL, 'Volei PTV', '2016-11-17 11:43:05', '2016-11-17 11:43:05', 25, 25, 4, 16, 5, 3, 372),
(243, NULL, 'CF Briviesca', '2016-11-17 11:44:04', '2016-11-17 11:44:04', 25, 25, 4, 16, 5, 3, 373),
(244, NULL, 'Jose Miguel - MAKRO', '2016-11-17 11:49:24', '2016-11-17 11:49:24', 25, 25, 4, 15, 5, 3, 374),
(245, NULL, 'CD Montes', '2016-11-17 11:50:01', '2016-11-17 11:50:01', 25, 25, 4, 18, 5, 3, 375),
(246, NULL, 'CB Elike Elche', '2016-11-17 11:50:59', '2016-11-17 11:50:59', 25, 25, 4, 31, 5, 3, 376),
(247, NULL, 'CF Original DLC-86', '2016-11-17 11:51:40', '2016-11-17 11:51:40', 25, 25, 4, 19, 5, 3, 377),
(248, NULL, 'UCAM', '2016-11-17 11:52:17', '2016-11-17 11:52:17', 25, 25, 4, 31, 5, 3, 378),
(249, NULL, 'CD Balonmano Castellon', '2016-11-17 11:54:54', '2016-11-17 11:54:54', 25, 25, 4, 19, 5, 3, 379),
(250, NULL, 'Atletismo Las Rozas', '2016-11-17 11:55:28', '2016-11-17 11:55:28', 25, 25, 4, 22, 5, 3, 380),
(251, NULL, 'Escola Sant Feliu', '2016-11-17 11:56:02', '2016-11-17 11:56:02', 25, 25, 2, 15, 5, 2, 381),
(252, NULL, 'Esc La Salle Premia', '2016-11-17 11:56:51', '2016-11-17 11:56:51', 25, 25, 2, 15, 5, 2, 382),
(253, NULL, 'Josep - Jumberca', '2016-11-17 11:57:23', '2016-11-17 11:57:23', 25, 25, 2, 15, 5, 1, 383),
(254, NULL, 'Badaveterans', '2016-11-17 11:57:53', '2016-11-17 11:57:53', 25, 25, 2, 15, 5, 3, 384),
(255, NULL, 'Diablos de Mislata', '2016-11-17 11:58:24', '2016-11-17 11:58:24', 25, 25, 4, 19, 5, 3, 385),
(256, NULL, 'Adventure Bike', '2016-11-17 11:59:08', '2016-11-17 11:59:08', 25, 25, 2, 28, 5, 1, 386),
(257, NULL, 'Atletismo Amics del Clot', '2016-11-17 11:59:54', '2016-11-17 11:59:54', 25, 25, 4, 19, 5, 3, 387),
(258, NULL, 'Gaver Padel', '2016-11-17 12:01:03', '2016-11-17 12:01:03', 25, 25, 4, 15, 5, 3, 388),
(259, NULL, 'Barca Mini Blau', '2016-11-17 13:12:09', '2016-11-17 13:12:09', 25, 25, 2, 15, 5, 3, 389),
(260, NULL, 'CE Basquet Grau', '2016-11-17 13:13:12', '2016-11-17 13:13:12', 25, 25, 2, 19, 5, 3, 390),
(261, NULL, 'C.V.A.A Llars Mundet', '2016-11-17 13:14:07', '2016-11-17 13:14:30', 25, 25, 2, 15, 5, 3, 391),
(262, NULL, 'Club de Bitlles Badalona', '2016-11-17 13:15:22', '2016-11-17 13:15:22', 25, 25, 2, 15, 5, 3, 392),
(263, NULL, 'Club Futbol Almazora', '2016-11-17 13:16:04', '2016-11-17 13:16:04', 25, 25, 4, 19, 5, 3, 393),
(264, NULL, 'Nules Balonmano', '2016-11-17 13:16:33', '2016-11-17 13:16:33', 25, 25, 4, 19, 5, 3, 394),
(265, NULL, 'FC Racing Blanenc', '2016-11-17 13:17:38', '2016-11-17 13:17:38', 25, 25, 4, 26, 5, 3, 395),
(266, NULL, 'CD Augustinos', '2016-11-17 13:29:34', '2016-11-17 13:29:34', 25, 25, 4, 16, 5, 3, 396),
(267, NULL, 'Esc Gimnastica Aerobica', '2016-11-17 13:34:41', '2016-11-17 13:34:41', 25, 25, 2, 37, 5, 3, 398),
(268, NULL, 'Runners KM 0', '2016-11-17 13:35:20', '2016-11-17 13:35:20', 25, 25, 4, 19, 5, 3, 399),
(269, NULL, 'CHL Dragons de Rivabellosa', '2016-11-17 15:48:23', '2016-11-17 15:48:23', 25, 25, 4, 16, 5, 3, 400),
(270, NULL, 'Club Voleibol Arenys', '2016-11-17 15:48:59', '2016-11-17 15:48:59', 25, 25, 2, 20, 5, 3, 401),
(271, NULL, 'Pasabolo Villaverde', '2016-11-17 15:50:25', '2016-11-17 15:50:25', 25, 25, 4, 18, 5, 3, 402),
(272, NULL, 'Club Remo Camargo', '2016-11-17 15:51:25', '2016-11-17 15:51:25', 25, 25, 4, 18, 5, 3, 403),
(273, NULL, 'CTT Bascara', '2016-11-17 15:52:05', '2016-11-17 15:52:05', 25, 25, 2, 26, 5, 3, 404),
(274, NULL, 'Equip de Trail del CE Badalona', '2016-11-17 15:55:17', '2016-11-17 15:55:17', 25, 25, 2, 15, 5, 3, 405),
(275, NULL, 'Ciclisme KFC', '2016-11-17 15:56:07', '2016-11-17 15:56:07', 25, 25, 2, 28, 5, 3, 406),
(276, NULL, 'CD Paris', '2016-11-17 15:57:19', '2016-11-17 15:57:19', 25, 25, 1, 22, 5, 3, 407),
(277, NULL, 'GesEsport', '2016-11-17 15:58:12', '2016-11-17 15:58:12', 25, 25, 2, 20, 5, 1, 408),
(278, NULL, 'MGO Horchata y Granizados', '2016-11-17 16:01:13', '2016-11-17 16:01:13', 25, 25, 4, 19, 5, 1, 409),
(279, NULL, 'Volei Tordera', '2016-11-17 16:02:11', '2016-11-17 16:02:11', 25, 25, 2, 30, 5, 3, 410),
(280, NULL, 'Atletismo Guaramako', '2016-11-17 16:03:50', '2016-11-17 16:03:50', 25, 25, 4, 18, 5, 3, 411),
(281, NULL, 'NC Torello', '2016-11-17 16:04:57', '2016-11-17 16:04:57', 25, 25, 2, 27, 5, 3, 412),
(282, NULL, 'The Nine Time', '2016-11-17 16:07:15', '2016-11-17 16:07:15', 25, 25, 4, 25, 5, 3, 413),
(283, NULL, 'Unio Esportiva Sarria', '2016-11-17 16:09:16', '2016-11-17 16:09:16', 25, 25, 2, 15, 5, 3, 414),
(284, NULL, 'Pati Calafell', '2016-11-17 16:09:51', '2016-11-17 16:09:51', 25, 25, 2, 29, 5, 1, 415),
(285, NULL, 'The Wild Girls Rugby', '2016-11-17 16:12:34', '2016-11-17 16:12:34', 25, 25, 4, 15, 5, 3, 416),
(286, NULL, 'Sport Padel', '2016-11-17 16:13:15', '2016-11-17 16:13:15', 25, 25, 4, 19, 5, 1, 417),
(287, NULL, 'Xupito Bike BDN', '2016-11-17 16:14:32', '2016-11-17 16:14:32', 25, 25, 2, 15, 5, 3, 418),
(288, NULL, 'Amics del Bus', '2016-11-17 16:21:06', '2016-11-17 16:21:06', 25, 25, 2, 15, 5, 1, 419),
(289, NULL, 'Club Natacio Badalona', '2016-11-17 16:21:55', '2016-11-17 16:21:55', 25, 25, 2, 15, 5, 3, 420),
(290, NULL, 'Seleccion Vizcaya', '2016-11-17 16:23:01', '2016-11-17 16:23:01', 25, 25, 4, 15, 5, 3, 421),
(291, NULL, 'Grao Runners', '2016-11-17 16:23:45', '2016-11-17 16:23:45', 25, 25, 4, 19, 5, 3, 422),
(292, NULL, 'F.S Cornella', '2016-11-17 16:24:26', '2016-11-17 16:24:26', 25, 25, 2, 37, 5, 3, 423),
(293, NULL, 'Club Salesianos Deusto', '2016-11-17 16:25:52', '2016-11-17 16:25:52', 25, 25, 4, 15, 5, 3, 424),
(294, NULL, 'Running Castemader', '2016-11-17 16:28:09', '2016-11-17 16:28:09', 25, 25, 4, 19, 5, 3, 425),
(295, NULL, 'CB Castelldefels', '2016-11-17 16:28:55', '2016-11-17 16:28:55', 25, 25, 2, 15, 5, 3, 426),
(296, NULL, 'HP Camel Toe', '2016-11-17 16:29:49', '2016-11-17 16:29:49', 25, 25, 4, 15, 5, 3, 427),
(297, NULL, 'Bicimensajeria', '2016-11-17 16:30:25', '2016-11-17 16:30:25', 25, 25, 4, 19, 5, 1, 428),
(298, NULL, 'Equipacion BMW', '2016-11-18 10:56:40', '2016-11-18 10:56:40', 25, 25, 4, 15, 5, 1, 429),
(299, NULL, 'Myrmidons', '2016-11-18 10:57:36', '2016-11-18 10:57:36', 25, 25, 4, 22, 5, 1, 430),
(300, NULL, 'CN Morvedre', '2016-11-18 10:58:05', '2016-11-18 10:58:05', 25, 25, 4, 19, 5, 3, 431),
(301, NULL, 'Running Castellon', '2016-11-18 10:59:07', '2016-11-18 10:59:07', 25, 25, 4, 19, 5, 3, 432),
(302, NULL, 'CSKH Sport', '2016-11-18 10:59:49', '2016-11-18 10:59:49', 25, 25, 4, 15, 5, 3, 433),
(303, NULL, 'ASS Rugby Tordera', '2016-11-18 11:00:42', '2016-11-18 11:00:42', 25, 25, 2, 30, 5, 3, 434),
(304, NULL, 'CP Malgrat', '2016-11-18 11:01:14', '2016-11-18 11:01:14', 25, 25, 2, 28, 5, 3, 435),
(305, NULL, 'CF Vallirana', '2016-11-18 11:02:00', '2016-11-18 11:02:00', 25, 25, 2, 29, 5, 3, 436),
(306, NULL, 'The Cup BCN', '2016-11-18 11:02:24', '2016-11-18 11:02:24', 25, 25, 2, 15, 5, 3, 437),
(307, NULL, 'Club Atl. San Fernando', '2016-11-18 11:03:14', '2016-11-18 11:03:14', 25, 25, 4, 22, 5, 3, 438),
(308, NULL, 'Maratonianos Leganes', '2016-11-18 11:06:05', '2016-11-18 11:06:05', 25, 25, 4, 22, 5, 3, 439),
(309, NULL, 'Zymetric by Score', '2016-11-18 11:06:49', '2016-11-18 11:06:49', 25, 25, 4, 22, 5, 1, 440),
(310, NULL, 'EF Girones Sabat', '2016-11-18 11:07:21', '2016-11-18 11:07:21', 25, 25, 2, 15, 5, 3, 441),
(311, NULL, 'Medichem', '2016-11-18 11:07:52', '2016-11-18 11:07:52', 25, 25, 2, 15, 5, 1, 442),
(312, NULL, 'Atl. Sant Ponc', '2016-11-18 11:08:51', '2016-11-18 11:08:51', 25, 25, 2, 32, 5, 3, 443),
(313, NULL, 'Anthony Costa', '2016-11-18 11:10:53', '2016-11-18 11:10:53', 25, 25, 4, 15, 5, 1, 444),
(314, NULL, 'Ciclismo Montana Burriol', '2016-11-18 11:14:42', '2016-11-18 11:14:42', 25, 25, 4, 19, 5, 3, 445),
(315, NULL, 'Maristas Burgos', '2016-11-18 11:15:53', '2016-11-18 11:15:53', 25, 25, 4, 15, 5, 2, 446),
(316, NULL, 'Tsunamis', '2016-11-18 11:32:23', '2016-11-18 11:32:23', 25, 25, 4, 15, 5, 3, 447),
(317, NULL, 'Guerreros Maori Race', '2016-11-18 11:32:58', '2016-11-18 11:32:58', 25, 25, 4, 15, 5, 4, 448),
(318, NULL, 'Betis Catalunya FS', '2016-11-18 11:34:00', '2016-11-18 11:34:00', 25, 25, 2, 37, 5, 3, 449),
(319, NULL, 'Global Basquet UAB', '2016-11-18 11:34:38', '2016-11-18 11:34:38', 25, 25, 2, 15, 5, 3, 450),
(320, NULL, 'Guerin S.A.U', '2016-11-18 11:35:30', '2016-11-18 11:35:30', 25, 25, 4, 15, 5, 3, 451),
(321, NULL, 'CB Sinera', '2016-11-18 11:36:19', '2016-11-18 11:36:19', 25, 25, 2, 20, 5, 3, 452),
(322, NULL, 'Hockey Linea Valladolid', '2016-11-18 11:37:01', '2016-11-18 11:37:01', 25, 25, 4, 22, 5, 3, 453),
(323, NULL, 'CD Palafolls', '2016-11-18 11:37:40', '2016-11-18 11:37:40', 25, 25, 2, 15, 5, 3, 454),
(324, NULL, 'Run Addiction', '2016-11-18 11:38:38', '2016-11-18 11:38:38', 25, 25, 4, 19, 5, 3, 455),
(325, NULL, 'Flag Dracs Badalona', '2016-11-18 11:39:11', '2016-11-18 11:39:11', 25, 25, 2, 15, 5, 3, 456),
(326, NULL, 'CE Xafa Roques Forcall', '2016-11-18 11:39:57', '2016-11-18 11:39:57', 25, 25, 2, 19, 5, 3, 457),
(327, NULL, 'FS Briamans', '2016-11-18 11:40:44', '2016-11-18 11:40:44', 25, 25, 4, 15, 5, 3, 458),
(328, NULL, 'Mireia Montgat Basquet', '2016-11-18 11:41:16', '2016-11-18 11:41:16', 25, 25, 2, 15, 5, 3, 459),
(329, NULL, 'AD Sprint', '2016-11-18 11:41:48', '2016-11-18 11:41:48', 25, 25, 4, 22, 5, 3, 460),
(330, NULL, 'Padel Tordera', '2016-11-18 11:43:34', '2016-11-18 11:43:34', 25, 25, 2, 30, 5, 3, 461),
(331, NULL, 'AE Betulia', '2016-11-18 11:44:25', '2016-11-18 11:44:25', 25, 25, 2, 15, 5, 3, 462);

-- --------------------------------------------------------

--
-- Table structure for table `factory`
--

DROP TABLE IF EXISTS `factory`;
CREATE TABLE IF NOT EXISTS `factory` (
  `id_factory` int(11) NOT NULL,
  `fty_code` varchar(255) DEFAULT NULL,
  `fty_description` longtext CHARACTER SET utf8 COLLATE utf8_unicode_ci,
  `created` datetime DEFAULT NULL,
  `updated` datetime DEFAULT NULL,
  `id_user_created` int(11) DEFAULT NULL,
  `id_user_updated` int(11) DEFAULT NULL,
  `id_currency` int(11) DEFAULT NULL,
  `id_language` int(11) DEFAULT NULL,
  `id_contact` int(11) DEFAULT NULL
) ENGINE=InnoDB AUTO_INCREMENT=3 DEFAULT CHARSET=latin1;

--
-- Dumping data for table `factory`
--

INSERT INTO `factory` (`id_factory`, `fty_code`, `fty_description`, `created`, `updated`, `id_user_created`, `id_user_updated`, `id_currency`, `id_language`, `id_contact`) VALUES
(1, 'TV', 'Traval Vai (VN)', '2016-08-01 13:06:04', '2016-09-19 11:18:36', NULL, 1, 3, 1, 4),
(2, 'TRAVALVAI', 'TRAVALVAI is the largest company in the world', '2016-08-01 13:06:04', '2016-09-09 09:27:54', NULL, 24, 18, 1, 67);

-- --------------------------------------------------------

--
-- Table structure for table `forwarder`
--

DROP TABLE IF EXISTS `forwarder`;
CREATE TABLE IF NOT EXISTS `forwarder` (
  `id_forwarder` int(11) NOT NULL,
  `fw_name` varchar(255) DEFAULT NULL,
  `created` datetime DEFAULT NULL,
  `updated` datetime DEFAULT NULL,
  `id_user_created` int(11) DEFAULT NULL,
  `id_user_updated` int(11) DEFAULT NULL,
  `id_contact` int(11) DEFAULT NULL
) ENGINE=InnoDB AUTO_INCREMENT=4 DEFAULT CHARSET=latin1;

--
-- Dumping data for table `forwarder`
--

INSERT INTO `forwarder` (`id_forwarder`, `fw_name`, `created`, `updated`, `id_user_created`, `id_user_updated`, `id_contact`) VALUES
(1, 'dfgdfg', '2016-08-01 18:24:33', '2016-08-01 18:24:33', 5, 5, 31),
(2, 'Forwarder 1', '2016-08-01 18:25:07', '2016-08-05 09:58:04', 5, 1, 39),
(3, 'Forwarder 2', '2016-08-01 18:25:25', '2016-08-05 10:02:11', 5, 1, 40);

-- --------------------------------------------------------

--
-- Table structure for table `freight`
--

DROP TABLE IF EXISTS `freight`;
CREATE TABLE IF NOT EXISTS `freight` (
  `id_freight` int(11) NOT NULL,
  `fr_description` longtext CHARACTER SET utf8 COLLATE utf8_unicode_ci,
  `created` datetime DEFAULT NULL,
  `updated` datetime DEFAULT NULL,
  `id_user_created` int(11) DEFAULT NULL,
  `id_user_updated` int(11) DEFAULT NULL
) ENGINE=InnoDB AUTO_INCREMENT=6 DEFAULT CHARSET=latin1;

--
-- Dumping data for table `freight`
--

INSERT INTO `freight` (`id_freight`, `fr_description`, `created`, `updated`, `id_user_created`, `id_user_updated`) VALUES
(4, 'Freight 1', '2016-08-01 18:19:02', '2016-08-05 10:56:43', 6, 1),
(5, 'Freight 2', '2016-08-05 10:56:51', '2016-08-05 10:56:51', 1, 1);

-- --------------------------------------------------------

--
-- Table structure for table `group_materials`
--

DROP TABLE IF EXISTS `group_materials`;
CREATE TABLE IF NOT EXISTS `group_materials` (
  `Id_group_mat` int(11) NOT NULL,
  `gm_code` varchar(255) DEFAULT NULL,
  `gm_order` varchar(255) DEFAULT NULL,
  `gm_description` longtext CHARACTER SET utf8 COLLATE utf8_unicode_ci,
  `id_Factory` int(11) DEFAULT NULL
) ENGINE=InnoDB DEFAULT CHARSET=latin1;

-- --------------------------------------------------------

--
-- Table structure for table `group_of_products`
--

DROP TABLE IF EXISTS `group_of_products`;
CREATE TABLE IF NOT EXISTS `group_of_products` (
  `id_group_products` int(11) NOT NULL,
  `gp_code` varchar(255) DEFAULT NULL,
  `created` datetime DEFAULT NULL,
  `updated` datetime DEFAULT NULL,
  `id_Factory` int(11) DEFAULT NULL,
  `id_user_created` int(11) DEFAULT NULL,
  `id_user_updated` int(11) DEFAULT NULL
) ENGINE=InnoDB AUTO_INCREMENT=67 DEFAULT CHARSET=latin1;

--
-- Dumping data for table `group_of_products`
--

INSERT INTO `group_of_products` (`id_group_products`, `gp_code`, `created`, `updated`, `id_Factory`, `id_user_created`, `id_user_updated`) VALUES
(3, 'TB', '2016-08-01 17:12:35', '2016-09-29 09:37:52', 1, 1, 25),
(5, 'TP', '2016-08-02 11:06:24', '2016-09-20 06:51:27', 1, 1, 28),
(9, 'PS', '2016-08-02 11:07:31', '2016-09-20 08:36:17', 1, 1, 25),
(10, 'PP', '2016-08-02 11:07:44', '2016-09-29 09:12:30', 1, 1, 25),
(11, 'PL', '2016-08-02 11:07:56', '2016-09-20 06:47:20', 1, 1, 28),
(12, 'PX', '2016-08-02 11:08:11', '2016-09-29 09:38:32', 1, 1, 25),
(13, 'SW', '2016-08-02 11:08:21', '2016-09-29 09:39:14', 1, 1, 25),
(14, 'SH', '2016-08-02 11:08:34', '2016-09-29 09:38:58', 1, 1, 25),
(15, 'JK', '2016-08-02 11:08:45', '2016-09-20 06:44:03', 1, 1, 28),
(16, 'JH', '2016-08-02 11:09:08', '2016-09-20 06:43:39', 1, 1, 28),
(17, 'OC', '2016-08-02 11:09:34', '2016-09-29 09:10:33', 1, 1, 25),
(18, 'MS', '2016-08-02 11:09:50', '2016-09-29 09:11:55', 1, 1, 25),
(19, 'AT', '2016-08-02 11:10:05', '2016-09-29 09:01:34', 1, 1, 25),
(20, 'AB', '2016-08-02 11:10:16', '2016-10-04 16:39:32', 1, 1, 1),
(21, 'WS', '2016-08-02 11:10:29', '2016-09-29 09:40:12', 1, 1, 25),
(39, 'TSL', '2016-09-23 13:03:54', '2016-09-23 13:04:09', 2, 24, 24),
(42, 'AF', '2016-09-29 09:01:58', '2016-09-29 09:01:58', 1, 25, 25),
(43, 'AC', '2016-09-29 09:02:27', '2016-10-04 16:39:37', 1, 25, 1),
(44, 'AP', '2016-09-29 09:42:02', '2016-09-29 09:42:02', 1, 25, 25),
(45, 'AK', '2016-09-29 09:42:40', '2016-09-29 09:42:40', 1, 25, 25),
(46, 'AS', '2016-09-29 09:43:23', '2016-09-29 09:43:23', 1, 25, 25),
(47, 'AL', '2016-09-29 09:45:00', '2016-10-04 16:39:49', 1, 25, 1),
(48, 'AH', '2016-09-29 09:45:54', '2016-09-29 09:45:54', 1, 25, 25),
(49, 'TR', '2016-09-29 09:46:56', '2016-09-29 09:46:56', 1, 25, 25),
(50, 'TU', '2016-09-29 09:48:52', '2016-09-29 09:48:52', 1, 25, 25),
(51, 'TV', '2016-09-29 09:49:22', '2016-09-29 09:49:22', 1, 25, 25),
(52, 'CB', '2016-09-29 09:50:52', '2016-09-29 09:50:52', 1, 25, 25),
(53, 'CR', '2016-09-29 09:51:29', '2016-09-29 09:51:29', 1, 25, 25),
(54, 'CV', '2016-09-29 09:52:11', '2016-09-29 09:52:11', 1, 25, 25),
(55, 'CT', '2016-09-29 09:52:44', '2016-09-29 09:52:44', 1, 25, 25),
(56, 'OP', '2016-09-29 09:54:05', '2016-09-29 09:54:05', 1, 25, 25),
(57, 'OW', '2016-09-29 09:54:32', '2016-09-29 09:54:32', 1, 25, 25),
(58, 'OB', '2016-09-29 09:54:55', '2016-09-29 09:54:55', 1, 25, 25),
(59, 'MT', '2016-09-29 09:55:44', '2016-09-29 09:55:44', 1, 25, 25),
(60, 'MP', '2016-09-29 09:56:15', '2016-09-29 09:56:15', 1, 25, 25),
(61, 'BT', '2016-09-29 09:56:52', '2016-11-16 13:35:20', 1, 25, 25),
(62, 'BP', '2016-09-29 09:57:20', '2016-09-29 09:57:20', 1, 25, 25),
(63, 'WL', '2016-09-29 09:58:18', '2016-09-29 09:58:18', 1, 25, 25),
(66, 'Z', '2016-10-12 14:38:22', '2016-10-12 14:38:22', 1, 25, 25);

-- --------------------------------------------------------

--
-- Table structure for table `group_product_language`
--

DROP TABLE IF EXISTS `group_product_language`;
CREATE TABLE IF NOT EXISTS `group_product_language` (
  `id_group_language` int(11) NOT NULL,
  `description` longtext CHARACTER SET utf8 COLLATE utf8_unicode_ci,
  `created` datetime DEFAULT NULL,
  `updated` datetime DEFAULT NULL,
  `id_user_created` int(11) DEFAULT NULL,
  `id_user_updated` int(11) DEFAULT NULL,
  `id_group` int(11) DEFAULT NULL,
  `id_language` int(11) DEFAULT NULL
) ENGINE=InnoDB AUTO_INCREMENT=529 DEFAULT CHARSET=latin1;

--
-- Dumping data for table `group_product_language`
--

INSERT INTO `group_product_language` (`id_group_language`, `description`, `created`, `updated`, `id_user_created`, `id_user_updated`, `id_group`, `id_language`) VALUES
(17, 'T-Shirt Basic', '2016-08-01 17:12:35', '2016-09-29 09:37:52', 1, 25, 3, 1),
(18, 'Camiseta Bàsica', '2016-08-01 17:12:35', '2016-09-29 09:37:52', 1, 25, 3, 2),
(19, 'Camiseta Básica', '2016-08-01 17:12:35', '2016-09-29 09:37:52', 1, 25, 3, 4),
(20, 'T-Shirt Basic', '2016-08-01 17:12:35', '2016-09-29 09:37:52', 1, 25, 3, 8),
(21, 'T-Shirt Basic', '2016-08-01 17:12:35', '2016-09-29 09:37:52', 1, 25, 3, 12),
(22, 'T-Shirt Basic', '2016-08-01 17:12:35', '2016-09-29 09:37:52', 1, 25, 3, 15),
(23, 'T-Shirt Basic', '2016-08-01 17:12:35', '2016-09-29 09:37:52', 1, 25, 3, 17),
(24, 'T-Shirt Basic', '2016-08-01 17:12:35', '2016-09-29 09:37:52', 1, 25, 3, 19),
(33, 'Polo', '2016-08-02 11:06:24', '2016-09-20 06:51:27', 1, 28, 5, 1),
(34, 'Polo', '2016-08-02 11:06:24', '2016-09-20 06:51:27', 1, 28, 5, 2),
(35, 'Polo', '2016-08-02 11:06:24', '2016-09-20 06:51:27', 1, 28, 5, 4),
(36, 'Polo', '2016-08-02 11:06:24', '2016-09-20 06:51:27', 1, 28, 5, 8),
(37, 'Polo', '2016-08-02 11:06:24', '2016-09-20 06:51:27', 1, 28, 5, 12),
(38, 'Polo', '2016-08-02 11:06:24', '2016-09-20 06:51:27', 1, 28, 5, 15),
(39, '', '2016-08-02 11:06:24', '2016-09-20 06:51:27', 1, 28, 5, 17),
(40, '', '2016-08-02 11:06:24', '2016-09-20 06:51:27', 1, 28, 5, 19),
(65, 'Pant Short', '2016-08-02 11:07:31', '2016-09-20 08:36:17', 1, 25, 9, 1),
(66, 'Pantaló Curt', '2016-08-02 11:07:31', '2016-09-20 08:36:17', 1, 25, 9, 2),
(67, 'Pantalón Corto', '2016-08-02 11:07:31', '2016-09-20 08:36:17', 1, 25, 9, 4),
(68, 'Pant Short', '2016-08-02 11:07:31', '2016-09-20 08:36:17', 1, 25, 9, 8),
(69, 'Pant Short', '2016-08-02 11:07:31', '2016-09-20 08:36:17', 1, 25, 9, 12),
(70, 'Pant Short', '2016-08-02 11:07:31', '2016-09-20 08:36:17', 1, 25, 9, 15),
(71, '', '2016-08-02 11:07:31', '2016-09-20 08:36:17', 1, 25, 9, 17),
(72, '', '2016-08-02 11:07:31', '2016-09-20 08:36:17', 1, 25, 9, 19),
(73, 'Pant Under Knee', '2016-08-02 11:07:44', '2016-09-29 09:12:30', 1, 25, 10, 1),
(74, 'Pantaló Pirata', '2016-08-02 11:07:44', '2016-09-29 09:12:30', 1, 25, 10, 2),
(75, 'Pantalón Pirata', '2016-08-02 11:07:44', '2016-09-29 09:12:30', 1, 25, 10, 4),
(76, 'Pant Under Knee', '2016-08-02 11:07:44', '2016-09-29 09:12:30', 1, 25, 10, 8),
(77, 'Pant Under Knee', '2016-08-02 11:07:44', '2016-09-29 09:12:30', 1, 25, 10, 12),
(78, 'Pant Under Knee', '2016-08-02 11:07:44', '2016-09-29 09:12:30', 1, 25, 10, 15),
(79, 'Pant Under Knee', '2016-08-02 11:07:44', '2016-09-29 09:12:30', 1, 25, 10, 17),
(80, 'Pant Under Knee', '2016-08-02 11:07:44', '2016-09-29 09:12:30', 1, 25, 10, 19),
(81, 'Pant Long', '2016-08-02 11:07:56', '2016-09-20 06:47:20', 1, 28, 11, 1),
(82, 'Pantaló Llarg', '2016-08-02 11:07:56', '2016-09-20 06:47:20', 1, 28, 11, 2),
(83, 'Pantalón Largo', '2016-08-02 11:07:56', '2016-09-20 06:47:20', 1, 28, 11, 4),
(84, 'Pant Long', '2016-08-02 11:07:56', '2016-09-20 06:47:20', 1, 28, 11, 8),
(85, 'Pant Long', '2016-08-02 11:07:56', '2016-09-20 06:47:20', 1, 28, 11, 12),
(86, 'Pant Long', '2016-08-02 11:07:56', '2016-09-20 06:47:20', 1, 28, 11, 15),
(87, '', '2016-08-02 11:07:56', '2016-09-20 06:47:20', 1, 28, 11, 17),
(88, '', '2016-08-02 11:07:56', '2016-09-20 06:47:20', 1, 28, 11, 19),
(89, 'Pant Spandex', '2016-08-02 11:08:11', '2016-09-29 09:38:32', 1, 25, 12, 1),
(90, 'Pantaló Spandex', '2016-08-02 11:08:11', '2016-09-29 09:38:32', 1, 25, 12, 2),
(91, 'Pantalón Spandex', '2016-08-02 11:08:11', '2016-09-29 09:38:32', 1, 25, 12, 4),
(92, 'Pant Spandex', '2016-08-02 11:08:11', '2016-09-29 09:38:32', 1, 25, 12, 8),
(93, 'Pant Spandex', '2016-08-02 11:08:11', '2016-09-29 09:38:32', 1, 25, 12, 12),
(94, 'Pant Spandex', '2016-08-02 11:08:11', '2016-09-29 09:38:32', 1, 25, 12, 15),
(95, 'Pant Spandex', '2016-08-02 11:08:11', '2016-09-29 09:38:32', 1, 25, 12, 17),
(96, 'Pant Spandex', '2016-08-02 11:08:11', '2016-09-29 09:38:32', 1, 25, 12, 19),
(97, 'Sweater', '2016-08-02 11:08:21', '2016-09-29 09:39:14', 1, 25, 13, 1),
(98, 'Dessuadora', '2016-08-02 11:08:21', '2016-09-29 09:39:14', 1, 25, 13, 2),
(99, 'Sudadera', '2016-08-02 11:08:21', '2016-09-29 09:39:14', 1, 25, 13, 4),
(100, 'Sweater', '2016-08-02 11:08:21', '2016-09-29 09:39:14', 1, 25, 13, 8),
(101, 'Sweater', '2016-08-02 11:08:21', '2016-09-29 09:39:14', 1, 25, 13, 12),
(102, 'Sweater', '2016-08-02 11:08:21', '2016-09-29 09:39:14', 1, 25, 13, 15),
(103, 'Sweater', '2016-08-02 11:08:21', '2016-09-29 09:39:14', 1, 25, 13, 17),
(104, 'Sweater', '2016-08-02 11:08:21', '2016-09-29 09:39:14', 1, 25, 13, 19),
(105, 'Sweater Hoodie', '2016-08-02 11:08:34', '2016-09-29 09:38:58', 1, 25, 14, 1),
(106, 'Dessuadora Caputxa', '2016-08-02 11:08:34', '2016-09-29 09:38:58', 1, 25, 14, 2),
(107, 'Jersey Capucha', '2016-08-02 11:08:34', '2016-09-29 09:38:58', 1, 25, 14, 4),
(108, 'Sweater Hoodie', '2016-08-02 11:08:34', '2016-09-29 09:38:58', 1, 25, 14, 8),
(109, 'Sweater Hoodie', '2016-08-02 11:08:34', '2016-09-29 09:38:58', 1, 25, 14, 12),
(110, 'Sweater Hoodie', '2016-08-02 11:08:34', '2016-09-29 09:38:58', 1, 25, 14, 15),
(111, 'Sweater Hoodie', '2016-08-02 11:08:34', '2016-09-29 09:38:58', 1, 25, 14, 17),
(112, 'Sweater Hoodie', '2016-08-02 11:08:34', '2016-09-29 09:38:58', 1, 25, 14, 19),
(113, 'Jacket', '2016-08-02 11:08:45', '2016-09-20 06:44:03', 1, 28, 15, 1),
(114, 'Jaqueta', '2016-08-02 11:08:45', '2016-09-20 06:44:03', 1, 28, 15, 2),
(115, 'Chaqueta', '2016-08-02 11:08:45', '2016-09-20 06:44:03', 1, 28, 15, 4),
(116, 'Jacket', '2016-08-02 11:08:45', '2016-09-20 06:44:03', 1, 28, 15, 8),
(117, 'Jacket', '2016-08-02 11:08:45', '2016-09-20 06:44:03', 1, 28, 15, 12),
(118, 'Jacket', '2016-08-02 11:08:45', '2016-09-20 06:44:03', 1, 28, 15, 15),
(119, '', '2016-08-02 11:08:45', '2016-09-20 06:44:03', 1, 28, 15, 17),
(120, '', '2016-08-02 11:08:45', '2016-09-20 06:44:03', 1, 28, 15, 19),
(121, 'Jacket Hoodie', '2016-08-02 11:09:08', '2016-09-20 06:43:39', 1, 28, 16, 1),
(122, 'Jaqueta caputxa', '2016-08-02 11:09:08', '2016-09-20 06:43:39', 1, 28, 16, 2),
(123, 'Chaqueta capucha', '2016-08-02 11:09:08', '2016-09-20 06:43:39', 1, 28, 16, 4),
(124, 'Jacket Hoodie', '2016-08-02 11:09:08', '2016-09-20 06:43:39', 1, 28, 16, 8),
(125, 'Jacket Hoodie', '2016-08-02 11:09:08', '2016-09-20 06:43:39', 1, 28, 16, 12),
(126, 'Jacket Hoodie', '2016-08-02 11:09:08', '2016-09-20 06:43:39', 1, 28, 16, 15),
(127, '', '2016-08-02 11:09:08', '2016-09-20 06:43:39', 1, 28, 16, 17),
(128, '', '2016-08-02 11:09:08', '2016-09-20 06:43:39', 1, 28, 16, 19),
(129, 'Coat', '2016-08-02 11:09:34', '2016-09-29 09:10:33', 1, 25, 17, 1),
(130, 'Abric', '2016-08-02 11:09:34', '2016-09-29 09:10:33', 1, 25, 17, 2),
(131, 'Abrigo', '2016-08-02 11:09:34', '2016-09-29 09:10:33', 1, 25, 17, 4),
(132, 'Coat', '2016-08-02 11:09:34', '2016-09-29 09:10:33', 1, 25, 17, 8),
(133, 'Coat', '2016-08-02 11:09:34', '2016-09-29 09:10:33', 1, 25, 17, 12),
(134, 'Coat', '2016-08-02 11:09:34', '2016-09-29 09:10:33', 1, 25, 17, 15),
(135, 'Coat', '2016-08-02 11:09:34', '2016-09-29 09:10:33', 1, 25, 17, 17),
(136, 'Coat', '2016-08-02 11:09:34', '2016-09-29 09:10:33', 1, 25, 17, 19),
(137, 'Skinsuit', '2016-08-02 11:09:50', '2016-09-29 09:11:55', 1, 25, 18, 1),
(138, 'Monos / Vestits arrapats', '2016-08-02 11:09:50', '2016-09-29 09:11:55', 1, 25, 18, 2),
(139, 'Monos / Trajes ceñidos', '2016-08-02 11:09:50', '2016-09-29 09:11:55', 1, 25, 18, 4),
(140, 'Skinsuits', '2016-08-02 11:09:50', '2016-09-29 09:11:55', 1, 25, 18, 8),
(141, 'Skinsuits', '2016-08-02 11:09:50', '2016-09-29 09:11:55', 1, 25, 18, 12),
(142, 'Skinsuits', '2016-08-02 11:09:50', '2016-09-29 09:11:55', 1, 25, 18, 15),
(143, 'Skinsuit', '2016-08-02 11:09:50', '2016-09-29 09:11:55', 1, 25, 18, 17),
(144, 'Skinsuit', '2016-08-02 11:09:50', '2016-09-29 09:11:55', 1, 25, 18, 19),
(145, 'Towel', '2016-08-02 11:10:05', '2016-09-29 09:01:34', 1, 25, 19, 1),
(146, 'Tovallola', '2016-08-02 11:10:05', '2016-09-29 09:01:34', 1, 25, 19, 2),
(147, 'Toalla', '2016-08-02 11:10:05', '2016-09-29 09:01:34', 1, 25, 19, 4),
(148, 'khăn tắm', '2016-08-02 11:10:05', '2016-09-29 09:01:34', 1, 25, 19, 8),
(149, 'Towel', '2016-08-02 11:10:05', '2016-09-29 09:01:34', 1, 25, 19, 12),
(150, 'Towel', '2016-08-02 11:10:05', '2016-09-29 09:01:34', 1, 25, 19, 15),
(151, 'Towel', '2016-08-02 11:10:05', '2016-09-29 09:01:34', 1, 25, 19, 17),
(152, 'Towel', '2016-08-02 11:10:05', '2016-09-29 09:01:34', 1, 25, 19, 19),
(153, 'Bibs', '2016-08-02 11:10:16', '2016-10-04 16:39:32', 1, 1, 20, 1),
(154, 'Peto', '2016-08-02 11:10:16', '2016-10-04 16:39:32', 1, 1, 20, 2),
(155, 'Peto', '2016-08-02 11:10:16', '2016-10-04 16:39:32', 1, 1, 20, 4),
(156, 'Bibs', '2016-08-02 11:10:16', '2016-10-04 16:39:32', 1, 1, 20, 8),
(157, 'Bibs', '2016-08-02 11:10:16', '2016-10-04 16:39:32', 1, 1, 20, 12),
(158, 'Bibs', '2016-08-02 11:10:16', '2016-10-04 16:39:32', 1, 1, 20, 15),
(159, 'Bibs', '2016-08-02 11:10:16', '2016-10-04 16:39:32', 1, 1, 20, 17),
(160, 'Bibs', '2016-08-02 11:10:16', '2016-10-04 16:39:32', 1, 1, 20, 19),
(161, 'Windstopper Sleeveless', '2016-08-02 11:10:29', '2016-09-29 09:40:12', 1, 25, 21, 1),
(162, 'Xaleco Paravents', '2016-08-02 11:10:29', '2016-09-29 09:40:12', 1, 25, 21, 2),
(163, 'Chaleco Paravientos', '2016-08-02 11:10:29', '2016-09-29 09:40:12', 1, 25, 21, 4),
(164, 'Windstopper Sleeveless', '2016-08-02 11:10:29', '2016-09-29 09:40:12', 1, 25, 21, 8),
(165, 'Windstopper Sleeveless', '2016-08-02 11:10:29', '2016-09-29 09:40:12', 1, 25, 21, 12),
(166, 'Windstopper Sleeveless', '2016-08-02 11:10:29', '2016-09-29 09:40:12', 1, 25, 21, 15),
(167, 'Windstopper Sleeveless', '2016-08-02 11:10:29', '2016-09-29 09:40:12', 1, 25, 21, 17),
(168, 'Windstopper Sleeveless', '2016-08-02 11:10:29', '2016-09-29 09:40:12', 1, 25, 21, 19),
(305, 'T-Shirt', '2016-09-23 13:03:54', '2016-09-23 13:04:09', 24, 24, 39, 1),
(306, 'T-Shirt', '2016-09-23 13:03:54', '2016-09-23 13:04:09', 24, 24, 39, 2),
(307, 'T-Shirt', '2016-09-23 13:03:54', '2016-09-23 13:04:09', 24, 24, 39, 4),
(308, 'T-Shirt', '2016-09-23 13:03:54', '2016-09-23 13:04:09', 24, 24, 39, 8),
(309, 'T-Shirt', '2016-09-23 13:03:54', '2016-09-23 13:04:09', 24, 24, 39, 12),
(310, 'T-Shirt', '2016-09-23 13:03:54', '2016-09-23 13:04:09', 24, 24, 39, 15),
(311, 'T-Shirt', '2016-09-23 13:03:54', '2016-09-23 13:04:09', 24, 24, 39, 17),
(312, 'T-Shirt', '2016-09-23 13:03:54', '2016-09-23 13:04:09', 24, 24, 39, 19),
(329, 'Buff', '2016-09-29 09:01:58', '2016-09-29 09:01:58', 25, 25, 42, 1),
(330, 'Buff', '2016-09-29 09:01:58', '2016-09-29 09:01:58', 25, 25, 42, 2),
(331, 'Buff', '2016-09-29 09:01:58', '2016-09-29 09:01:58', 25, 25, 42, 4),
(332, 'Buff', '2016-09-29 09:01:58', '2016-09-29 09:01:58', 25, 25, 42, 8),
(333, 'Buff', '2016-09-29 09:01:58', '2016-09-29 09:01:58', 25, 25, 42, 12),
(334, 'Buff', '2016-09-29 09:01:58', '2016-09-29 09:01:58', 25, 25, 42, 15),
(335, 'Buff', '2016-09-29 09:01:58', '2016-09-29 09:01:58', 25, 25, 42, 17),
(336, 'Buff', '2016-09-29 09:01:58', '2016-09-29 09:01:58', 25, 25, 42, 19),
(337, 'Compressors', '2016-09-29 09:02:27', '2016-10-04 16:39:37', 25, 1, 43, 1),
(338, 'Compressors', '2016-09-29 09:02:27', '2016-10-04 16:39:37', 25, 1, 43, 2),
(339, 'Compresores', '2016-09-29 09:02:27', '2016-10-04 16:39:37', 25, 1, 43, 4),
(340, 'Compressors', '2016-09-29 09:02:27', '2016-10-04 16:39:37', 25, 1, 43, 8),
(341, 'Compressors', '2016-09-29 09:02:27', '2016-10-04 16:39:37', 25, 1, 43, 12),
(342, 'Compressors', '2016-09-29 09:02:27', '2016-10-04 16:39:37', 25, 1, 43, 15),
(343, 'Compressors', '2016-09-29 09:02:27', '2016-10-04 16:39:37', 25, 1, 43, 17),
(344, 'Compressors', '2016-09-29 09:02:27', '2016-10-04 16:39:37', 25, 1, 43, 19),
(345, 'Sun Protector / Warmer', '2016-09-29 09:42:02', '2016-09-29 09:42:02', 25, 25, 44, 1),
(346, 'Protector solar / Escalfador', '2016-09-29 09:42:02', '2016-09-29 09:42:02', 25, 25, 44, 2),
(347, 'Protector solar / Calentadores', '2016-09-29 09:42:02', '2016-09-29 09:42:02', 25, 25, 44, 4),
(348, 'Sun Protector / Warmer', '2016-09-29 09:42:02', '2016-09-29 09:42:02', 25, 25, 44, 8),
(349, 'Sun Protector / Warmer', '2016-09-29 09:42:02', '2016-09-29 09:42:02', 25, 25, 44, 12),
(350, 'Sun Protector / Warmer', '2016-09-29 09:42:02', '2016-09-29 09:42:02', 25, 25, 44, 15),
(351, 'Sun Protector / Warmer', '2016-09-29 09:42:02', '2016-09-29 09:42:02', 25, 25, 44, 17),
(352, 'Sun Protector / Warmer', '2016-09-29 09:42:02', '2016-09-29 09:42:02', 25, 25, 44, 19),
(353, 'Backpack', '2016-09-29 09:42:40', '2016-09-29 09:42:40', 25, 25, 45, 1),
(354, 'Motxilla', '2016-09-29 09:42:40', '2016-09-29 09:42:40', 25, 25, 45, 2),
(355, 'Mochila', '2016-09-29 09:42:40', '2016-09-29 09:42:40', 25, 25, 45, 4),
(356, 'Backpack', '2016-09-29 09:42:40', '2016-09-29 09:42:40', 25, 25, 45, 8),
(357, 'Backpack', '2016-09-29 09:42:40', '2016-09-29 09:42:40', 25, 25, 45, 12),
(358, 'Backpack', '2016-09-29 09:42:40', '2016-09-29 09:42:40', 25, 25, 45, 15),
(359, 'Backpack', '2016-09-29 09:42:40', '2016-09-29 09:42:40', 25, 25, 45, 17),
(360, 'Backpack', '2016-09-29 09:42:40', '2016-09-29 09:42:40', 25, 25, 45, 19),
(361, 'Soft Bag', '2016-09-29 09:43:23', '2016-09-29 09:43:23', 25, 25, 46, 1),
(362, 'Bossa cordons', '2016-09-29 09:43:23', '2016-09-29 09:43:23', 25, 25, 46, 2),
(363, 'Bolsa cordones', '2016-09-29 09:43:23', '2016-09-29 09:43:23', 25, 25, 46, 4),
(364, 'Soft Bag', '2016-09-29 09:43:23', '2016-09-29 09:43:23', 25, 25, 46, 8),
(365, 'Soft Bag', '2016-09-29 09:43:23', '2016-09-29 09:43:23', 25, 25, 46, 12),
(366, 'Soft Bag', '2016-09-29 09:43:23', '2016-09-29 09:43:23', 25, 25, 46, 15),
(367, 'Soft Bag', '2016-09-29 09:43:23', '2016-09-29 09:43:23', 25, 25, 46, 17),
(368, 'Soft Bag', '2016-09-29 09:43:23', '2016-09-29 09:43:23', 25, 25, 46, 19),
(369, 'Blanket', '2016-09-29 09:45:00', '2016-10-04 16:39:49', 25, 1, 47, 1),
(370, 'Manta', '2016-09-29 09:45:00', '2016-10-04 16:39:49', 25, 1, 47, 2),
(371, 'Manta', '2016-09-29 09:45:00', '2016-10-04 16:39:49', 25, 1, 47, 4),
(372, 'Blanket', '2016-09-29 09:45:00', '2016-10-04 16:39:49', 25, 1, 47, 8),
(373, 'Blanket', '2016-09-29 09:45:00', '2016-10-04 16:39:49', 25, 1, 47, 12),
(374, 'Blanket', '2016-09-29 09:45:00', '2016-10-04 16:39:49', 25, 1, 47, 15),
(375, 'Blanket', '2016-09-29 09:45:00', '2016-10-04 16:39:49', 25, 1, 47, 17),
(376, 'Blanket', '2016-09-29 09:45:00', '2016-10-04 16:39:49', 25, 1, 47, 19),
(377, 'Accessories Hockey', '2016-09-29 09:45:54', '2016-09-29 09:45:54', 25, 25, 48, 1),
(378, 'Accessoris Hoquei', '2016-09-29 09:45:54', '2016-09-29 09:45:54', 25, 25, 48, 2),
(379, 'Accesorios Hoquei', '2016-09-29 09:45:54', '2016-09-29 09:45:54', 25, 25, 48, 4),
(380, 'Accessories Hockey', '2016-09-29 09:45:54', '2016-09-29 09:45:54', 25, 25, 48, 8),
(381, 'Accessories Hockey', '2016-09-29 09:45:54', '2016-09-29 09:45:54', 25, 25, 48, 12),
(382, 'Accessories Hockey', '2016-09-29 09:45:54', '2016-09-29 09:45:54', 25, 25, 48, 15),
(383, 'Accessories Hockey', '2016-09-29 09:45:54', '2016-09-29 09:45:54', 25, 25, 48, 17),
(384, 'Accessories Hockey', '2016-09-29 09:45:54', '2016-09-29 09:45:54', 25, 25, 48, 19),
(385, 'T-Shirt Pro', '2016-09-29 09:46:56', '2016-09-29 09:46:56', 25, 25, 49, 1),
(386, 'Camiseta Pro', '2016-09-29 09:46:56', '2016-09-29 09:46:56', 25, 25, 49, 2),
(387, 'Camiseta Pro', '2016-09-29 09:46:56', '2016-09-29 09:46:56', 25, 25, 49, 4),
(388, 'T-Shirt Pro', '2016-09-29 09:46:56', '2016-09-29 09:46:56', 25, 25, 49, 8),
(389, 'T-Shirt Pro', '2016-09-29 09:46:56', '2016-09-29 09:46:56', 25, 25, 49, 12),
(390, 'T-Shirt Pro', '2016-09-29 09:46:56', '2016-09-29 09:46:56', 25, 25, 49, 15),
(391, 'T-Shirt Pro', '2016-09-29 09:46:56', '2016-09-29 09:46:56', 25, 25, 49, 17),
(392, 'T-Shirt Pro', '2016-09-29 09:46:56', '2016-09-29 09:46:56', 25, 25, 49, 19),
(393, 'T-Shirt Ultra', '2016-09-29 09:48:52', '2016-09-29 09:48:52', 25, 25, 50, 1),
(394, 'Camiseta Ultra', '2016-09-29 09:48:52', '2016-09-29 09:48:52', 25, 25, 50, 2),
(395, 'Camiseta Ultra', '2016-09-29 09:48:52', '2016-09-29 09:48:52', 25, 25, 50, 4),
(396, 'T-Shirt Ultra', '2016-09-29 09:48:52', '2016-09-29 09:48:52', 25, 25, 50, 8),
(397, 'T-Shirt Ultra', '2016-09-29 09:48:52', '2016-09-29 09:48:52', 25, 25, 50, 12),
(398, 'T-Shirt Ultra', '2016-09-29 09:48:52', '2016-09-29 09:48:52', 25, 25, 50, 15),
(399, 'T-Shirt Ultra', '2016-09-29 09:48:52', '2016-09-29 09:48:52', 25, 25, 50, 17),
(400, 'T-Shirt Ultra', '2016-09-29 09:48:52', '2016-09-29 09:48:52', 25, 25, 50, 19),
(401, 'T-Shirt Reversible', '2016-09-29 09:49:22', '2016-09-29 09:49:22', 25, 25, 51, 1),
(402, 'Camiseta Reversible', '2016-09-29 09:49:22', '2016-09-29 09:49:22', 25, 25, 51, 2),
(403, 'Camiseta Reversible', '2016-09-29 09:49:22', '2016-09-29 09:49:22', 25, 25, 51, 4),
(404, 'T-Shirt Reversible', '2016-09-29 09:49:22', '2016-09-29 09:49:22', 25, 25, 51, 8),
(405, 'T-Shirt Reversible', '2016-09-29 09:49:22', '2016-09-29 09:49:22', 25, 25, 51, 12),
(406, 'T-Shirt Reversible', '2016-09-29 09:49:22', '2016-09-29 09:49:22', 25, 25, 51, 15),
(407, 'T-Shirt Reversible', '2016-09-29 09:49:22', '2016-09-29 09:49:22', 25, 25, 51, 17),
(408, 'T-Shirt Reversible', '2016-09-29 09:49:22', '2016-09-29 09:49:22', 25, 25, 51, 19),
(409, 'Singlet Basic', '2016-09-29 09:50:52', '2016-09-29 09:50:52', 25, 25, 52, 1),
(410, 'Camiseta Tirants Bàsica', '2016-09-29 09:50:52', '2016-09-29 09:50:52', 25, 25, 52, 2),
(411, 'Camiseta Tirantes Básica', '2016-09-29 09:50:52', '2016-09-29 09:50:52', 25, 25, 52, 4),
(412, 'Singlet Basic', '2016-09-29 09:50:52', '2016-09-29 09:50:52', 25, 25, 52, 8),
(413, 'Singlet Basic', '2016-09-29 09:50:52', '2016-09-29 09:50:52', 25, 25, 52, 12),
(414, 'Singlet Basic', '2016-09-29 09:50:52', '2016-09-29 09:50:52', 25, 25, 52, 15),
(415, 'Singlet Basic', '2016-09-29 09:50:52', '2016-09-29 09:50:52', 25, 25, 52, 17),
(416, 'Singlet Basic', '2016-09-29 09:50:52', '2016-09-29 09:50:52', 25, 25, 52, 19),
(417, 'Singlet Pro', '2016-09-29 09:51:29', '2016-09-29 09:51:29', 25, 25, 53, 1),
(418, 'Camiseta Tirants Pro', '2016-09-29 09:51:29', '2016-09-29 09:51:29', 25, 25, 53, 2),
(419, 'Camiseta Tirantes Pro', '2016-09-29 09:51:29', '2016-09-29 09:51:29', 25, 25, 53, 4),
(420, 'Singlet Pro', '2016-09-29 09:51:29', '2016-09-29 09:51:29', 25, 25, 53, 8),
(421, 'Singlet Pro', '2016-09-29 09:51:29', '2016-09-29 09:51:29', 25, 25, 53, 12),
(422, 'Singlet Pro', '2016-09-29 09:51:29', '2016-09-29 09:51:29', 25, 25, 53, 15),
(423, 'Singlet Pro', '2016-09-29 09:51:29', '2016-09-29 09:51:29', 25, 25, 53, 17),
(424, 'Singlet Pro', '2016-09-29 09:51:29', '2016-09-29 09:51:29', 25, 25, 53, 19),
(425, 'Singlet Reversible', '2016-09-29 09:52:11', '2016-09-29 09:52:11', 25, 25, 54, 1),
(426, 'Camiseta Tirants Reversible', '2016-09-29 09:52:11', '2016-09-29 09:52:11', 25, 25, 54, 2),
(427, 'Camiseta Tirantes Reversible', '2016-09-29 09:52:11', '2016-09-29 09:52:11', 25, 25, 54, 4),
(428, 'Singlet Reversible', '2016-09-29 09:52:11', '2016-09-29 09:52:11', 25, 25, 54, 8),
(429, 'Singlet Reversible', '2016-09-29 09:52:11', '2016-09-29 09:52:11', 25, 25, 54, 12),
(430, 'Singlet Reversible', '2016-09-29 09:52:11', '2016-09-29 09:52:11', 25, 25, 54, 15),
(431, 'Singlet Reversible', '2016-09-29 09:52:11', '2016-09-29 09:52:11', 25, 25, 54, 17),
(432, 'Singlet Reversible', '2016-09-29 09:52:11', '2016-09-29 09:52:11', 25, 25, 54, 19),
(433, 'Tank Top', '2016-09-29 09:52:44', '2016-09-29 09:52:44', 25, 25, 55, 1),
(434, 'Top', '2016-09-29 09:52:44', '2016-09-29 09:52:44', 25, 25, 55, 2),
(435, 'Top', '2016-09-29 09:52:44', '2016-09-29 09:52:44', 25, 25, 55, 4),
(436, 'Tank Top', '2016-09-29 09:52:44', '2016-09-29 09:52:44', 25, 25, 55, 8),
(437, 'Tank Top', '2016-09-29 09:52:44', '2016-09-29 09:52:44', 25, 25, 55, 12),
(438, 'Tank Top', '2016-09-29 09:52:44', '2016-09-29 09:52:44', 25, 25, 55, 15),
(439, 'Tank Top', '2016-09-29 09:52:44', '2016-09-29 09:52:44', 25, 25, 55, 17),
(440, 'Tank Top', '2016-09-29 09:52:44', '2016-09-29 09:52:44', 25, 25, 55, 19),
(441, 'Parka', '2016-09-29 09:54:05', '2016-09-29 09:54:05', 25, 25, 56, 1),
(442, 'Parka', '2016-09-29 09:54:05', '2016-09-29 09:54:05', 25, 25, 56, 2),
(443, 'Parka', '2016-09-29 09:54:05', '2016-09-29 09:54:05', 25, 25, 56, 4),
(444, 'Parka', '2016-09-29 09:54:05', '2016-09-29 09:54:05', 25, 25, 56, 8),
(445, 'Parka', '2016-09-29 09:54:05', '2016-09-29 09:54:05', 25, 25, 56, 12),
(446, 'Parka', '2016-09-29 09:54:05', '2016-09-29 09:54:05', 25, 25, 56, 15),
(447, 'Parka', '2016-09-29 09:54:05', '2016-09-29 09:54:05', 25, 25, 56, 17),
(448, 'Parka', '2016-09-29 09:54:05', '2016-09-29 09:54:05', 25, 25, 56, 19),
(449, 'Waistcoat', '2016-09-29 09:54:32', '2016-09-29 09:54:32', 25, 25, 57, 1),
(450, 'Xaleco', '2016-09-29 09:54:32', '2016-09-29 09:54:32', 25, 25, 57, 2),
(451, 'Chaleco', '2016-09-29 09:54:32', '2016-09-29 09:54:32', 25, 25, 57, 4),
(452, 'Waistcoat', '2016-09-29 09:54:32', '2016-09-29 09:54:32', 25, 25, 57, 8),
(453, 'Waistcoat', '2016-09-29 09:54:32', '2016-09-29 09:54:32', 25, 25, 57, 12),
(454, 'Waistcoat', '2016-09-29 09:54:32', '2016-09-29 09:54:32', 25, 25, 57, 15),
(455, 'Waistcoat', '2016-09-29 09:54:32', '2016-09-29 09:54:32', 25, 25, 57, 17),
(456, 'Waistcoat', '2016-09-29 09:54:32', '2016-09-29 09:54:32', 25, 25, 57, 19),
(457, 'Bathrobe', '2016-09-29 09:54:55', '2016-09-29 09:54:55', 25, 25, 58, 1),
(458, 'Barnús', '2016-09-29 09:54:55', '2016-09-29 09:54:55', 25, 25, 58, 2),
(459, 'Albornoz', '2016-09-29 09:54:55', '2016-09-29 09:54:55', 25, 25, 58, 4),
(460, 'Bathrobe', '2016-09-29 09:54:55', '2016-09-29 09:54:55', 25, 25, 58, 8),
(461, 'Bathrobe', '2016-09-29 09:54:55', '2016-09-29 09:54:55', 25, 25, 58, 12),
(462, 'Bathrobe', '2016-09-29 09:54:55', '2016-09-29 09:54:55', 25, 25, 58, 15),
(463, 'Bathrobe', '2016-09-29 09:54:55', '2016-09-29 09:54:55', 25, 25, 58, 17),
(464, 'Bathrobe', '2016-09-29 09:54:55', '2016-09-29 09:54:55', 25, 25, 58, 19),
(465, 'Triathlon Suits', '2016-09-29 09:55:44', '2016-09-29 09:55:44', 25, 25, 59, 1),
(466, 'Trajos de Triatló', '2016-09-29 09:55:44', '2016-09-29 09:55:44', 25, 25, 59, 2),
(467, 'Trajes de Tiatlón', '2016-09-29 09:55:44', '2016-09-29 09:55:44', 25, 25, 59, 4),
(468, 'Triathlon Suits', '2016-09-29 09:55:44', '2016-09-29 09:55:44', 25, 25, 59, 8),
(469, 'Triathlon Suits', '2016-09-29 09:55:44', '2016-09-29 09:55:44', 25, 25, 59, 12),
(470, 'Triathlon Suits', '2016-09-29 09:55:44', '2016-09-29 09:55:44', 25, 25, 59, 15),
(471, 'Triathlon Suits', '2016-09-29 09:55:44', '2016-09-29 09:55:44', 25, 25, 59, 17),
(472, 'Triathlon Suits', '2016-09-29 09:55:44', '2016-09-29 09:55:44', 25, 25, 59, 19),
(473, 'Swimsuits', '2016-09-29 09:56:15', '2016-09-29 09:56:15', 25, 25, 60, 1),
(474, 'Trajos de Bany', '2016-09-29 09:56:15', '2016-09-29 09:56:15', 25, 25, 60, 2),
(475, 'Trajes de Baño', '2016-09-29 09:56:15', '2016-09-29 09:56:15', 25, 25, 60, 4),
(476, 'Swimsuits', '2016-09-29 09:56:15', '2016-09-29 09:56:15', 25, 25, 60, 8),
(477, 'Swimsuits', '2016-09-29 09:56:15', '2016-09-29 09:56:15', 25, 25, 60, 12),
(478, 'Swimsuits', '2016-09-29 09:56:15', '2016-09-29 09:56:15', 25, 25, 60, 15),
(479, 'Swimsuits', '2016-09-29 09:56:15', '2016-09-29 09:56:15', 25, 25, 60, 17),
(480, 'Swimsuits', '2016-09-29 09:56:15', '2016-09-29 09:56:15', 25, 25, 60, 19),
(481, 'Bike T-Shirts', '2016-09-29 09:56:52', '2016-11-16 13:35:20', 25, 25, 61, 1),
(482, 'Mallots Bicicleta', '2016-09-29 09:56:52', '2016-11-16 13:35:20', 25, 25, 61, 2),
(483, 'Mallots Bicicleta', '2016-09-29 09:56:52', '2016-11-16 13:35:20', 25, 25, 61, 4),
(484, 'Ao Xe Dap', '2016-09-29 09:56:52', '2016-11-16 13:35:20', 25, 25, 61, 8),
(485, 'Bike T-Shirts', '2016-09-29 09:56:52', '2016-11-16 13:35:20', 25, 25, 61, 12),
(486, 'Bike T-Shirts', '2016-09-29 09:56:52', '2016-11-16 13:35:20', 25, 25, 61, 15),
(487, 'Bike T-Shirts', '2016-09-29 09:56:52', '2016-11-16 13:35:20', 25, 25, 61, 17),
(488, 'Bike T-Shirts', '2016-09-29 09:56:52', '2016-11-16 13:35:20', 25, 25, 61, 19),
(489, 'Bike Pants', '2016-09-29 09:57:20', '2016-09-29 09:57:20', 25, 25, 62, 1),
(490, 'Pantalons de Bicicleta', '2016-09-29 09:57:20', '2016-09-29 09:57:20', 25, 25, 62, 2),
(491, 'Pantalones de Bicicleta', '2016-09-29 09:57:20', '2016-09-29 09:57:20', 25, 25, 62, 4),
(492, 'Bike Pants', '2016-09-29 09:57:20', '2016-09-29 09:57:20', 25, 25, 62, 8),
(493, 'Bike Pants', '2016-09-29 09:57:20', '2016-09-29 09:57:20', 25, 25, 62, 12),
(494, 'Bike Pants', '2016-09-29 09:57:20', '2016-09-29 09:57:20', 25, 25, 62, 15),
(495, 'Bike Pants', '2016-09-29 09:57:20', '2016-09-29 09:57:20', 25, 25, 62, 17),
(496, 'Bike Pants', '2016-09-29 09:57:20', '2016-09-29 09:57:20', 25, 25, 62, 19),
(497, 'Windstopper Long Sleeves', '2016-09-29 09:58:18', '2016-09-29 09:58:18', 25, 25, 63, 1),
(498, 'Windstopper Màniga Llarga', '2016-09-29 09:58:18', '2016-09-29 09:58:18', 25, 25, 63, 2),
(499, 'Windstopper Manga Larga', '2016-09-29 09:58:18', '2016-09-29 09:58:18', 25, 25, 63, 4),
(500, 'Windstopper Long Sleeves', '2016-09-29 09:58:18', '2016-09-29 09:58:18', 25, 25, 63, 8),
(501, 'Windstopper Long Sleeves', '2016-09-29 09:58:18', '2016-09-29 09:58:18', 25, 25, 63, 12),
(502, 'Windstopper Long Sleeves', '2016-09-29 09:58:18', '2016-09-29 09:58:18', 25, 25, 63, 15),
(503, 'Windstopper Long Sleeves', '2016-09-29 09:58:18', '2016-09-29 09:58:18', 25, 25, 63, 17),
(504, 'Windstopper Long Sleeves', '2016-09-29 09:58:18', '2016-09-29 09:58:18', 25, 25, 63, 19),
(521, 'Customization', '2016-10-12 14:38:22', '2016-10-12 14:38:22', 25, 25, 66, 1),
(522, 'Personalització', '2016-10-12 14:38:22', '2016-10-12 14:38:22', 25, 25, 66, 2),
(523, 'Personalización', '2016-10-12 14:38:22', '2016-10-12 14:38:22', 25, 25, 66, 4),
(524, 'Customization', '2016-10-12 14:38:22', '2016-10-12 14:38:22', 25, 25, 66, 8),
(525, 'Customization', '2016-10-12 14:38:22', '2016-10-12 14:38:22', 25, 25, 66, 12),
(526, 'Customization', '2016-10-12 14:38:22', '2016-10-12 14:38:22', 25, 25, 66, 15),
(527, 'Customization', '2016-10-12 14:38:22', '2016-10-12 14:38:22', 25, 25, 66, 17),
(528, 'Customization', '2016-10-12 14:38:22', '2016-10-12 14:38:22', 25, 25, 66, 19);

-- --------------------------------------------------------

--
-- Table structure for table `incoterm`
--

DROP TABLE IF EXISTS `incoterm`;
CREATE TABLE IF NOT EXISTS `incoterm` (
  `id_incoterm` int(11) NOT NULL,
  `ict_code` varchar(255) DEFAULT NULL,
  `ict_description` longtext CHARACTER SET utf8 COLLATE utf8_unicode_ci,
  `created` datetime DEFAULT NULL,
  `updated` datetime DEFAULT NULL,
  `id_user_created` int(11) DEFAULT NULL,
  `id_user_updated` int(11) DEFAULT NULL
) ENGINE=InnoDB DEFAULT CHARSET=latin1;

-- --------------------------------------------------------

--
-- Table structure for table `languages`
--

DROP TABLE IF EXISTS `languages`;
CREATE TABLE IF NOT EXISTS `languages` (
  `id_language` int(11) NOT NULL,
  `lg_code` varchar(255) DEFAULT NULL,
  `lg_name` varchar(255) DEFAULT NULL,
  `created` datetime DEFAULT NULL,
  `updated` datetime DEFAULT NULL,
  `id_user_created` int(11) DEFAULT NULL,
  `id_user_updated` int(11) DEFAULT NULL
) ENGINE=InnoDB AUTO_INCREMENT=20 DEFAULT CHARSET=latin1;

--
-- Dumping data for table `languages`
--

INSERT INTO `languages` (`id_language`, `lg_code`, `lg_name`, `created`, `updated`, `id_user_created`, `id_user_updated`) VALUES
(1, 'ENG', 'English', '2016-06-14 16:07:20', NULL, NULL, NULL),
(2, 'CAT', 'Català', '2016-06-14 16:07:20', '2016-09-06 11:36:43', NULL, 1),
(4, 'SP', 'Spanish', '2016-06-14 16:07:20', '2016-09-06 11:39:15', NULL, 1),
(8, 'VN', 'Vietnamese', '2016-06-14 16:07:20', '2016-09-06 11:40:22', NULL, 1),
(12, 'FR', 'French', '2016-06-14 16:07:20', '2016-09-06 11:40:36', NULL, 1),
(15, 'GM', 'German', '2016-06-14 16:07:20', '2016-09-06 11:40:49', NULL, 1),
(17, '007', '007', '2016-06-14 16:07:20', '2016-09-06 11:39:43', NULL, 1),
(19, '008', '008', '2016-06-14 16:07:20', '2016-09-06 11:39:55', NULL, 1);

-- --------------------------------------------------------

--
-- Table structure for table `materials`
--

DROP TABLE IF EXISTS `materials`;
CREATE TABLE IF NOT EXISTS `materials` (
  `Id_mat` int(11) NOT NULL,
  `mat_code` varchar(255) DEFAULT NULL,
  `mat_description` longtext CHARACTER SET utf8 COLLATE utf8_unicode_ci,
  `id_unit` varchar(255) DEFAULT NULL,
  `mat_price` varchar(255) DEFAULT NULL,
  `mat_date` varchar(255) DEFAULT NULL,
  `created` datetime DEFAULT NULL,
  `updated` datetime DEFAULT NULL,
  `id_group_mat` int(11) DEFAULT NULL,
  `id_Factory` int(11) DEFAULT NULL,
  `id_user_created` int(11) DEFAULT NULL,
  `id_user_updated` int(11) DEFAULT NULL
) ENGINE=InnoDB DEFAULT CHARSET=latin1;

-- --------------------------------------------------------

--
-- Table structure for table `orders`
--

DROP TABLE IF EXISTS `orders`;
CREATE TABLE IF NOT EXISTS `orders` (
  `id_order` int(11) NOT NULL,
  `ord_date` datetime DEFAULT NULL,
  `ord_description` longtext CHARACTER SET utf8 COLLATE utf8_unicode_ci,
  `ord_units` double DEFAULT NULL,
  `ord_fty_del_date` datetime DEFAULT NULL,
  `ord_fty_delivered` double DEFAULT NULL,
  `ord_fty_value` double DEFAULT NULL,
  `ord_fty_confirm` datetime DEFAULT NULL,
  `ord_zone_del_date` datetime DEFAULT NULL,
  `ord_zone_delivered` double DEFAULT NULL,
  `ord_zone_value` double DEFAULT NULL,
  `ord_zone_confirm` datetime DEFAULT NULL,
  `ord_ag_del_date` datetime DEFAULT NULL,
  `ord_ag_commission` int(11) DEFAULT NULL,
  `ord_discount_1` int(11) DEFAULT NULL,
  `ord_discount_2` int(11) DEFAULT NULL,
  `ord_ag_delivered` double DEFAULT NULL,
  `ord_ag_value` double DEFAULT NULL,
  `ord_ag_value_dsc1` double DEFAULT NULL,
  `ord_ag_value_dsc2` double DEFAULT NULL,
  `id_customer` int(11) DEFAULT NULL,
  `ord_plf` int(11) DEFAULT NULL,
  `ord_plz` int(11) DEFAULT NULL,
  `id_order_type` int(11) DEFAULT NULL,
  `id_order_condition` int(11) DEFAULT NULL,
  `id_payment` int(11) DEFAULT NULL,
  `id_order_status` int(11) DEFAULT NULL,
  `offer` longtext
) ENGINE=InnoDB AUTO_INCREMENT=3 DEFAULT CHARSET=latin1;

-- --------------------------------------------------------

--
-- Table structure for table `order_condition`
--

DROP TABLE IF EXISTS `order_condition`;
CREATE TABLE IF NOT EXISTS `order_condition` (
  `id_order_condition` int(11) NOT NULL,
  `oc_description` longtext CHARACTER SET utf8 COLLATE utf8_unicode_ci
) ENGINE=InnoDB AUTO_INCREMENT=4 DEFAULT CHARSET=latin1;

--
-- Dumping data for table `order_condition`
--

INSERT INTO `order_condition` (`id_order_condition`, `oc_description`) VALUES
(1, 'Direct'),
(2, 'Agent'),
(3, 'Dealer');

-- --------------------------------------------------------

--
-- Table structure for table `order_details`
--

DROP TABLE IF EXISTS `order_details`;
CREATE TABLE IF NOT EXISTS `order_details` (
  `id_order_det` int(11) NOT NULL,
  `ordd_cg_name` varchar(255) DEFAULT NULL,
  `ordd_line` varchar(255) DEFAULT NULL,
  `ordd_name` varchar(255) DEFAULT NULL,
  `ordd_number` varchar(255) DEFAULT NULL,
  `ordd_qtty` double DEFAULT NULL,
  `ordd_fty_pr` double DEFAULT NULL,
  `ordd_zone_pr` double DEFAULT NULL,
  `ordd_ag_pr` double DEFAULT NULL,
  `ordd_fty_tot` double DEFAULT NULL,
  `ordd_zone_tot` double DEFAULT NULL,
  `ordd_ag_tot` double DEFAULT NULL,
  `ordd_del_fty` double DEFAULT NULL,
  `ordd_del_zone` double DEFAULT NULL,
  `ordd_del_ag` double DEFAULT NULL,
  `id_size_det` int(11) DEFAULT NULL,
  `id_order` int(11) DEFAULT NULL,
  `id_product` int(11) DEFAULT NULL,
  `ordd_rcv_zone` double DEFAULT NULL,
  `ordd_rcv_ag` double DEFAULT NULL,
  `ordd_rcv_cs` double DEFAULT NULL,
  `ordd_rcv_pr` double DEFAULT NULL,
  `ordd_size_custom` bit(1) DEFAULT NULL,
  `ordd_pricelist` longtext
) ENGINE=InnoDB AUTO_INCREMENT=9 DEFAULT CHARSET=latin1;

-- --------------------------------------------------------

--
-- Table structure for table `order_status`
--

DROP TABLE IF EXISTS `order_status`;
CREATE TABLE IF NOT EXISTS `order_status` (
  `id_order_status` int(11) NOT NULL,
  `os_description` longtext CHARACTER SET utf8 COLLATE utf8_unicode_ci
) ENGINE=InnoDB AUTO_INCREMENT=4 DEFAULT CHARSET=latin1;

--
-- Dumping data for table `order_status`
--

INSERT INTO `order_status` (`id_order_status`, `os_description`) VALUES
(1, 'On delivery'),
(2, 'Delivered'),
(3, 'Open');

-- --------------------------------------------------------

--
-- Table structure for table `order_type`
--

DROP TABLE IF EXISTS `order_type`;
CREATE TABLE IF NOT EXISTS `order_type` (
  `id_order_type` int(11) NOT NULL,
  `ot_description` longtext CHARACTER SET utf8 COLLATE utf8_unicode_ci
) ENGINE=InnoDB AUTO_INCREMENT=4 DEFAULT CHARSET=latin1;

--
-- Dumping data for table `order_type`
--

INSERT INTO `order_type` (`id_order_type`, `ot_description`) VALUES
(1, 'Regular'),
(2, 'Reposition'),
(3, 'Samples');

-- --------------------------------------------------------

--
-- Table structure for table `particular`
--

DROP TABLE IF EXISTS `particular`;
CREATE TABLE IF NOT EXISTS `particular` (
  `id_particular` int(11) NOT NULL,
  `pt_name` varchar(255) DEFAULT NULL,
  `pt_dni` longtext,
  `pt_password` longtext,
  `pt_mail` longtext,
  `created` datetime DEFAULT NULL,
  `updated` datetime DEFAULT NULL,
  `id_user_created` int(11) DEFAULT NULL,
  `id_user_updated` int(11) DEFAULT NULL,
  `id_customer` int(11) DEFAULT NULL,
  `id_language` int(11) DEFAULT NULL,
  `id_contact` int(11) DEFAULT NULL
) ENGINE=InnoDB DEFAULT CHARSET=latin1;

-- --------------------------------------------------------

--
-- Table structure for table `patterns`
--

DROP TABLE IF EXISTS `patterns`;
CREATE TABLE IF NOT EXISTS `patterns` (
  `id_pattern` int(11) NOT NULL,
  `pt_code` varchar(255) DEFAULT NULL,
  `pt_date` date DEFAULT NULL,
  `pt_update` date DEFAULT NULL,
  `pt_notes` varchar(255) DEFAULT NULL,
  `pt_Sketch` varchar(255) DEFAULT NULL,
  `pt_Parts` varchar(255) DEFAULT NULL,
  `id_user_created` int(11) DEFAULT NULL,
  `id_user_updated` int(11) DEFAULT NULL,
  `id_Factory` int(11) DEFAULT NULL,
  `id_group_products` int(11) DEFAULT NULL
) ENGINE=InnoDB AUTO_INCREMENT=16 DEFAULT CHARSET=latin1;

--
-- Dumping data for table `patterns`
--

INSERT INTO `patterns` (`id_pattern`, `pt_code`, `pt_date`, `pt_update`, `pt_notes`, `pt_Sketch`, `pt_Parts`, `id_user_created`, `id_user_updated`, `id_Factory`, `id_group_products`) VALUES
(7, '0039', '2016-06-10', '2016-10-22', 'T-shirt Ranglan Basic Cut', 'hzhzsg1f4e99atcuiny164pummvnv8.png', 'yn15dc1bxxrezdrlqv6137g4gkww2q.jpeg', 25, 25, 1, 3),
(8, '0027', '2016-06-10', '2016-10-14', 'Basic Match Pant (No master grading)', 's7virpnzinpxqan3bqb3aakm8zfse6.png', 'nuv06a3czvk1xr2dc5crp01dgwnmfd.jpeg', 25, 25, 1, 9),
(9, '0040S', '2016-10-14', '2016-10-15', 'Basket Singlet various collars,(not master grading)', 'hqpikycteykf6h5huxi3di11oai644.png', '3x92zev29gbzoageegnnfvnweokt2t.jpeg', 25, 25, 1, 52),
(10, '0040P', '2016-10-14', '2016-10-15', '(not master grading)', 't6pbvz21krcy6lz2dibhm7h1y04y2g.png', NULL, 25, 25, 1, 9),
(11, '0169J', '2016-10-14', '2016-10-17', '', 'ftc79rslpbxmh9kg021lrz4lxqkfb8.png', 'g90epnro6u66zr3z78o1sxzgmy6qkq.jpeg', 25, 25, 1, 15),
(12, '0138', '2016-10-15', '2016-10-15', '', 'agwmixeqtwcyt9e9a8rydvaoa6a9ga.png', 'nczv11pbqqpugsuzxkcf10nqrurvc7.jpeg', 25, 25, 1, 11),
(15, 'TEST', '2016-10-15', '2016-10-16', '', NULL, NULL, 25, 1, 1, 9);

-- --------------------------------------------------------

--
-- Table structure for table `pattern_description`
--

DROP TABLE IF EXISTS `pattern_description`;
CREATE TABLE IF NOT EXISTS `pattern_description` (
  `id_pattern_des` int(11) NOT NULL,
  `pd_description` longtext CHARACTER SET utf8 COLLATE utf8_unicode_ci,
  `created` datetime DEFAULT NULL,
  `updated` datetime DEFAULT NULL,
  `id_user_created` int(11) DEFAULT NULL,
  `id_user_updated` int(11) DEFAULT NULL,
  `id_pattern` int(11) DEFAULT NULL,
  `id_language` int(11) DEFAULT NULL
) ENGINE=InnoDB AUTO_INCREMENT=225 DEFAULT CHARSET=latin1;

--
-- Dumping data for table `pattern_description`
--

INSERT INTO `pattern_description` (`id_pattern_des`, `pd_description`, `created`, `updated`, `id_user_created`, `id_user_updated`, `id_pattern`, `id_language`) VALUES
(153, 'T-shirt Ranglan Basic Cut', '2016-06-10 00:00:00', '2016-06-10 00:00:00', 25, 25, 7, 1),
(154, 'Camiseta Ranglan Tall bàsic', '2016-06-10 00:00:00', '2016-06-10 00:00:00', 25, 25, 7, 2),
(155, 'Camiseta Ranglan Corte Básico', '2016-06-10 00:00:00', '2016-06-10 00:00:00', 25, 25, 7, 4),
(156, 'T-shirt Ranglan Basic Cut', '2016-06-10 00:00:00', '2016-06-10 00:00:00', 25, 25, 7, 8),
(157, 'T-shirt Ranglan Basic Cut', '2016-06-10 00:00:00', '2016-06-10 00:00:00', 25, 25, 7, 12),
(158, 'T-shirt Ranglan Basic Cut', '2016-06-10 00:00:00', '2016-06-10 00:00:00', 25, 25, 7, 15),
(159, 'T-shirt Ranglan Basic Cut', '2016-06-10 00:00:00', '2016-06-10 00:00:00', 25, 25, 7, 17),
(160, 'T-shirt Ranglan Basic Cut', '2016-06-10 00:00:00', '2016-06-10 00:00:00', 25, 25, 7, 19),
(161, 'Basic Match Pant', '2016-06-10 00:00:00', '2016-10-14 00:00:00', 25, 25, 8, 1),
(162, 'Pantaló de joc bàsic', '2016-06-10 00:00:00', '2016-10-14 00:00:00', 25, 25, 8, 2),
(163, 'Pantalón de Juego básico', '2016-06-10 00:00:00', '2016-10-14 00:00:00', 25, 25, 8, 4),
(164, '', '2016-06-10 00:00:00', '2016-10-14 00:00:00', 25, 25, 8, 8),
(165, '', '2016-06-10 00:00:00', '2016-10-14 00:00:00', 25, 25, 8, 12),
(166, '', '2016-06-10 00:00:00', '2016-10-14 00:00:00', 25, 25, 8, 15),
(167, '', '2016-06-10 00:00:00', '2016-10-14 00:00:00', 25, 25, 8, 17),
(168, '', '2016-06-10 00:00:00', '2016-10-14 00:00:00', 25, 25, 8, 19),
(169, 'Basket Singlet', '2016-10-14 00:00:00', '2016-10-15 00:00:00', 25, 25, 9, 1),
(170, 'Camiseta de Básquet', '2016-10-14 00:00:00', '2016-10-15 00:00:00', 25, 25, 9, 2),
(171, 'Camiseta de Básquet', '2016-10-14 00:00:00', '2016-10-15 00:00:00', 25, 25, 9, 4),
(172, 'Basket Singlet', '2016-10-14 00:00:00', '2016-10-15 00:00:00', 25, 25, 9, 8),
(173, 'Basket Singlet', '2016-10-14 00:00:00', '2016-10-15 00:00:00', 25, 25, 9, 12),
(174, 'Basket Singlet', '2016-10-14 00:00:00', '2016-10-15 00:00:00', 25, 25, 9, 15),
(175, '', '2016-10-14 00:00:00', '2016-10-15 00:00:00', 25, 25, 9, 17),
(176, '', '2016-10-14 00:00:00', '2016-10-15 00:00:00', 25, 25, 9, 19),
(177, 'Basket Pant', '2016-10-14 00:00:00', '2016-10-15 00:00:00', 25, 25, 10, 1),
(178, 'Pantaló de Basquet', '2016-10-14 00:00:00', '2016-10-15 00:00:00', 25, 25, 10, 2),
(179, 'Pantalón de Basquet', '2016-10-14 00:00:00', '2016-10-15 00:00:00', 25, 25, 10, 4),
(180, 'Basket Pant', '2016-10-14 00:00:00', '2016-10-15 00:00:00', 25, 25, 10, 8),
(181, 'Basket Pant', '2016-10-14 00:00:00', '2016-10-15 00:00:00', 25, 25, 10, 12),
(182, 'Basket Pant', '2016-10-14 00:00:00', '2016-10-15 00:00:00', 25, 25, 10, 15),
(183, '', '2016-10-14 00:00:00', '2016-10-15 00:00:00', 25, 25, 10, 17),
(184, '', '2016-10-14 00:00:00', '2016-10-15 00:00:00', 25, 25, 10, 19),
(185, 'Jacket Tracksuit dropped sleeve and cuff', '2016-10-14 00:00:00', '2016-10-15 00:00:00', 25, 25, 11, 1),
(186, 'Jaqueta Xandall Mániga Muntada i baixos afegits', '2016-10-14 00:00:00', '2016-10-15 00:00:00', 25, 25, 11, 2),
(187, 'Chaqueta Chándal Manga Montada y bajos añadidos', '2016-10-14 00:00:00', '2016-10-15 00:00:00', 25, 25, 11, 4),
(188, '', '2016-10-14 00:00:00', '2016-10-15 00:00:00', 25, 25, 11, 8),
(189, '', '2016-10-14 00:00:00', '2016-10-15 00:00:00', 25, 25, 11, 12),
(190, '', '2016-10-14 00:00:00', '2016-10-15 00:00:00', 25, 25, 11, 15),
(191, '', '2016-10-14 00:00:00', '2016-10-15 00:00:00', 25, 25, 11, 17),
(192, '', '2016-10-14 00:00:00', '2016-10-15 00:00:00', 25, 25, 11, 19),
(193, 'Tracksuit pant with side tape and diagonal pockets. Knitted fabric.', '2016-10-15 00:00:00', '2016-10-15 00:00:00', 25, 25, 12, 1),
(194, 'Pantaló xandall amb tapeta lateral i butxaques inclinades. Teixit de punt.', '2016-10-15 00:00:00', '2016-10-15 00:00:00', 25, 25, 12, 2),
(195, 'Pantalón chándal con pieza lateral y bolsillos inclinados. Tejido de punto.', '2016-10-15 00:00:00', '2016-10-15 00:00:00', 25, 25, 12, 4),
(196, 'Tracksuit pant with side tape and diagonal pockets', '2016-10-15 00:00:00', '2016-10-15 00:00:00', 25, 25, 12, 8),
(197, 'Tracksuit pant with side tape and diagonal pockets', '2016-10-15 00:00:00', '2016-10-15 00:00:00', 25, 25, 12, 12),
(198, 'Tracksuit pant with side tape and diagonal pockets', '2016-10-15 00:00:00', '2016-10-15 00:00:00', 25, 25, 12, 15),
(199, '', '2016-10-15 00:00:00', '2016-10-15 00:00:00', 25, 25, 12, 17),
(200, '', '2016-10-15 00:00:00', '2016-10-15 00:00:00', 25, 25, 12, 19),
(217, '', '2016-10-15 00:00:00', '2016-10-15 00:00:00', 25, 25, 15, 1),
(218, '', '2016-10-15 00:00:00', '2016-10-15 00:00:00', 25, 25, 15, 2),
(219, '', '2016-10-15 00:00:00', '2016-10-15 00:00:00', 25, 25, 15, 4),
(220, '', '2016-10-15 00:00:00', '2016-10-15 00:00:00', 25, 25, 15, 8),
(221, '', '2016-10-15 00:00:00', '2016-10-15 00:00:00', 25, 25, 15, 12),
(222, '', '2016-10-15 00:00:00', '2016-10-15 00:00:00', 25, 25, 15, 15),
(223, '', '2016-10-15 00:00:00', '2016-10-15 00:00:00', 25, 25, 15, 17),
(224, '', '2016-10-15 00:00:00', '2016-10-15 00:00:00', 25, 25, 15, 19);

-- --------------------------------------------------------

--
-- Table structure for table `pattern_notes`
--

DROP TABLE IF EXISTS `pattern_notes`;
CREATE TABLE IF NOT EXISTS `pattern_notes` (
  `id_pattern_note` int(11) NOT NULL,
  `pn_note` longtext,
  `pn_date` datetime DEFAULT NULL,
  `id_pattern` int(11) DEFAULT NULL,
  `id_user_created` int(11) DEFAULT NULL
) ENGINE=InnoDB AUTO_INCREMENT=39 DEFAULT CHARSET=latin1;

--
-- Dumping data for table `pattern_notes`
--

INSERT INTO `pattern_notes` (`id_pattern_note`, `pn_note`, `pn_date`, `id_pattern`, `id_user_created`) VALUES
(37, '<p>R collar modified&nbsp;</p>\n\n<p>test&nbsp;</p>\n\n<p><span style="color:#ff0000;"><strong><span style="font-family:Comic Sans MS,cursive;">today</span></strong></span></p>\n', '2016-10-06 11:12:06', 7, 25),
(38, '<p>Created pattern Z to test</p>\n\n<h1>OK</h1>\n\n<p><span dir="ltr" lang="es">qwe</span></p>\n\n<p>&nbsp;</p>\n', '2016-10-07 23:30:47', 7, 25);

-- --------------------------------------------------------

--
-- Table structure for table `pattern_part`
--

DROP TABLE IF EXISTS `pattern_part`;
CREATE TABLE IF NOT EXISTS `pattern_part` (
  `id_pattern_part` int(11) NOT NULL,
  `pp_description` longtext CHARACTER SET utf8 COLLATE utf8_unicode_ci,
  `pp_code` longtext,
  `id_pattern` int(11) DEFAULT NULL,
  `id_language` int(11) DEFAULT NULL,
  `pp_vn` longtext CHARACTER SET utf8,
  `pp_en` longtext CHARACTER SET utf8
) ENGINE=InnoDB AUTO_INCREMENT=98 DEFAULT CHARSET=latin1;

--
-- Dumping data for table `pattern_part`
--

INSERT INTO `pattern_part` (`id_pattern_part`, `pp_description`, `pp_code`, `id_pattern`, `id_language`, `pp_vn`, `pp_en`) VALUES
(34, NULL, 'A', 7, NULL, '', 'Front 1pc - V neckline'),
(35, NULL, 'B', 7, NULL, '', 'Back 1pc'),
(36, NULL, 'C', 7, NULL, '', 'Sleeve 1pc'),
(37, NULL, 'D', 7, NULL, '', 'Round neckline'),
(38, NULL, 'E', 7, NULL, '', 'Polo neckline'),
(39, NULL, 'F', 7, NULL, '', 'Small V neckline'),
(41, NULL, 'H', 7, NULL, '', 'Round neckline +1.5cm'),
(42, NULL, 'I', 7, NULL, '', 'Curved bottom extension'),
(43, NULL, 'K1', 7, NULL, '', 'Front 2pcs Bottom'),
(44, NULL, 'K2', 7, NULL, '', '(L) Front 2pcs Top - V neckline'),
(45, NULL, 'N1', 7, NULL, '', 'Back 2pcs - Bottom'),
(46, NULL, 'N2', 7, NULL, '', '(O) Back 2pcs - Top'),
(47, NULL, 'M', 7, NULL, '', 'Front 2pcs - Round neckline'),
(48, NULL, 'P', 7, NULL, '', 'Polo collar'),
(49, NULL, 'R', 7, NULL, '', 'High Collar Zipper'),
(50, NULL, 'A', 8, NULL, '', 'Pant 1pc'),
(51, NULL, 'B', 8, NULL, '', 'Front Underlining'),
(52, NULL, 'C', 8, NULL, '', 'Back Underlining'),
(55, NULL, 'G', 7, NULL, '', 'Back Neck'),
(56, NULL, 'A', 9, NULL, '', 'Front 1pc V neckline'),
(57, NULL, 'B', 9, NULL, '', 'Back 1pc'),
(58, NULL, 'C', 9, NULL, '', 'Round neckline'),
(59, NULL, 'D', 9, NULL, '', 'Neck'),
(60, NULL, 'A', 10, NULL, '', 'Pant'),
(61, NULL, 'A', 11, NULL, '', 'Front 1pc'),
(62, NULL, 'B', 11, NULL, '', 'Back 1 pc'),
(63, NULL, 'C', 11, NULL, '', 'Front no shoulder'),
(64, NULL, 'D', 11, NULL, '', 'Back no shoulder'),
(65, NULL, 'E', 11, NULL, '', 'Shoulder'),
(66, NULL, 'F', 11, NULL, '', 'Facing'),
(67, NULL, 'G', 11, NULL, '', 'Pocket'),
(68, NULL, 'H', 11, NULL, '', 'Body Side 1 pc'),
(69, NULL, 'I', 11, NULL, '', 'Collar'),
(70, NULL, 'J', 11, NULL, '', 'Bottom'),
(71, NULL, 'K', 11, NULL, '', 'Sleeve side 1pc'),
(72, NULL, 'L', 11, NULL, '', 'Sleeve center'),
(73, NULL, 'M', 11, NULL, '', 'Cuff'),
(74, NULL, 'N', 11, NULL, '', 'Bottom - Body side 2 pcs'),
(75, NULL, 'O', 11, NULL, '', 'Top - Body side 2 pcs'),
(76, NULL, 'P', 11, NULL, '', 'Bottom - Sleeve side 2 pcs'),
(77, NULL, 'Q', 11, NULL, '', 'Top - Sleeve side 2 pcs'),
(78, NULL, 'A', 12, NULL, '', 'Front 1 pc'),
(79, NULL, 'B', 12, NULL, '', 'Back 1 pc'),
(80, NULL, 'C', 12, NULL, '', 'Side 2 pcs - Top'),
(81, NULL, 'D', 12, NULL, '', 'Side 2 pcs - Bottom'),
(82, NULL, 'E', 12, NULL, '', 'Side 1 pc'),
(83, NULL, 'F', 12, NULL, '', 'Front 2 pcs - Top'),
(84, NULL, 'G', 12, NULL, '', 'Back 2 pcs - Top'),
(85, NULL, 'H', 12, NULL, '', 'Front 2 pcs - Bottom'),
(86, NULL, 'I', 12, NULL, '', 'Back 2 pcs - Bottom'),
(87, NULL, 'J', 12, NULL, '', 'Front 3 pcs - Bottom'),
(88, NULL, 'K', 12, NULL, '', 'Bottom Front, zipper center back'),
(89, NULL, 'L', 12, NULL, '', 'Bottom Back, zipper centre back'),
(91, NULL, 'A', 15, NULL, '', ''),
(92, NULL, 'B-TEST', 15, NULL, '', ''),
(93, NULL, 'C-TEST', 15, NULL, '', ''),
(94, NULL, 'D-TEST', 15, NULL, '', ''),
(95, NULL, 'E-TEST', 15, NULL, '', ''),
(96, NULL, 'F-TEST', 15, NULL, '', ''),
(97, NULL, 'H-TEST', 15, NULL, '', '');

-- --------------------------------------------------------

--
-- Table structure for table `pattern_variantions`
--

DROP TABLE IF EXISTS `pattern_variantions`;
CREATE TABLE IF NOT EXISTS `pattern_variantions` (
  `id_pattern_var` int(11) NOT NULL,
  `pv_code` varchar(255) DEFAULT NULL,
  `pv_parts` text CHARACTER SET utf8 COLLATE utf8_unicode_ci,
  `pv_sketch` varchar(255) DEFAULT NULL,
  `id_pattern` int(11) DEFAULT NULL,
  `pv_comment` text CHARACTER SET utf8 COLLATE utf8_unicode_ci,
  `pattern_part` text CHARACTER SET utf8 COLLATE utf8_unicode_ci
) ENGINE=InnoDB AUTO_INCREMENT=38 DEFAULT CHARSET=latin1;

--
-- Dumping data for table `pattern_variantions`
--

INSERT INTO `pattern_variantions` (`id_pattern_var`, `pv_code`, `pv_parts`, `pv_sketch`, `id_pattern`, `pv_comment`, `pattern_part`) VALUES
(21, 'R', NULL, 'p8x85xfc8hxl6nyida72z64uzh13sc.png', 7, 'Basic Round Neck', '{"34":{"quantity": "1","id": 34,"code": "A"},"35":{"quantity": "1","id": 35,"code": "B"},"36": {"quantity": "1","id": 36,"code":"B"},"37":{"quantity": "1","id": 37,"code": "B"}}'),
(22, 'V', NULL, 'ai51w8g9teo06b7rn6q9yo5sg1ct5w.png', 7, 'Basic V Neck', '{"34":{"quantity":"1","id":34,"code":"Asdfsdsdf"},"35":{"quantity":"1","id":35,"code":"Bsdfsdsdf"},"36":{"quantity":"2","id":36,"code":"Csdfsdsdf"}}'),
(23, 'PB', NULL, 'ytl0ecaaw0hq7vftv90wm3in84186b.png', 7, 'Basic Polo', '{"34":{"quantity":"1","id":34,"code":"Asdfsdsdf"},"35":{"quantity":"1","id":35,"code":"Bsdfsdsdf"},"36":{"quantity":"2","id":36,"code":"Csdfsdsdf"},"38":{"quantity":"1","id":38,"code":"Esdfsdsdf"},"48":{"quantity":"1","id":48,"code":"Psdfsdsdf"}}'),
(24, 'P', NULL, 'f83wo4mraul30lfxbk3omx693krva6.png', 8, 'Basic', '{"50":{"quantity":"2","id":50,"code":"Asdfsdsdf"}}'),
(25, 'PU', NULL, 'xgsuf8ql5w4ogaf9whh5fiktqd76bq.png', 8, 'Basic with underwear', '{"50":{"quantity":"2","id":50,"code":"Asdfsdsdf"},"51":{"quantity":"1","id":51,"code":"Bsdfsdsdf"},"52":{"quantity":"1","id":52,"code":"Csdfsdsdf"}}'),
(27, 'V', NULL, 'tiqbkdyr7nf44xbien2vnmhop39sbx.png', 9, '', '{"56":{"quantity":"1","id":56,"code":"Asdfsdsdf"},"57":{"quantity":"1","id":57,"code":"Bsdfsdsdf"},"58":{"quantity":"1","id":58,"code":"Csdfsdsdf"}}'),
(28, 'R', NULL, 'n4iidf44xw2ah5a01id4wkp34f89sh.png', 9, '', '{"56":{"quantity":"1","id":56,"code":"Asdfsdsdf"},"57":{"quantity":"1","id":57,"code":"Bsdfsdsdf"},"58":{"quantity":"1","id":58,"code":"Csdfsdsdf"}}'),
(29, 'VT', NULL, 'c79nzzvqwcgm981dor5437cukhgp2s.png', 9, '', '{"56":{"quantity":"1","id":56,"code":"Asdfsdsdf"},"57":{"quantity":"1","id":57,"code":"Bsdfsdsdf"}}'),
(30, 'P', NULL, '1oph6x735skwsv674q9wd1enzvkzgn.png', 10, '', '{"60":{"quantity":"2","id":60,"code":"Asdfsdsdf"}}'),
(31, 'J', NULL, '0bqt148q7mr32uas833eydka9ytrrr.png', 11, '', '{"61":{"quantity":"2","id":61,"code":"Asdfsdsdf"},"62":{"quantity":"1","id":62,"code":"Bsdfsdsdf"},"66":{"quantity":"2","id":66,"code":"Fsdfsdsdf"},"67":{"quantity":"4","id":67,"code":"Gsdfsdsdf"},"68":{"quantity":"4","id":68,"code":"Hsdfsdsdf"},"69":{"quantity":"2","id":69,"code":"Isdfsdsdf"},"70":{"quantity":"2","id":70,"code":"Jsdfsdsdf"},"71":{"quantity":"4","id":71,"code":"Ksdfsdsdf"},"72":{"quantity":"2","id":72,"code":"Lsdfsdsdf"},"73":{"quantity":"2","id":73,"code":"Msdfsdsdf"}}'),
(32, '3PC', NULL, 'w1l3yishz86e52ri4yazecsy47uxh2.png', 12, '', '{"78":{"quantity":"2","id":78,"code":"A"},"79":{"quantity":"2","id":79,"code":"B"},"82":{"quantity":"2","id":82,"code":"E"}}'),
(33, '3PCZ', NULL, 'lbd801a97h432b4lvz6kif76ft340t.png', 12, '', '{"78":{"quantity":"2","id":78,"code":"Asdfsdsdf"},"79":{"quantity":"2","id":79,"code":"Bsdfsdsdf"},"82":{"quantity":"2","id":82,"code":"Esdfsdsdf"}}'),
(34, '4PC', NULL, NULL, 12, '', '{"78":{"quantity":"2","id":78,"code":"Asdfsdsdf"},"79":{"quantity":"2","id":79,"code":"Bsdfsdsdf"},"80":{"quantity":"2","id":80,"code":"Csdfsdsdf"},"81":{"quantity":"2","id":81,"code":"Dsdfsdsdf"}}'),
(35, '4PCZ', NULL, NULL, 12, '', '{"78":{"quantity":"2","id":78,"code":"Asdfsdsdf"},"79":{"quantity":"2","id":79,"code":"Bsdfsdsdf"},"80":{"quantity":"2","id":80,"code":"Csdfsdsdf"},"81":{"quantity":"2","id":81,"code":"Dsdfsdsdf"}}'),
(37, 'A', NULL, NULL, 15, '', '{"91":{"quantity":"2","id":91,"code":"Asdfsdsdf"},"92":{"quantity":"3","id":92,"code":"B-TESTsdfsdsdf"},"93":{"quantity":"4","id":93,"code":"C-TESTsdfsdsdf"},"94":{"quantity":"5","id":94,"code":"D-TESTsdfsdsdf"},"95":{"quantity":"5","id":95,"code":"E-TESTsdfsdsdf"},"96":{"quantity":"5","id":96,"code":"F-TESTsdfsdsdf"},"97":{"quantity":"5","id":97,"code":"H-TESTsdfsdsdf"}}');

-- --------------------------------------------------------

--
-- Table structure for table `pattern_var_des`
--

DROP TABLE IF EXISTS `pattern_var_des`;
CREATE TABLE IF NOT EXISTS `pattern_var_des` (
  `id_pv_des` int(11) NOT NULL,
  `pv_description` longtext CHARACTER SET utf8 COLLATE utf8_unicode_ci,
  `id_pattern_var` int(11) DEFAULT NULL,
  `id_language` int(11) DEFAULT NULL
) ENGINE=InnoDB AUTO_INCREMENT=289 DEFAULT CHARSET=latin1;

--
-- Dumping data for table `pattern_var_des`
--

INSERT INTO `pattern_var_des` (`id_pv_des`, `pv_description`, `id_pattern_var`, `id_language`) VALUES
(153, 'Basic Round Neck', 21, 1),
(154, 'Bàsic coll Rodó', 21, 2),
(155, 'Básico Cuello redondo', 21, 4),
(156, '', 21, 8),
(157, '', 21, 12),
(158, '', 21, 15),
(159, '', 21, 17),
(160, '', 21, 19),
(161, 'Basic V Neck', 22, 1),
(162, 'Bàsic Coll V', 22, 2),
(163, 'Básico Cuello V', 22, 4),
(164, '', 22, 8),
(165, '', 22, 12),
(166, '', 22, 15),
(167, '', 22, 17),
(168, '', 22, 19),
(169, 'Polo Basic Buttons', 23, 1),
(170, 'Polo Bàsic amb Botons', 23, 2),
(171, 'Polo básico con botones', 23, 4),
(172, 'Polo Basic Buttons', 23, 8),
(173, 'Polo Basic Buttons', 23, 12),
(174, 'Polo Basic Buttons', 23, 15),
(175, '', 23, 17),
(176, '', 23, 19),
(177, 'Basic', 24, 1),
(178, 'Basic', 24, 2),
(179, 'Basico', 24, 4),
(180, '', 24, 8),
(181, '', 24, 12),
(182, '', 24, 15),
(183, '', 24, 17),
(184, '', 24, 19),
(185, 'Basic with underwear', 25, 1),
(186, 'Bàsic amb braguero', 25, 2),
(187, 'Básico con braguero', 25, 4),
(188, '', 25, 8),
(189, '', 25, 12),
(190, '', 25, 15),
(191, '', 25, 17),
(192, '', 25, 19),
(201, 'V neck', 27, 1),
(202, 'Coll V', 27, 2),
(203, 'Cuello V', 27, 4),
(204, 'V neck', 27, 8),
(205, 'V neck', 27, 12),
(206, 'V neck', 27, 15),
(207, '', 27, 17),
(208, '', 27, 19),
(209, 'Round neck', 28, 1),
(210, 'Coll rodó', 28, 2),
(211, 'Cuello redondo', 28, 4),
(212, 'Round neck', 28, 8),
(213, 'Round neck', 28, 12),
(214, 'Round neck', 28, 15),
(215, '', 28, 17),
(216, '', 28, 19),
(217, 'V Tape neck', 29, 1),
(218, 'Coll V amb tapeta', 29, 2),
(219, 'Cuello V con tapeta', 29, 4),
(220, 'Round neck', 29, 8),
(221, 'Round neck', 29, 12),
(222, 'Round neck', 29, 15),
(223, '', 29, 17),
(224, '', 29, 19),
(225, 'Basic 1 piece', 30, 1),
(226, 'Bàsic 1 peça', 30, 2),
(227, 'Básico 1 pieza', 30, 4),
(228, 'Basic 1 piece', 30, 8),
(229, 'Basic 1 piece', 30, 12),
(230, 'Basic 1 piece', 30, 15),
(231, '', 30, 17),
(232, '', 30, 19),
(233, 'Basic, side 1 pc, no shoulder', 31, 1),
(234, 'Bàsica, costats 1 peça, sense espatlla', 31, 2),
(235, 'Básica, laterales 1 pieza, sin hombros', 31, 4),
(236, '', 31, 8),
(237, '', 31, 12),
(238, '', 31, 15),
(239, '', 31, 17),
(240, '', 31, 19),
(241, '3 pieces', 32, 1),
(242, '3 peces', 32, 2),
(243, '3 piezas', 32, 4),
(244, '3 pieces', 32, 8),
(245, '3 pieces', 32, 12),
(246, '3 pieces', 32, 15),
(247, '', 32, 17),
(248, '', 32, 19),
(249, '3 pieces + zippers', 33, 1),
(250, '3 peces + cremalleres', 33, 2),
(251, '3 piezas + cremalleras', 33, 4),
(252, '3 pieces + zippers', 33, 8),
(253, '3 pieces + zippers', 33, 12),
(254, '3 pieces + zippers', 33, 15),
(255, '', 33, 17),
(256, '', 33, 19),
(257, '3 pieces + zippers', 34, 1),
(258, 'Lateral 2 peces', 34, 2),
(259, 'Lateral 2 piezas', 34, 4),
(260, 'Side 2 pieces', 34, 8),
(261, 'Side 2 pieces', 34, 12),
(262, 'Side 2 piecesSide 2 pieces', 34, 15),
(263, '', 34, 17),
(264, '', 34, 19),
(265, 'Side 2 pieces + zipper', 35, 1),
(266, 'Lateral 2 peces + cremallera', 35, 2),
(267, 'Lateral 2 piezas + cremalleras', 35, 4),
(268, 'Side 2 pieces + zipper', 35, 8),
(269, 'Side 2 pieces + zipper', 35, 12),
(270, 'Side 2 pieces + zipper', 35, 15),
(271, '', 35, 17),
(272, '', 35, 19),
(281, '', 37, 1),
(282, '', 37, 2),
(283, '', 37, 4),
(284, '', 37, 8),
(285, '', 37, 12),
(286, '', 37, 15),
(287, '', 37, 17),
(288, '', 37, 19);

-- --------------------------------------------------------

--
-- Table structure for table `payment`
--

DROP TABLE IF EXISTS `payment`;
CREATE TABLE IF NOT EXISTS `payment` (
  `id_payment` int(11) NOT NULL,
  `pay_code` varchar(255) DEFAULT NULL,
  `pay_description` longtext CHARACTER SET utf8 COLLATE utf8_unicode_ci,
  `pay_dp` double DEFAULT NULL,
  `pay_delivery` double DEFAULT NULL,
  `pay_30_days` double DEFAULT NULL,
  `pay_60_days` double DEFAULT NULL,
  `pay_other` double DEFAULT NULL,
  `pay_day` double DEFAULT NULL
) ENGINE=InnoDB AUTO_INCREMENT=2 DEFAULT CHARSET=latin1;

--
-- Dumping data for table `payment`
--

INSERT INTO `payment` (`id_payment`, `pay_code`, `pay_description`, `pay_dp`, `pay_delivery`, `pay_30_days`, `pay_60_days`, `pay_other`, `pay_day`) VALUES
(1, 'PAY-1', 'First pay ', 10, 15, 20, 25, 30, 30);

-- --------------------------------------------------------

--
-- Table structure for table `person`
--

DROP TABLE IF EXISTS `person`;
CREATE TABLE IF NOT EXISTS `person` (
  `id_person` int(11) NOT NULL,
  `cts_p_name` varchar(255) DEFAULT NULL,
  `cts_p_position` varchar(255) DEFAULT NULL,
  `cts_p_phone` varchar(255) DEFAULT NULL,
  `cts_p_email` varchar(255) DEFAULT NULL,
  `cts_p_notes` varchar(255) DEFAULT NULL,
  `cts_p_bday` date DEFAULT NULL,
  `created` datetime DEFAULT NULL,
  `updated` datetime DEFAULT NULL,
  `id_user_created` int(11) DEFAULT NULL,
  `id_user_updated` int(11) DEFAULT NULL,
  `id_contact` int(11) DEFAULT NULL
) ENGINE=InnoDB DEFAULT CHARSET=latin1;

-- --------------------------------------------------------

--
-- Table structure for table `prd_cust`
--

DROP TABLE IF EXISTS `prd_cust`;
CREATE TABLE IF NOT EXISTS `prd_cust` (
  `Id_prd_cust` int(11) NOT NULL,
  `cost_code` varchar(255) DEFAULT NULL,
  `cv_version` varchar(255) DEFAULT NULL,
  `prd_cust_qtty` varchar(255) DEFAULT NULL,
  `id_product` int(11) DEFAULT NULL
) ENGINE=InnoDB DEFAULT CHARSET=latin1;

-- --------------------------------------------------------

--
-- Table structure for table `price_list_factory`
--

DROP TABLE IF EXISTS `price_list_factory`;
CREATE TABLE IF NOT EXISTS `price_list_factory` (
  `id_plf` int(11) NOT NULL,
  `plf_code` varchar(255) DEFAULT NULL,
  `plf_description` longtext CHARACTER SET utf8 COLLATE utf8_unicode_ci,
  `plf_season` varchar(255) DEFAULT NULL,
  `plf_correction` double DEFAULT NULL,
  `plf_Ex_Rate` double DEFAULT NULL,
  `plf_date` date DEFAULT NULL,
  `plf_update` datetime DEFAULT NULL,
  `id_user_created` int(11) DEFAULT NULL,
  `id_user_updated` int(11) DEFAULT NULL,
  `id_language` int(11) DEFAULT NULL,
  `id_Factory` int(11) DEFAULT NULL,
  `id_currency` int(11) DEFAULT NULL,
  `id_Zone` int(11) DEFAULT NULL
) ENGINE=InnoDB AUTO_INCREMENT=18 DEFAULT CHARSET=latin1;

-- --------------------------------------------------------

--
-- Table structure for table `price_list_factory_detail`
--

DROP TABLE IF EXISTS `price_list_factory_detail`;
CREATE TABLE IF NOT EXISTS `price_list_factory_detail` (
  `id_plf_det` int(11) NOT NULL,
  `plfd_fty_cost_0` varchar(255) DEFAULT NULL,
  `plfd_fty_sell_1` double DEFAULT NULL,
  `plfd_fty_sell_2` double DEFAULT NULL,
  `plfd_fty_sell_3` double DEFAULT NULL,
  `created` datetime DEFAULT NULL,
  `updated` datetime DEFAULT NULL,
  `id_user_created` int(11) DEFAULT NULL,
  `id_user_updated` int(11) DEFAULT NULL,
  `id_plf` int(11) DEFAULT NULL,
  `id_cost` int(11) DEFAULT NULL,
  `id_factory` int(11) DEFAULT NULL,
  `id_currency` int(11) DEFAULT NULL,
  `id_cost_version` int(11) DEFAULT NULL
) ENGINE=InnoDB AUTO_INCREMENT=107 DEFAULT CHARSET=latin1;

-- --------------------------------------------------------

--
-- Table structure for table `price_list_zone`
--

DROP TABLE IF EXISTS `price_list_zone`;
CREATE TABLE IF NOT EXISTS `price_list_zone` (
  `id_plz` int(11) NOT NULL,
  `plz_code` varchar(255) DEFAULT NULL,
  `plz_description` longtext CHARACTER SET utf8 COLLATE utf8_unicode_ci,
  `plz_season` varchar(255) DEFAULT NULL,
  `plz_ex_Rate` double DEFAULT NULL,
  `plz_correction` double DEFAULT NULL,
  `plz_commission` double DEFAULT NULL,
  `plz_freight` double DEFAULT NULL,
  `plz_taxes` double DEFAULT NULL,
  `plz_margin` double DEFAULT NULL,
  `plz_date` date DEFAULT NULL,
  `plz_update` date DEFAULT NULL,
  `id_user_created` int(11) DEFAULT NULL,
  `id_user_updated` int(11) DEFAULT NULL,
  `id_currency` int(11) DEFAULT NULL,
  `id_language` int(11) DEFAULT NULL,
  `id_plf` int(11) DEFAULT NULL
) ENGINE=InnoDB AUTO_INCREMENT=8 DEFAULT CHARSET=latin1;

-- --------------------------------------------------------

--
-- Table structure for table `price_list_zone_details`
--

DROP TABLE IF EXISTS `price_list_zone_details`;
CREATE TABLE IF NOT EXISTS `price_list_zone_details` (
  `id_plz_det` int(11) NOT NULL,
  `plzd_Weight` double DEFAULT NULL,
  `plzd_Fty_Sell_4` double DEFAULT NULL,
  `plzd_Freight` double DEFAULT NULL,
  `plzd_Taxes` double DEFAULT NULL,
  `plzd_Margin` double DEFAULT NULL,
  `plzd_Margin_1` double DEFAULT NULL,
  `plzd_Margin_2` double DEFAULT NULL,
  `plzd_Zone_Sell_5` double DEFAULT NULL,
  `plzd_Zone_Sell_6` double DEFAULT NULL,
  `plzd_PVPR_7` double DEFAULT NULL,
  `plzd_PVPR_8` double DEFAULT NULL,
  `created` datetime DEFAULT NULL,
  `updated` datetime DEFAULT NULL,
  `id_user_created` int(11) DEFAULT NULL,
  `id_user_updated` int(11) DEFAULT NULL,
  `id_plz` int(11) DEFAULT NULL,
  `id_plf_det` int(11) DEFAULT NULL
) ENGINE=InnoDB AUTO_INCREMENT=85 DEFAULT CHARSET=latin1;

-- --------------------------------------------------------

--
-- Table structure for table `process`
--

DROP TABLE IF EXISTS `process`;
CREATE TABLE IF NOT EXISTS `process` (
  `Id_process` int(11) NOT NULL,
  `process_code` varchar(255) DEFAULT NULL,
  `process_description` longtext CHARACTER SET utf8 COLLATE utf8_unicode_ci,
  `process_price` varchar(255) DEFAULT NULL,
  `id_unit` int(11) DEFAULT NULL
) ENGINE=InnoDB DEFAULT CHARSET=latin1;

-- --------------------------------------------------------

--
-- Table structure for table `product`
--

DROP TABLE IF EXISTS `product`;
CREATE TABLE IF NOT EXISTS `product` (
  `id_product` int(11) NOT NULL,
  `pr_version` int(11) DEFAULT NULL,
  `pr_description` longtext CHARACTER SET utf8 COLLATE utf8_unicode_ci,
  `pr_section` varchar(255) DEFAULT NULL,
  `pr_fty_sell_9` double DEFAULT NULL,
  `pr_zone_sell_10` double DEFAULT NULL,
  `pr_PVPR_11` double DEFAULT NULL,
  `pr_Club_12` double DEFAULT NULL,
  `pr_Web_13` double DEFAULT NULL,
  `pr_date` date DEFAULT NULL,
  `pr_date_update` date DEFAULT NULL,
  `pr_web` bit(2) DEFAULT b'0',
  `pr_9_valid` double DEFAULT NULL,
  `pr_10_valid` double DEFAULT NULL,
  `pr_11_valid` double DEFAULT NULL,
  `pr_sketch` varchar(255) DEFAULT NULL,
  `pr_picture` varchar(255) DEFAULT NULL,
  `pr_stock` bit(1) DEFAULT NULL,
  `id_Project` int(11) DEFAULT NULL,
  `id_type_products` int(11) DEFAULT NULL,
  `id_pattern_var` int(11) DEFAULT NULL,
  `id_pr_status` int(11) DEFAULT NULL,
  `id_cost` int(11) DEFAULT NULL,
  `id_cost_version` int(11) DEFAULT NULL,
  `id_Pattern` int(11) DEFAULT NULL,
  `id_size` int(11) DEFAULT NULL,
  `id_contract` int(11) DEFAULT NULL,
  `id_plz_det` int(11) DEFAULT NULL,
  `id_user_created` int(11) DEFAULT NULL,
  `id_user_updated` int(11) DEFAULT NULL,
  `id_Factory` int(11) DEFAULT NULL
) ENGINE=InnoDB AUTO_INCREMENT=16 DEFAULT CHARSET=latin1;

-- --------------------------------------------------------

--
-- Table structure for table `product_components`
--

DROP TABLE IF EXISTS `product_components`;
CREATE TABLE IF NOT EXISTS `product_components` (
  `Id_pr_comp` int(11) NOT NULL,
  `pc_comp_qtty` varchar(255) DEFAULT NULL,
  `id_product` int(11) DEFAULT NULL,
  `id_mat` int(11) DEFAULT NULL
) ENGINE=InnoDB DEFAULT CHARSET=latin1;

-- --------------------------------------------------------

--
-- Table structure for table `product_process`
--

DROP TABLE IF EXISTS `product_process`;
CREATE TABLE IF NOT EXISTS `product_process` (
  `Id_pr_process` int(11) NOT NULL,
  `pr_process_qtty` varchar(255) DEFAULT NULL,
  `id_process` int(11) DEFAULT NULL,
  `id_product` int(11) DEFAULT NULL
) ENGINE=InnoDB DEFAULT CHARSET=latin1;

-- --------------------------------------------------------

--
-- Table structure for table `product_status`
--

DROP TABLE IF EXISTS `product_status`;
CREATE TABLE IF NOT EXISTS `product_status` (
  `id_pr_status` int(11) NOT NULL,
  `pr_stat_desc` varchar(255) DEFAULT NULL,
  `created` datetime DEFAULT NULL,
  `updated` datetime DEFAULT NULL,
  `id_user_created` int(11) DEFAULT NULL,
  `id_user_updated` int(11) DEFAULT NULL
) ENGINE=InnoDB AUTO_INCREMENT=8 DEFAULT CHARSET=latin1;

--
-- Dumping data for table `product_status`
--

INSERT INTO `product_status` (`id_pr_status`, `pr_stat_desc`, `created`, `updated`, `id_user_created`, `id_user_updated`) VALUES
(3, 'Approved', NULL, NULL, NULL, NULL),
(4, 'Canceled', NULL, NULL, NULL, NULL),
(5, 'In Design Process', NULL, NULL, NULL, NULL),
(6, 'Out of order', NULL, NULL, NULL, NULL),
(7, 'In production', NULL, NULL, NULL, NULL);

-- --------------------------------------------------------

--
-- Table structure for table `prod_cust`
--

DROP TABLE IF EXISTS `prod_cust`;
CREATE TABLE IF NOT EXISTS `prod_cust` (
  `id_prd_cust` int(11) NOT NULL,
  `cost_code` varchar(255) DEFAULT NULL,
  `cv_version` varchar(255) DEFAULT NULL,
  `prd_cust_qtty` double DEFAULT NULL,
  `prd_cust_description` longtext CHARACTER SET utf8 COLLATE utf8_unicode_ci,
  `id_product` int(11) DEFAULT NULL,
  `id_plz_det` int(11) DEFAULT NULL
) ENGINE=InnoDB DEFAULT CHARSET=latin1;

-- --------------------------------------------------------

--
-- Table structure for table `project`
--

DROP TABLE IF EXISTS `project`;
CREATE TABLE IF NOT EXISTS `project` (
  `id_Project` int(11) NOT NULL,
  `id_display` int(11) DEFAULT NULL,
  `pj_description` longtext CHARACTER SET utf8 COLLATE utf8_unicode_ci,
  `pj_date` date DEFAULT NULL,
  `pj_act_1` bit(1) DEFAULT NULL,
  `pj_act_2` bit(1) DEFAULT NULL,
  `pj_act_3` bit(1) DEFAULT NULL,
  `pj_act_4` bit(1) DEFAULT NULL,
  `pj_act_5` bit(1) DEFAULT NULL,
  `pj_act_6` bit(1) DEFAULT NULL,
  `pj_act_7` bit(1) DEFAULT NULL,
  `pj_act_8` bit(1) DEFAULT NULL,
  `pj_act_9` bit(1) DEFAULT NULL,
  `pj_act_10` bit(1) DEFAULT NULL,
  `created` datetime DEFAULT NULL,
  `updated` datetime DEFAULT NULL,
  `id_user_created` int(11) DEFAULT NULL,
  `id_user_updated` int(11) DEFAULT NULL,
  `id_Factory` int(11) DEFAULT NULL,
  `id_customer` int(11) DEFAULT NULL,
  `id_pj_Status` int(11) DEFAULT NULL
) ENGINE=InnoDB AUTO_INCREMENT=32 DEFAULT CHARSET=latin1;

-- --------------------------------------------------------

--
-- Table structure for table `project_comment`
--

DROP TABLE IF EXISTS `project_comment`;
CREATE TABLE IF NOT EXISTS `project_comment` (
  `id_pj_comment` int(11) NOT NULL,
  `pj_com_comment` text CHARACTER SET utf8,
  `pj_com_date` datetime DEFAULT NULL,
  `created` datetime DEFAULT NULL,
  `updated` datetime DEFAULT NULL,
  `id_user_created` int(11) DEFAULT NULL,
  `id_user_updated` int(11) DEFAULT NULL,
  `id_Project` int(11) DEFAULT NULL,
  `id_user` int(11) DEFAULT NULL
) ENGINE=InnoDB AUTO_INCREMENT=21 DEFAULT CHARSET=latin1;

-- --------------------------------------------------------

--
-- Table structure for table `project_status`
--

DROP TABLE IF EXISTS `project_status`;
CREATE TABLE IF NOT EXISTS `project_status` (
  `id_pj_Status` int(11) NOT NULL,
  `pj_stat_desc` varchar(255) DEFAULT NULL,
  `created` datetime DEFAULT NULL,
  `updated` datetime DEFAULT NULL,
  `id_user_created` int(11) DEFAULT NULL,
  `id_user_updated` int(11) DEFAULT NULL
) ENGINE=InnoDB AUTO_INCREMENT=5 DEFAULT CHARSET=latin1;

--
-- Dumping data for table `project_status`
--

INSERT INTO `project_status` (`id_pj_Status`, `pj_stat_desc`, `created`, `updated`, `id_user_created`, `id_user_updated`) VALUES
(1, 'On Design', '2016-08-01 15:19:18', '2016-10-05 15:07:23', 1, 1),
(2, 'Cancel', '2016-08-01 18:56:13', '2016-08-01 18:56:13', 1, 1),
(3, 'On Production', '2016-08-01 18:56:23', '2016-10-05 15:07:37', 1, 1),
(4, 'Stand by', '2016-10-05 15:09:46', '2016-10-05 15:09:46', 1, 1);

-- --------------------------------------------------------

--
-- Table structure for table `shipment`
--

DROP TABLE IF EXISTS `shipment`;
CREATE TABLE IF NOT EXISTS `shipment` (
  `id_shipment` int(11) NOT NULL,
  `sh_incoterm` varchar(255) COLLATE utf8_unicode_ci DEFAULT NULL,
  `sh_send` varchar(255) COLLATE utf8_unicode_ci DEFAULT NULL,
  `sh_send_id` double DEFAULT NULL,
  `sh_desti` varchar(255) COLLATE utf8_unicode_ci DEFAULT NULL,
  `sh_desti_id` double DEFAULT NULL,
  `sh_open_date` datetime DEFAULT NULL,
  `sh_estim_del_date` datetime DEFAULT NULL,
  `sh_delivery_date` datetime DEFAULT NULL,
  `sh_estim_arr_date` datetime DEFAULT NULL,
  `sh_arrival_date` datetime DEFAULT NULL,
  `sh_frg_cost` double DEFAULT NULL,
  `sh_taxes` double DEFAULT NULL,
  `sh_imp_duty` double DEFAULT NULL,
  `id_agent` int(11) DEFAULT NULL,
  `id_Zone` int(11) DEFAULT NULL,
  `id_Customer` int(11) DEFAULT NULL,
  `id_forwarder` int(11) DEFAULT NULL,
  `id_shipment_type` int(11) DEFAULT NULL,
  `id_user_created` int(11) DEFAULT NULL,
  `id_freight` int(11) DEFAULT NULL,
  `id_incoterm` int(11) DEFAULT NULL
) ENGINE=InnoDB DEFAULT CHARSET=utf8 COLLATE=utf8_unicode_ci;

-- --------------------------------------------------------

--
-- Table structure for table `shipment_details`
--

DROP TABLE IF EXISTS `shipment_details`;
CREATE TABLE IF NOT EXISTS `shipment_details` (
  `id_shipment_det` int(11) NOT NULL,
  `shd_qtty_fty` double DEFAULT NULL,
  `shd_qtty_zone` double DEFAULT NULL,
  `shd_qtty_ag` double DEFAULT NULL,
  `shd_qtty_rcv_zone` double DEFAULT NULL,
  `shd_qtty_rcv_ag` double DEFAULT NULL,
  `shd_qtty_rcv_cs` double DEFAULT NULL,
  `shd_qtty_rcv_pt` double DEFAULT NULL,
  `id_shipment` int(11) DEFAULT NULL,
  `id_order_det` int(11) DEFAULT NULL,
  `id_box` int(11) DEFAULT NULL
) ENGINE=InnoDB DEFAULT CHARSET=utf8 COLLATE=utf8_unicode_ci;

-- --------------------------------------------------------

--
-- Table structure for table `shipment_type`
--

DROP TABLE IF EXISTS `shipment_type`;
CREATE TABLE IF NOT EXISTS `shipment_type` (
  `id_shipment_type` int(11) NOT NULL,
  `st_code` varchar(255) DEFAULT NULL,
  `st_description` longtext CHARACTER SET utf8 COLLATE utf8_unicode_ci,
  `created` datetime DEFAULT NULL,
  `updated` datetime DEFAULT NULL,
  `id_user_created` int(11) DEFAULT NULL,
  `id_user_updated` int(11) DEFAULT NULL
) ENGINE=InnoDB DEFAULT CHARSET=latin1;

-- --------------------------------------------------------

--
-- Table structure for table `sizes`
--

DROP TABLE IF EXISTS `sizes`;
CREATE TABLE IF NOT EXISTS `sizes` (
  `id_size` int(11) NOT NULL,
  `sz_description` longtext CHARACTER SET utf8 COLLATE utf8_unicode_ci,
  `sz_qtty` double DEFAULT NULL,
  `created` datetime DEFAULT NULL,
  `updated` datetime DEFAULT NULL,
  `id_user_created` int(11) DEFAULT NULL,
  `id_user_updated` int(11) DEFAULT NULL
) ENGINE=InnoDB AUTO_INCREMENT=5 DEFAULT CHARSET=latin1;

--
-- Dumping data for table `sizes`
--

INSERT INTO `sizes` (`id_size`, `sz_description`, `sz_qtty`, `created`, `updated`, `id_user_created`, `id_user_updated`) VALUES
(1, '6XS to 6XL', 15, '2016-08-17 16:56:16', '2016-08-17 16:56:16', 1, 1),
(2, 'Unica', 1, '2016-09-13 09:15:00', '2016-09-13 09:15:00', 1, 1),
(4, 'BIB', 5, '2016-10-09 09:02:40', '2016-10-09 09:02:40', 1, 1);

-- --------------------------------------------------------

--
-- Table structure for table `sizes_details`
--

DROP TABLE IF EXISTS `sizes_details`;
CREATE TABLE IF NOT EXISTS `sizes_details` (
  `id_size_det` int(11) NOT NULL,
  `id_size` int(11) DEFAULT NULL,
  `szd_position` varchar(255) DEFAULT NULL,
  `szd_size` varchar(255) DEFAULT NULL
) ENGINE=InnoDB AUTO_INCREMENT=118 DEFAULT CHARSET=latin1;

--
-- Dumping data for table `sizes_details`
--

INSERT INTO `sizes_details` (`id_size_det`, `id_size`, `szd_position`, `szd_size`) VALUES
(87, 1, '1', '6XS'),
(88, 1, '2', '5XS'),
(89, 1, '3', '4XS'),
(90, 1, '4', '3XS'),
(91, 1, '5', 'XXS'),
(92, 1, '6', 'XS'),
(93, 1, '7', 'S'),
(94, 1, '8', 'M'),
(95, 1, '9', 'L'),
(96, 1, '10', 'XL'),
(97, 1, '11', 'XXL'),
(98, 1, '12', '3XL'),
(99, 1, '13', '4XL'),
(102, 4, '1', 'XS'),
(103, 4, '2', 'S'),
(104, 4, '3', 'M'),
(105, 4, '4', 'L'),
(114, 1, '14', '5XL'),
(115, 1, '15', '6XL'),
(116, 4, '5', 'XL'),
(117, 2, '1', 'UN');

-- --------------------------------------------------------

--
-- Table structure for table `type_of_box`
--

DROP TABLE IF EXISTS `type_of_box`;
CREATE TABLE IF NOT EXISTS `type_of_box` (
  `id_type_box` int(11) NOT NULL,
  `tb_description` longtext COLLATE utf8_unicode_ci,
  `tb_depth` double DEFAULT NULL,
  `tb_length` double DEFAULT NULL,
  `tb_width` double DEFAULT NULL,
  `created` datetime DEFAULT NULL,
  `updated` datetime DEFAULT NULL,
  `id_user_created` int(11) DEFAULT NULL,
  `id_user_updated` int(11) DEFAULT NULL
) ENGINE=InnoDB DEFAULT CHARSET=utf8 COLLATE=utf8_unicode_ci;

-- --------------------------------------------------------

--
-- Table structure for table `type_of_customers`
--

DROP TABLE IF EXISTS `type_of_customers`;
CREATE TABLE IF NOT EXISTS `type_of_customers` (
  `id_type_Customer` int(11) NOT NULL,
  `tc_code` varchar(255) DEFAULT NULL,
  `tc_description` longtext CHARACTER SET utf8 COLLATE utf8_unicode_ci,
  `created` datetime DEFAULT NULL,
  `updated` datetime DEFAULT NULL,
  `id_user_created` int(11) DEFAULT NULL,
  `id_user_updated` int(11) DEFAULT NULL
) ENGINE=InnoDB AUTO_INCREMENT=6 DEFAULT CHARSET=latin1;

--
-- Dumping data for table `type_of_customers`
--

INSERT INTO `type_of_customers` (`id_type_Customer`, `tc_code`, `tc_description`, `created`, `updated`, `id_user_created`, `id_user_updated`) VALUES
(1, 'COM', 'Company', '2016-08-01 13:51:55', '2016-08-01 18:15:56', 1, 2),
(2, 'SCH', 'School', '2016-09-19 11:42:49', '2016-09-19 11:42:49', 1, 1),
(3, 'SC', 'Sport Club', '2016-09-19 11:43:13', '2016-09-19 11:43:13', 1, 1),
(4, 'ER', 'Event/Race', '2016-09-19 11:43:55', '2016-09-19 11:43:55', 1, 1),
(5, 'A', 'Available', '2016-11-14 15:06:41', '2016-11-14 15:06:41', 25, 25);

-- --------------------------------------------------------

--
-- Table structure for table `type_of_products`
--

DROP TABLE IF EXISTS `type_of_products`;
CREATE TABLE IF NOT EXISTS `type_of_products` (
  `id_type_products` int(11) NOT NULL,
  `tp_code` varchar(255) DEFAULT NULL,
  `tp_description` longtext CHARACTER SET utf8 COLLATE utf8_unicode_ci,
  `created` datetime DEFAULT NULL,
  `updated` datetime DEFAULT NULL,
  `id_user_created` int(11) DEFAULT NULL,
  `id_user_updated` int(11) DEFAULT NULL,
  `id_Factory` int(11) DEFAULT NULL,
  `id_group_products` int(11) DEFAULT NULL
) ENGINE=InnoDB AUTO_INCREMENT=56 DEFAULT CHARSET=latin1;

--
-- Dumping data for table `type_of_products`
--

INSERT INTO `type_of_products` (`id_type_products`, `tp_code`, `tp_description`, `created`, `updated`, `id_user_created`, `id_user_updated`, `id_Factory`, `id_group_products`) VALUES
(2, 'TBS', NULL, '2016-08-01 17:13:57', '2016-09-29 10:11:05', 1, 25, 1, 3),
(8, 'TBL', NULL, '2016-08-02 11:12:23', '2016-10-04 16:39:12', 1, 1, 1, 3),
(9, 'TPS', '', '2016-08-02 11:12:52', '2016-09-29 10:07:27', 1, 25, 1, 5),
(14, 'TBXS', NULL, '2016-08-02 11:17:20', '2016-09-29 10:15:13', 1, 25, 1, 3),
(15, 'TBXL', NULL, '2016-08-02 11:17:34', '2016-09-29 10:14:13', 1, 25, 1, 3),
(40, 'PSM', NULL, '2016-09-21 04:50:45', '2016-10-06 15:23:34', 27, 25, 1, 9),
(41, 'TSS', NULL, '2016-09-23 13:04:52', '2016-09-23 13:04:52', 24, 24, 2, 39),
(45, 'ACC', NULL, '2016-09-29 10:03:04', '2016-10-04 16:38:59', 25, 1, 1, 43),
(48, 'TPL', NULL, '2016-10-06 15:06:48', '2016-10-06 15:06:48', 25, 25, 1, 5),
(49, 'TRS', NULL, '2016-10-06 15:09:52', '2016-10-06 15:09:52', 25, 25, 1, 49),
(50, 'CBS', NULL, '2016-10-06 15:12:36', '2016-10-06 15:12:36', 25, 25, 1, 52),
(51, 'CBB', NULL, '2016-10-06 15:19:41', '2016-10-06 15:19:41', 25, 25, 1, 52),
(52, 'CTS', NULL, '2016-10-06 15:20:35', '2016-10-06 15:20:35', 25, 25, 1, 55),
(53, 'PSB', NULL, '2016-10-06 15:22:37', '2016-10-06 15:22:37', 25, 25, 1, 9),
(54, 'PSP', NULL, '2016-10-06 15:24:31', '2016-10-06 15:24:31', 25, 25, 1, 9),
(55, 'ZS1', NULL, '2016-10-12 14:40:39', '2016-10-12 14:40:39', 25, 25, 1, 66);

-- --------------------------------------------------------

--
-- Table structure for table `type_product_language`
--

DROP TABLE IF EXISTS `type_product_language`;
CREATE TABLE IF NOT EXISTS `type_product_language` (
  `id_type_language` int(11) NOT NULL,
  `description` longtext CHARACTER SET utf8 COLLATE utf8_unicode_ci,
  `created` datetime DEFAULT NULL,
  `updated` datetime DEFAULT NULL,
  `id_user_created` int(11) DEFAULT NULL,
  `id_user_updated` int(11) DEFAULT NULL,
  `id_type` int(11) DEFAULT NULL,
  `id_language` int(11) DEFAULT NULL
) ENGINE=InnoDB AUTO_INCREMENT=441 DEFAULT CHARSET=latin1;

--
-- Dumping data for table `type_product_language`
--

INSERT INTO `type_product_language` (`id_type_language`, `description`, `created`, `updated`, `id_user_created`, `id_user_updated`, `id_type`, `id_language`) VALUES
(9, 'T-Shirt Basic Short Sleeves', '2016-08-01 17:13:57', '2016-09-29 10:11:05', 1, 25, 2, 1),
(10, 'Camiseta Bàsica Màniga Curta', '2016-08-01 17:13:57', '2016-09-29 10:11:05', 1, 25, 2, 2),
(11, 'Camiseta Básica Manga Corta', '2016-08-01 17:13:57', '2016-09-29 10:11:05', 1, 25, 2, 4),
(12, 'T-Shirt Basic Short Sleeves', '2016-08-01 17:13:57', '2016-09-29 10:11:05', 1, 25, 2, 8),
(13, 'T-Shirt Basic Short Sleeves', '2016-08-01 17:13:57', '2016-09-29 10:11:05', 1, 25, 2, 12),
(14, 'T-Shirt Basic Short Sleeves', '2016-08-01 17:13:57', '2016-09-29 10:11:05', 1, 25, 2, 15),
(15, 'T-Shirt Basic Short Sleeves', '2016-08-01 17:13:57', '2016-09-29 10:11:05', 1, 25, 2, 17),
(16, 'T-Shirt Basic Short Sleeves', '2016-08-01 17:13:57', '2016-09-29 10:11:05', 1, 25, 2, 19),
(57, 'T-Shirt Basic Long Sleeves', '2016-08-02 11:12:23', '2016-10-04 16:39:12', 1, 1, 8, 1),
(58, 'Camiseta Bàsica Màniga Llarga', '2016-08-02 11:12:23', '2016-10-04 16:39:12', 1, 1, 8, 2),
(59, 'Camiseta Básica Manga Larga', '2016-08-02 11:12:23', '2016-10-04 16:39:12', 1, 1, 8, 4),
(60, 'T-Shirt Basic Long Sleeves', '2016-08-02 11:12:23', '2016-10-04 16:39:12', 1, 1, 8, 8),
(61, 'T-Shirt Basic Long Sleeves', '2016-08-02 11:12:23', '2016-10-04 16:39:12', 1, 1, 8, 12),
(62, 'T-Shirt Basic Long Sleeves', '2016-08-02 11:12:23', '2016-10-04 16:39:12', 1, 1, 8, 15),
(63, 'T-Shirt Basic Long Sleeves', '2016-08-02 11:12:23', '2016-10-04 16:39:12', 1, 1, 8, 17),
(64, 'T-Shirt Basic Long Sleeves', '2016-08-02 11:12:23', '2016-10-04 16:39:12', 1, 1, 8, 19),
(65, 'Polo Short Sleeve', '2016-08-02 11:12:52', '2016-09-29 10:07:27', 1, 25, 9, 1),
(66, 'Polo Màniga Curta', '2016-08-02 11:12:52', '2016-09-29 10:07:27', 1, 25, 9, 2),
(67, 'Polo Manga Corta', '2016-08-02 11:12:52', '2016-09-29 10:07:27', 1, 25, 9, 4),
(68, 'Polo Short Sleeve', '2016-08-02 11:12:52', '2016-09-29 10:07:27', 1, 25, 9, 8),
(69, 'Polo Short Sleeve', '2016-08-02 11:12:52', '2016-09-29 10:07:27', 1, 25, 9, 12),
(70, 'Polo Short Sleeve', '2016-08-02 11:12:52', '2016-09-29 10:07:27', 1, 25, 9, 15),
(71, 'Polo Short Sleeve', '2016-08-02 11:12:52', '2016-09-29 10:07:27', 1, 25, 9, 17),
(72, 'Polo Short Sleeve', '2016-08-02 11:12:52', '2016-09-29 10:07:27', 1, 25, 9, 19),
(105, 'T-Shirt Basic Spandex Short Sleeves', '2016-08-02 11:17:20', '2016-09-29 10:15:13', 1, 25, 14, 1),
(106, 'Camiseta Bàsica Spandex Màn. Curta', '2016-08-02 11:17:20', '2016-09-29 10:15:13', 1, 25, 14, 2),
(107, 'Camiseta Básica Spandex Man. Corta', '2016-08-02 11:17:20', '2016-09-29 10:15:13', 1, 25, 14, 4),
(108, 'T-Shirt Basic Spandex Short Sleeves', '2016-08-02 11:17:20', '2016-09-29 10:15:13', 1, 25, 14, 8),
(109, 'T-Shirt Basic Spandex Short Sleeves', '2016-08-02 11:17:20', '2016-09-29 10:15:13', 1, 25, 14, 12),
(110, 'T-Shirt Basic Spandex Short Sleeves', '2016-08-02 11:17:20', '2016-09-29 10:15:13', 1, 25, 14, 15),
(111, 'T-Shirt Basic Spandex Short Sleeves', '2016-08-02 11:17:20', '2016-09-29 10:15:13', 1, 25, 14, 17),
(112, 'T-Shirt Basic Spandex Short Sleeves', '2016-08-02 11:17:20', '2016-09-29 10:15:13', 1, 25, 14, 19),
(113, 'T-Shirt Basic Spandex Long Sleeves', '2016-08-02 11:17:34', '2016-09-29 10:14:13', 1, 25, 15, 1),
(114, 'Camiseta Bàsica Spandex Màn. Llarga', '2016-08-02 11:17:34', '2016-09-29 10:14:13', 1, 25, 15, 2),
(115, 'Camiseta Básica Spandex Man. Larga', '2016-08-02 11:17:34', '2016-09-29 10:14:13', 1, 25, 15, 4),
(116, 'T-Shirt Basic Spandex Long Sleeves', '2016-08-02 11:17:34', '2016-09-29 10:14:13', 1, 25, 15, 8),
(117, 'T-Shirt Basic Spandex Long Sleeves', '2016-08-02 11:17:34', '2016-09-29 10:14:13', 1, 25, 15, 12),
(118, 'T-Shirt Basic Spandex Long Sleeves', '2016-08-02 11:17:34', '2016-09-29 10:14:13', 1, 25, 15, 15),
(119, 'T-Shirt Basic Spandex Long Sleeves', '2016-08-02 11:17:34', '2016-09-29 10:14:13', 1, 25, 15, 17),
(120, 'T-Shirt Basic Spandex Long Sleeves', '2016-08-02 11:17:34', '2016-09-29 10:14:13', 1, 25, 15, 19),
(313, 'Short Pant Basic Match', '2016-09-21 04:50:45', '2016-10-06 15:23:34', 27, 25, 40, 1),
(314, 'Pantaló Curt Joc Bàsic', '2016-09-21 04:50:45', '2016-10-06 15:23:34', 27, 25, 40, 2),
(315, 'Pantalón Corto Juego Básico', '2016-09-21 04:50:45', '2016-10-06 15:23:34', 27, 25, 40, 4),
(316, 'Short Pant Basic Match', '2016-09-21 04:50:45', '2016-10-06 15:23:34', 27, 25, 40, 8),
(317, 'Short Pant Basic Match', '2016-09-21 04:50:45', '2016-10-06 15:23:34', 27, 25, 40, 12),
(318, 'Short Pant Basic Match', '2016-09-21 04:50:45', '2016-10-06 15:23:34', 27, 25, 40, 15),
(319, 'Short Pant Basic Match', '2016-09-21 04:50:45', '2016-10-06 15:23:34', 27, 25, 40, 17),
(320, 'Short Pant Basic Match', '2016-09-21 04:50:45', '2016-10-06 15:23:34', 27, 25, 40, 19),
(321, 'T-Shirt', '2016-09-23 13:04:52', '2016-09-23 13:04:52', 24, 24, 41, 1),
(322, '', '2016-09-23 13:04:52', '2016-09-23 13:04:52', 24, 24, 41, 2),
(323, '', '2016-09-23 13:04:52', '2016-09-23 13:04:52', 24, 24, 41, 4),
(324, 'áo sơ mi', '2016-09-23 13:04:52', '2016-09-23 13:04:52', 24, 24, 41, 8),
(325, '', '2016-09-23 13:04:52', '2016-09-23 13:04:52', 24, 24, 41, 12),
(326, '', '2016-09-23 13:04:52', '2016-09-23 13:04:52', 24, 24, 41, 15),
(327, '', '2016-09-23 13:04:52', '2016-09-23 13:04:52', 24, 24, 41, 17),
(328, '', '2016-09-23 13:04:52', '2016-09-23 13:04:52', 24, 24, 41, 19),
(353, 'Calf Compressors', '2016-09-29 10:03:04', '2016-10-04 16:38:59', 25, 1, 45, 1),
(354, 'Compressors de Pantorrilla', '2016-09-29 10:03:04', '2016-10-04 16:38:59', 25, 1, 45, 2),
(355, 'Compresores de Pantorrilla', '2016-09-29 10:03:04', '2016-10-04 16:38:59', 25, 1, 45, 4),
(356, 'Calf Compressors', '2016-09-29 10:03:04', '2016-10-04 16:38:59', 25, 1, 45, 8),
(357, 'Calf Compressors', '2016-09-29 10:03:04', '2016-10-04 16:38:59', 25, 1, 45, 12),
(358, 'Calf Compressors', '2016-09-29 10:03:04', '2016-10-04 16:38:59', 25, 1, 45, 15),
(359, 'Calf Compressors', '2016-09-29 10:03:04', '2016-10-04 16:38:59', 25, 1, 45, 17),
(360, 'Calf Compressors', '2016-09-29 10:03:04', '2016-10-04 16:38:59', 25, 1, 45, 19),
(377, 'Polo Long Sleeve', '2016-10-06 15:06:48', '2016-10-06 15:06:48', 25, 25, 48, 1),
(378, 'Polo Màniga Llarga', '2016-10-06 15:06:48', '2016-10-06 15:06:48', 25, 25, 48, 2),
(379, 'Polo Manga Larga', '2016-10-06 15:06:48', '2016-10-06 15:06:48', 25, 25, 48, 4),
(380, 'Polo Long Sleeve', '2016-10-06 15:06:48', '2016-10-06 15:06:48', 25, 25, 48, 8),
(381, 'Polo Long Sleeve', '2016-10-06 15:06:48', '2016-10-06 15:06:48', 25, 25, 48, 12),
(382, 'Polo Long Sleeve', '2016-10-06 15:06:48', '2016-10-06 15:06:48', 25, 25, 48, 15),
(383, 'Polo Long Sleeve', '2016-10-06 15:06:48', '2016-10-06 15:06:48', 25, 25, 48, 17),
(384, 'Polo Long Sleeve', '2016-10-06 15:06:48', '2016-10-06 15:06:48', 25, 25, 48, 19),
(385, 'T-Shirt Pro Short Sleeve', '2016-10-06 15:09:52', '2016-10-06 15:09:52', 25, 25, 49, 1),
(386, 'Camiseta Pro Màniga Curta', '2016-10-06 15:09:52', '2016-10-06 15:09:52', 25, 25, 49, 2),
(387, 'Camiseta Pro Manga Corta', '2016-10-06 15:09:52', '2016-10-06 15:09:52', 25, 25, 49, 4),
(388, 'T-Shirt Pro Short Sleeve', '2016-10-06 15:09:52', '2016-10-06 15:09:52', 25, 25, 49, 8),
(389, 'T-Shirt Pro Short Sleeve', '2016-10-06 15:09:52', '2016-10-06 15:09:52', 25, 25, 49, 12),
(390, 'T-Shirt Pro Short Sleeve', '2016-10-06 15:09:52', '2016-10-06 15:09:52', 25, 25, 49, 15),
(391, 'T-Shirt Pro Short Sleeve', '2016-10-06 15:09:52', '2016-10-06 15:09:52', 25, 25, 49, 17),
(392, 'T-Shirt Pro Short Sleeve', '2016-10-06 15:09:52', '2016-10-06 15:09:52', 25, 25, 49, 19),
(393, 'Singlet Basic Small', '2016-10-06 15:12:36', '2016-10-06 15:12:36', 25, 25, 50, 1),
(394, 'Samarreta Bàsica Petita', '2016-10-06 15:12:36', '2016-10-06 15:12:36', 25, 25, 50, 2),
(395, 'Camiseta sin mangas Básica Pequeña', '2016-10-06 15:12:36', '2016-10-06 15:12:36', 25, 25, 50, 4),
(396, 'Singlet Basic Small', '2016-10-06 15:12:36', '2016-10-06 15:12:36', 25, 25, 50, 8),
(397, 'Singlet Basic Small', '2016-10-06 15:12:36', '2016-10-06 15:12:36', 25, 25, 50, 12),
(398, 'Singlet Basic Small', '2016-10-06 15:12:36', '2016-10-06 15:12:36', 25, 25, 50, 15),
(399, 'Singlet Basic Small', '2016-10-06 15:12:36', '2016-10-06 15:12:36', 25, 25, 50, 17),
(400, 'Singlet Basic Small', '2016-10-06 15:12:36', '2016-10-06 15:12:36', 25, 25, 50, 19),
(401, 'Singlet Basic Big', '2016-10-06 15:19:41', '2016-10-06 15:19:41', 25, 25, 51, 1),
(402, 'Camiseta Tirants Bàsica Gran', '2016-10-06 15:19:41', '2016-10-06 15:19:41', 25, 25, 51, 2),
(403, 'Camiseta Tirantes Básica Grande', '2016-10-06 15:19:41', '2016-10-06 15:19:41', 25, 25, 51, 4),
(404, 'Singlet Basic Big', '2016-10-06 15:19:41', '2016-10-06 15:19:41', 25, 25, 51, 8),
(405, 'Singlet Basic Big', '2016-10-06 15:19:41', '2016-10-06 15:19:41', 25, 25, 51, 12),
(406, 'Singlet Basic Big', '2016-10-06 15:19:41', '2016-10-06 15:19:41', 25, 25, 51, 15),
(407, 'Singlet Basic Big', '2016-10-06 15:19:41', '2016-10-06 15:19:41', 25, 25, 51, 17),
(408, 'Singlet Basic Big', '2016-10-06 15:19:41', '2016-10-06 15:19:41', 25, 25, 51, 19),
(409, 'Tank Top Short', '2016-10-06 15:20:35', '2016-10-06 15:20:35', 25, 25, 52, 1),
(410, 'Top Curt', '2016-10-06 15:20:35', '2016-10-06 15:20:35', 25, 25, 52, 2),
(411, 'Top Corto', '2016-10-06 15:20:35', '2016-10-06 15:20:35', 25, 25, 52, 4),
(412, 'Tank Top Short', '2016-10-06 15:20:35', '2016-10-06 15:20:35', 25, 25, 52, 8),
(413, 'Tank Top Short', '2016-10-06 15:20:35', '2016-10-06 15:20:35', 25, 25, 52, 12),
(414, 'Tank Top Short', '2016-10-06 15:20:35', '2016-10-06 15:20:35', 25, 25, 52, 15),
(415, 'Tank Top Short', '2016-10-06 15:20:35', '2016-10-06 15:20:35', 25, 25, 52, 17),
(416, 'Tank Top Short', '2016-10-06 15:20:35', '2016-10-06 15:20:35', 25, 25, 52, 19),
(417, 'Short Pant Basic Big', '2016-10-06 15:22:37', '2016-10-06 15:22:37', 25, 25, 53, 1),
(418, 'Pantaló Curt Bàsic Gran', '2016-10-06 15:22:37', '2016-10-06 15:22:37', 25, 25, 53, 2),
(419, 'Pantalón Corto Básico Grande', '2016-10-06 15:22:37', '2016-10-06 15:22:37', 25, 25, 53, 4),
(420, 'Short Pant Basic Big', '2016-10-06 15:22:37', '2016-10-06 15:22:37', 25, 25, 53, 8),
(421, 'Short Pant Basic Big', '2016-10-06 15:22:37', '2016-10-06 15:22:37', 25, 25, 53, 12),
(422, 'Short Pant Basic Big', '2016-10-06 15:22:37', '2016-10-06 15:22:37', 25, 25, 53, 15),
(423, 'Short Pant Basic Big', '2016-10-06 15:22:37', '2016-10-06 15:22:37', 25, 25, 53, 17),
(424, 'Short Pant Basic Big', '2016-10-06 15:22:37', '2016-10-06 15:22:37', 25, 25, 53, 19),
(425, 'Short Pant Pockets', '2016-10-06 15:24:31', '2016-10-06 15:24:31', 25, 25, 54, 1),
(426, 'Pantaló Curt Butxaques', '2016-10-06 15:24:31', '2016-10-06 15:24:31', 25, 25, 54, 2),
(427, 'Pantalon Corto Bolsillos', '2016-10-06 15:24:31', '2016-10-06 15:24:31', 25, 25, 54, 4),
(428, 'Short Pant Pockets', '2016-10-06 15:24:31', '2016-10-06 15:24:31', 25, 25, 54, 8),
(429, 'Short Pant Pockets', '2016-10-06 15:24:31', '2016-10-06 15:24:31', 25, 25, 54, 12),
(430, 'Short Pant Pockets', '2016-10-06 15:24:31', '2016-10-06 15:24:31', 25, 25, 54, 15),
(431, 'Short Pant Pockets', '2016-10-06 15:24:31', '2016-10-06 15:24:31', 25, 25, 54, 17),
(432, 'Short Pant Pockets', '2016-10-06 15:24:31', '2016-10-06 15:24:31', 25, 25, 54, 19),
(433, 'Screen Print Small', '2016-10-12 14:40:39', '2016-10-12 14:40:39', 25, 25, 55, 1),
(434, 'Impresió Serigrafia Petita', '2016-10-12 14:40:39', '2016-10-12 14:40:39', 25, 25, 55, 2),
(435, 'Impresión Serigrafía Pequeña', '2016-10-12 14:40:39', '2016-10-12 14:40:39', 25, 25, 55, 4),
(436, 'Screen Print Small', '2016-10-12 14:40:39', '2016-10-12 14:40:39', 25, 25, 55, 8),
(437, 'Screen Print Small', '2016-10-12 14:40:39', '2016-10-12 14:40:39', 25, 25, 55, 12),
(438, 'Screen Print Small', '2016-10-12 14:40:39', '2016-10-12 14:40:39', 25, 25, 55, 15),
(439, 'Screen Print Small', '2016-10-12 14:40:39', '2016-10-12 14:40:39', 25, 25, 55, 17),
(440, 'Screen Print Small', '2016-10-12 14:40:39', '2016-10-12 14:40:39', 25, 25, 55, 19);

-- --------------------------------------------------------

--
-- Table structure for table `Units`
--

DROP TABLE IF EXISTS `Units`;
CREATE TABLE IF NOT EXISTS `Units` (
  `Id_unit` int(11) NOT NULL,
  `unit_Code` varchar(255) DEFAULT NULL,
  `id_Factory` int(11) DEFAULT NULL
) ENGINE=InnoDB DEFAULT CHARSET=latin1;

-- --------------------------------------------------------

--
-- Table structure for table `user`
--

DROP TABLE IF EXISTS `user`;
CREATE TABLE IF NOT EXISTS `user` (
  `id_user` int(11) NOT NULL,
  `user_name` varchar(255) DEFAULT NULL,
  `user_position` longtext,
  `user_password` longtext,
  `is_root` bit(1) DEFAULT NULL,
  `id_Factory` int(11) DEFAULT NULL,
  `id_language` int(11) DEFAULT NULL,
  `id_Zone` int(11) DEFAULT NULL,
  `id_Agent` int(11) DEFAULT NULL,
  `id_Customer` int(11) DEFAULT NULL,
  `id_contact` int(11) DEFAULT NULL,
  `id_access_level` int(11) DEFAULT NULL
) ENGINE=InnoDB AUTO_INCREMENT=44 DEFAULT CHARSET=latin1;

--
-- Dumping data for table `user`
--

INSERT INTO `user` (`id_user`, `user_name`, `user_position`, `user_password`, `is_root`, `id_Factory`, `id_language`, `id_Zone`, `id_Agent`, `id_Customer`, `id_contact`, `id_access_level`) VALUES
(1, 'factory1', NULL, 'admin123', b'0', 1, 1, NULL, NULL, NULL, NULL, NULL),
(2, 'zone1', '', 'admin123', b'0', NULL, NULL, NULL, NULL, NULL, NULL, NULL),
(23, 'superadmin', 'super admin', 'admin123', b'1', NULL, NULL, NULL, NULL, NULL, NULL, NULL),
(24, 'factory2', 'factory admin', 'admin123', b'0', 2, 1, NULL, NULL, NULL, 66, 1),
(25, 'xevi', 'Factory administrator', '123', b'0', 1, 1, NULL, NULL, NULL, 71, 1),
(26, 'xevi VN', 'Admin VN', '123', b'0', 1, 1, 6, NULL, NULL, 72, 5),
(27, 'xevi SP', 'Admin SP', '123', b'0', 1, 2, 5, NULL, NULL, 73, 5),
(28, 'cristina', 'Customer care', '123', b'0', NULL, NULL, NULL, NULL, NULL, NULL, NULL),
(35, 'Xevi TVV', 'Admin', '123', b'0', 1, 1, 6, 24, NULL, 97, 7),
(36, 'guim', '', '123', b'0', 1, 1, 6, 14, NULL, 98, 7),
(37, 'alex', '', '123', b'0', NULL, NULL, NULL, NULL, NULL, NULL, NULL),
(38, 'gemma', '', '123', b'0', 1, 2, 5, NULL, NULL, 107, 5);

-- --------------------------------------------------------

--
-- Table structure for table `usersetting`
--

DROP TABLE IF EXISTS `usersetting`;
CREATE TABLE IF NOT EXISTS `usersetting` (
  `id_USetting` int(11) NOT NULL,
  `created` datetime DEFAULT NULL,
  `updated` datetime DEFAULT NULL,
  `id_user_created` int(11) DEFAULT NULL,
  `id_user_updated` int(11) DEFAULT NULL,
  `id_user_setting` int(11) DEFAULT NULL,
  `id_language` int(11) DEFAULT NULL
) ENGINE=InnoDB DEFAULT CHARSET=latin1;

-- --------------------------------------------------------

--
-- Table structure for table `zone`
--

DROP TABLE IF EXISTS `zone`;
CREATE TABLE IF NOT EXISTS `zone` (
  `id_Zone` int(11) NOT NULL,
  `z_code` varchar(255) DEFAULT NULL,
  `z_description` longtext CHARACTER SET utf8 COLLATE utf8_unicode_ci,
  `created` datetime DEFAULT NULL,
  `updated` datetime DEFAULT NULL,
  `id_user_created` int(11) DEFAULT NULL,
  `id_user_updated` int(11) DEFAULT NULL,
  `id_Factory` int(11) DEFAULT NULL,
  `id_currency` int(11) DEFAULT NULL,
  `id_language` int(11) DEFAULT NULL,
  `id_contact` int(11) DEFAULT NULL
) ENGINE=InnoDB AUTO_INCREMENT=8 DEFAULT CHARSET=latin1;

--
-- Dumping data for table `zone`
--

INSERT INTO `zone` (`id_Zone`, `z_code`, `z_description`, `created`, `updated`, `id_user_created`, `id_user_updated`, `id_Factory`, `id_currency`, `id_language`, `id_contact`) VALUES
(5, 'BC', 'Spain', '2016-09-19 11:24:49', '2016-11-11 13:41:10', 1, 25, 1, 18, 2, 68),
(6, 'VN', 'Vietnam', '2016-09-19 11:27:44', '2016-10-06 10:25:59', 1, 25, 1, 3, 1, 69),
(7, 'NON', 'Non zone', '2016-11-14 13:24:32', '2016-11-14 13:24:32', 25, 25, 1, 3, 1, 129);

-- --------------------------------------------------------

--
-- Table structure for table `zone_price`
--

DROP TABLE IF EXISTS `zone_price`;
CREATE TABLE IF NOT EXISTS `zone_price` (
  `id_zone_pl` int(11) NOT NULL,
  `zpl_date_i` datetime DEFAULT NULL,
  `zpl_date_f` datetime DEFAULT NULL,
  `created` datetime DEFAULT NULL,
  `updated` datetime DEFAULT NULL,
  `id_user_created` int(11) DEFAULT NULL,
  `id_user_updated` int(11) DEFAULT NULL,
  `id_Zone` int(11) DEFAULT NULL,
  `id_plf` int(11) DEFAULT NULL,
  `if_plf` int(11) DEFAULT NULL,
  `id_agent_pl` int(11) DEFAULT NULL
) ENGINE=InnoDB AUTO_INCREMENT=7 DEFAULT CHARSET=latin1;

--
-- Indexes for dumped tables
--

--
-- Indexes for table `access_level`
--
ALTER TABLE `access_level`
  ADD PRIMARY KEY (`id_access_level`),
  ADD KEY `FK8BF918E930B5C2E3` (`id_user_created`),
  ADD KEY `FK8BF918E9E56E24B6` (`id_user_updated`);

--
-- Indexes for table `access_page`
--
ALTER TABLE `access_page`
  ADD PRIMARY KEY (`id`),
  ADD UNIQUE KEY `idPage` (`idPage`);

--
-- Indexes for table `agent`
--
ALTER TABLE `agent`
  ADD PRIMARY KEY (`id_Agent`),
  ADD UNIQUE KEY `ag_code` (`ag_code`),
  ADD KEY `FK587430587962C11` (`id_plz`),
  ADD KEY `FK587430530B5C2E3` (`id_user_created`),
  ADD KEY `FK587430562BFEBFC` (`id_Zone`),
  ADD KEY `FK58743057E351E17` (`id_language`),
  ADD KEY `FK5874305E56E24B6` (`id_user_updated`),
  ADD KEY `FK58743051AD8B11C` (`id_contact`);

--
-- Indexes for table `agent_price`
--
ALTER TABLE `agent_price`
  ADD PRIMARY KEY (`id_agent_pl`),
  ADD KEY `FK76C43F8F87962C11` (`id_plz`),
  ADD KEY `FK76C43F8F30B5C2E3` (`id_user_created`),
  ADD KEY `FK76C43F8FE56E24B6` (`id_user_updated`),
  ADD KEY `FK76C43F8FF27575E6` (`id_Agent`),
  ADD KEY `FK76C43F8F848602BA` (`id_product`);

--
-- Indexes for table `box`
--
ALTER TABLE `box`
  ADD PRIMARY KEY (`id_box`),
  ADD KEY `FK17DCB885A71F2` (`id_type_box`);

--
-- Indexes for table `contact`
--
ALTER TABLE `contact`
  ADD PRIMARY KEY (`id_contact`),
  ADD KEY `FK38B7242030B5C2E3` (`id_user_created`),
  ADD KEY `FK38B72420E56E24B6` (`id_user_updated`);

--
-- Indexes for table `contract`
--
ALTER TABLE `contract`
  ADD PRIMARY KEY (`id_contract`),
  ADD KEY `FKDE351112CC25B260` (`id_Customer`),
  ADD KEY `FKDE35111262BFEBFC` (`id_Zone`),
  ADD KEY `FKDE351112F27575E6` (`id_Agent`);

--
-- Indexes for table `costing`
--
ALTER TABLE `costing`
  ADD PRIMARY KEY (`id_cost`),
  ADD UNIQUE KEY `hashid` (`hashid`),
  ADD KEY `FK38FDB8F52740CAF0` (`id_Factory`),
  ADD KEY `FK38FDB8F59737C5EC` (`id_type_products`),
  ADD KEY `FK38FDB8F530B5C2E3` (`id_user_created`),
  ADD KEY `FK38FDB8F5CC25B260` (`id_customer`),
  ADD KEY `FK38FDB8F5E56E24B6` (`id_user_updated`);

--
-- Indexes for table `costing_description`
--
ALTER TABLE `costing_description`
  ADD PRIMARY KEY (`id_cost_description`),
  ADD KEY `FK89B0D3B230B5C2E3` (`id_user_created`),
  ADD KEY `FK89B0D3B27E351E17` (`id_language`),
  ADD KEY `FK89B0D3B2E56E24B6` (`id_user_updated`),
  ADD KEY `FK89B0D3B29B7A0D66` (`id_cost`);

--
-- Indexes for table `costing_versions`
--
ALTER TABLE `costing_versions`
  ADD PRIMARY KEY (`id_cost_version`),
  ADD KEY `FKB64E3AA530B5C2E3` (`id_user_created`),
  ADD KEY `FKB64E3AA5E56E24B6` (`id_user_updated`),
  ADD KEY `FKB64E3AA59B7A0D66` (`id_cost`);

--
-- Indexes for table `costing_version_description`
--
ALTER TABLE `costing_version_description`
  ADD PRIMARY KEY (`id_cost_version_desc`),
  ADD KEY `FK213DB4CB30B5C2E3` (`id_user_created`),
  ADD KEY `FK213DB4CB64F051AF` (`id_cost_version`),
  ADD KEY `FK213DB4CB7E351E17` (`id_language`),
  ADD KEY `FK213DB4CBE56E24B6` (`id_user_updated`);

--
-- Indexes for table `currency`
--
ALTER TABLE `currency`
  ADD PRIMARY KEY (`id_currency`),
  ADD UNIQUE KEY `curr_code` (`curr_code`),
  ADD KEY `FK224BF01130B5C2E3` (`id_user_created`),
  ADD KEY `FK224BF011E56E24B6` (`id_user_updated`);

--
-- Indexes for table `currency_convert`
--
ALTER TABLE `currency_convert`
  ADD PRIMARY KEY (`id_curr_conv`),
  ADD KEY `FK6D2F138530B5C2E3` (`id_user_created`),
  ADD KEY `FK6D2F1385C87A92C6` (`id_currency`),
  ADD KEY `FK6D2F1385E56E24B6` (`id_user_updated`);

--
-- Indexes for table `customer`
--
ALTER TABLE `customer`
  ADD PRIMARY KEY (`id_Customer`),
  ADD UNIQUE KEY `cs_code` (`cs_code`),
  ADD KEY `FK24217FDE9F3A43F1` (`id_type_customer`),
  ADD KEY `FK24217FDE30B5C2E3` (`id_user_created`),
  ADD KEY `FK24217FDE62BFEBFC` (`id_Zone`),
  ADD KEY `FK24217FDE7E351E17` (`id_language`),
  ADD KEY `FK24217FDEE56E24B6` (`id_user_updated`),
  ADD KEY `FK24217FDE1AD8B11C` (`id_contact`),
  ADD KEY `FK24217FDEF27575E6` (`id_agent`);

--
-- Indexes for table `factory`
--
ALTER TABLE `factory`
  ADD PRIMARY KEY (`id_factory`),
  ADD KEY `FKBEEB310A30B5C2E3` (`id_user_created`),
  ADD KEY `FKBEEB310A7E351E17` (`id_language`),
  ADD KEY `FKBEEB310AC87A92C6` (`id_currency`),
  ADD KEY `FKBEEB310AE56E24B6` (`id_user_updated`),
  ADD KEY `FKBEEB310A1AD8B11C` (`id_contact`);

--
-- Indexes for table `forwarder`
--
ALTER TABLE `forwarder`
  ADD PRIMARY KEY (`id_forwarder`),
  ADD KEY `FK7D0A023230B5C2E3` (`id_user_created`),
  ADD KEY `FK7D0A0232E56E24B6` (`id_user_updated`),
  ADD KEY `FK7D0A02321AD8B11C` (`id_contact`);

--
-- Indexes for table `freight`
--
ALTER TABLE `freight`
  ADD PRIMARY KEY (`id_freight`),
  ADD KEY `FKDC04A34330B5C2E3` (`id_user_created`),
  ADD KEY `FKDC04A343E56E24B6` (`id_user_updated`);

--
-- Indexes for table `group_materials`
--
ALTER TABLE `group_materials`
  ADD PRIMARY KEY (`Id_group_mat`),
  ADD KEY `FK9EF45E6C2740CAF0` (`id_Factory`);

--
-- Indexes for table `group_of_products`
--
ALTER TABLE `group_of_products`
  ADD PRIMARY KEY (`id_group_products`),
  ADD KEY `FKFA0A250C2740CAF0` (`id_Factory`),
  ADD KEY `FKFA0A250C30B5C2E3` (`id_user_created`),
  ADD KEY `FKFA0A250CE56E24B6` (`id_user_updated`);

--
-- Indexes for table `group_product_language`
--
ALTER TABLE `group_product_language`
  ADD PRIMARY KEY (`id_group_language`),
  ADD KEY `FK55D26E6830B5C2E3` (`id_user_created`),
  ADD KEY `FK55D26E687E351E17` (`id_language`),
  ADD KEY `FK55D26E68E56E24B6` (`id_user_updated`),
  ADD KEY `FK55D26E68E7520B67` (`id_group`);

--
-- Indexes for table `incoterm`
--
ALTER TABLE `incoterm`
  ADD PRIMARY KEY (`id_incoterm`),
  ADD KEY `FK58B183D30B5C2E3` (`id_user_created`),
  ADD KEY `FK58B183DE56E24B6` (`id_user_updated`);

--
-- Indexes for table `languages`
--
ALTER TABLE `languages`
  ADD PRIMARY KEY (`id_language`),
  ADD UNIQUE KEY `lg_code` (`lg_code`),
  ADD KEY `FK5A7FD81B30B5C2E3` (`id_user_created`),
  ADD KEY `FK5A7FD81BE56E24B6` (`id_user_updated`);

--
-- Indexes for table `materials`
--
ALTER TABLE `materials`
  ADD PRIMARY KEY (`Id_mat`),
  ADD KEY `FK2899402C2740CAF0` (`id_Factory`),
  ADD KEY `FK2899402C30B5C2E3` (`id_user_created`),
  ADD KEY `FK2899402C3F0873E8` (`id_group_mat`),
  ADD KEY `FK2899402CE56E24B6` (`id_user_updated`);

--
-- Indexes for table `orders`
--
ALTER TABLE `orders`
  ADD PRIMARY KEY (`id_order`),
  ADD KEY `FKC3DF62E5CC25B260` (`id_customer`),
  ADD KEY `FKC3DF62E5F8A192B` (`ord_plf`),
  ADD KEY `FKC3DF62E586C57AD7` (`ord_plz`),
  ADD KEY `FKC3DF62E54BA2CCE8` (`id_payment`),
  ADD KEY `FKC3DF62E5702CDCBA` (`id_order_type`),
  ADD KEY `FKC3DF62E5D92D17B0` (`id_order_condition`),
  ADD KEY `FKC3DF62E51464E4AA` (`id_order_status`);

--
-- Indexes for table `order_condition`
--
ALTER TABLE `order_condition`
  ADD PRIMARY KEY (`id_order_condition`);

--
-- Indexes for table `order_details`
--
ALTER TABLE `order_details`
  ADD PRIMARY KEY (`id_order_det`),
  ADD KEY `FK521CF251B197DA0F` (`id_order`),
  ADD KEY `FK521CF251848602BA` (`id_product`),
  ADD KEY `FK521CF251DD39650E` (`id_size_det`);

--
-- Indexes for table `order_status`
--
ALTER TABLE `order_status`
  ADD PRIMARY KEY (`id_order_status`);

--
-- Indexes for table `order_type`
--
ALTER TABLE `order_type`
  ADD PRIMARY KEY (`id_order_type`);

--
-- Indexes for table `particular`
--
ALTER TABLE `particular`
  ADD PRIMARY KEY (`id_particular`),
  ADD KEY `FK17F22D530B5C2E3` (`id_user_created`),
  ADD KEY `FK17F22D5CC25B260` (`id_customer`),
  ADD KEY `FK17F22D57E351E17` (`id_language`),
  ADD KEY `FK17F22D5E56E24B6` (`id_user_updated`),
  ADD KEY `FK17F22D51AD8B11C` (`id_contact`);

--
-- Indexes for table `patterns`
--
ALTER TABLE `patterns`
  ADD PRIMARY KEY (`id_pattern`),
  ADD UNIQUE KEY `pt_code` (`pt_code`),
  ADD KEY `FK4A4486E32740CAF0` (`id_Factory`),
  ADD KEY `FK4A4486E330B5C2E3` (`id_user_created`),
  ADD KEY `FK4A4486E3E56E24B6` (`id_user_updated`),
  ADD KEY `FK4A4486E3A7F137D4` (`id_group_products`);

--
-- Indexes for table `pattern_description`
--
ALTER TABLE `pattern_description`
  ADD PRIMARY KEY (`id_pattern_des`),
  ADD KEY `FK31A5F5CD30B5C2E3` (`id_user_created`),
  ADD KEY `FK31A5F5CD7E351E17` (`id_language`),
  ADD KEY `FK31A5F5CDE56E24B6` (`id_user_updated`),
  ADD KEY `FK31A5F5CDC487DB4F` (`id_pattern`);

--
-- Indexes for table `pattern_notes`
--
ALTER TABLE `pattern_notes`
  ADD PRIMARY KEY (`id_pattern_note`),
  ADD KEY `FK911CB15230B5C2E3` (`id_user_created`),
  ADD KEY `FK911CB152C487DB4F` (`id_pattern`);

--
-- Indexes for table `pattern_part`
--
ALTER TABLE `pattern_part`
  ADD PRIMARY KEY (`id_pattern_part`),
  ADD KEY `FKF42AEB427E351E17` (`id_language`),
  ADD KEY `FKF42AEB42C487DB4F` (`id_pattern`);

--
-- Indexes for table `pattern_variantions`
--
ALTER TABLE `pattern_variantions`
  ADD PRIMARY KEY (`id_pattern_var`),
  ADD KEY `FK39092141C487DB4F` (`id_pattern`);

--
-- Indexes for table `pattern_var_des`
--
ALTER TABLE `pattern_var_des`
  ADD PRIMARY KEY (`id_pv_des`),
  ADD KEY `FK4BE4914B7E351E17` (`id_language`),
  ADD KEY `FK4BE4914B7FA15615` (`id_pattern_var`);

--
-- Indexes for table `payment`
--
ALTER TABLE `payment`
  ADD PRIMARY KEY (`id_payment`);

--
-- Indexes for table `person`
--
ALTER TABLE `person`
  ADD PRIMARY KEY (`id_person`),
  ADD KEY `FKC4E39B5530B5C2E3` (`id_user_created`),
  ADD KEY `FKC4E39B55E56E24B6` (`id_user_updated`),
  ADD KEY `FKC4E39B551AD8B11C` (`id_contact`);

--
-- Indexes for table `prd_cust`
--
ALTER TABLE `prd_cust`
  ADD PRIMARY KEY (`Id_prd_cust`),
  ADD KEY `FKB11821D0848602BA` (`id_product`);

--
-- Indexes for table `price_list_factory`
--
ALTER TABLE `price_list_factory`
  ADD PRIMARY KEY (`id_plf`),
  ADD KEY `FK577FE19F2740CAF0` (`id_Factory`),
  ADD KEY `FK577FE19F30B5C2E3` (`id_user_created`),
  ADD KEY `FK577FE19F62BFEBFC` (`id_Zone`),
  ADD KEY `FK577FE19F7E351E17` (`id_language`),
  ADD KEY `FK577FE19FC87A92C6` (`id_currency`),
  ADD KEY `FK577FE19FE56E24B6` (`id_user_updated`);

--
-- Indexes for table `price_list_factory_detail`
--
ALTER TABLE `price_list_factory_detail`
  ADD PRIMARY KEY (`id_plf_det`),
  ADD KEY `FKCAC5F2F12740CAF0` (`id_factory`),
  ADD KEY `FKCAC5F2F130B5C2E3` (`id_user_created`),
  ADD KEY `FKCAC5F2F164F051AF` (`id_cost_version`),
  ADD KEY `FKCAC5F2F1C87A92C6` (`id_currency`),
  ADD KEY `FKCAC5F2F1E56E24B6` (`id_user_updated`),
  ADD KEY `FKCAC5F2F1105ACA65` (`id_plf`),
  ADD KEY `FKCAC5F2F19B7A0D66` (`id_cost`);

--
-- Indexes for table `price_list_zone`
--
ALTER TABLE `price_list_zone`
  ADD PRIMARY KEY (`id_plz`),
  ADD KEY `FKCEBB433730B5C2E3` (`id_user_created`),
  ADD KEY `FKCEBB43377E351E17` (`id_language`),
  ADD KEY `FKCEBB4337C87A92C6` (`id_currency`),
  ADD KEY `FKCEBB4337E56E24B6` (`id_user_updated`),
  ADD KEY `FKCEBB4337105ACA65` (`id_plf`);

--
-- Indexes for table `price_list_zone_details`
--
ALTER TABLE `price_list_zone_details`
  ADD PRIMARY KEY (`id_plz_det`),
  ADD KEY `FK90E4B53A87962C11` (`id_plz`),
  ADD KEY `FK90E4B53A56FFBC0B` (`id_plf_det`),
  ADD KEY `FK90E4B53A30B5C2E3` (`id_user_created`),
  ADD KEY `FK90E4B53AE56E24B6` (`id_user_updated`);

--
-- Indexes for table `process`
--
ALTER TABLE `process`
  ADD PRIMARY KEY (`Id_process`),
  ADD KEY `FKED8D1E6F6765E577` (`id_unit`);

--
-- Indexes for table `product`
--
ALTER TABLE `product`
  ADD PRIMARY KEY (`id_product`),
  ADD KEY `FKED8DCCEF404CD4C8` (`id_contract`),
  ADD KEY `FKED8DCCEF9737C5EC` (`id_type_products`),
  ADD KEY `FKED8DCCEF6909A537` (`id_size`),
  ADD KEY `FKED8DCCEF30B5C2E3` (`id_user_created`),
  ADD KEY `FKED8DCCEF64F051AF` (`id_cost_version`),
  ADD KEY `FKED8DCCEF7FA15615` (`id_pattern_var`),
  ADD KEY `FKED8DCCEF85F35FED` (`id_pr_status`),
  ADD KEY `FKED8DCCEF9B7A0D66` (`id_cost`),
  ADD KEY `FKED8DCCEF848AFF0E` (`id_Project`),
  ADD KEY `FKED8DCCEFC487DB4F` (`id_Pattern`),
  ADD KEY `FKED8DCCEF2740CAF0` (`id_Factory`),
  ADD KEY `FKED8DCCEFE56E24B6` (`id_user_updated`),
  ADD KEY `FKED8DCCEF1E385468` (`id_plz_det`);

--
-- Indexes for table `product_components`
--
ALTER TABLE `product_components`
  ADD PRIMARY KEY (`Id_pr_comp`),
  ADD KEY `FKED26F066848602BA` (`id_product`),
  ADD KEY `FKED26F066E1741C68` (`id_mat`);

--
-- Indexes for table `product_process`
--
ALTER TABLE `product_process`
  ADD PRIMARY KEY (`Id_pr_process`),
  ADD KEY `FK7F02331F848602BA` (`id_product`),
  ADD KEY `FK7F02331F8484A5BA` (`id_process`);

--
-- Indexes for table `product_status`
--
ALTER TABLE `product_status`
  ADD PRIMARY KEY (`id_pr_status`),
  ADD KEY `FK10B654230B5C2E3` (`id_user_created`),
  ADD KEY `FK10B6542E56E24B6` (`id_user_updated`);

--
-- Indexes for table `prod_cust`
--
ALTER TABLE `prod_cust`
  ADD PRIMARY KEY (`id_prd_cust`),
  ADD KEY `FKC0185A3B848602BA` (`id_product`),
  ADD KEY `FKC0185A3B1E385468` (`id_plz_det`);

--
-- Indexes for table `project`
--
ALTER TABLE `project`
  ADD PRIMARY KEY (`id_Project`),
  ADD UNIQUE KEY `id_display` (`id_display`),
  ADD KEY `FKED904B192740CAF0` (`id_Factory`),
  ADD KEY `FKED904B1930B5C2E3` (`id_user_created`),
  ADD KEY `FKED904B19CC25B260` (`id_customer`),
  ADD KEY `FKED904B19E56E24B6` (`id_user_updated`),
  ADD KEY `FKED904B197FAF178B` (`id_pj_Status`);

--
-- Indexes for table `project_comment`
--
ALTER TABLE `project_comment`
  ADD PRIMARY KEY (`id_pj_comment`),
  ADD KEY `FKA9F9B73930B5C2E3` (`id_user_created`),
  ADD KEY `FKA9F9B73962BB7C3A` (`id_user`),
  ADD KEY `FKA9F9B739E56E24B6` (`id_user_updated`),
  ADD KEY `FKA9F9B739848AFF0E` (`id_Project`);

--
-- Indexes for table `project_status`
--
ALTER TABLE `project_status`
  ADD PRIMARY KEY (`id_pj_Status`),
  ADD KEY `FK39D083D830B5C2E3` (`id_user_created`),
  ADD KEY `FK39D083D8E56E24B6` (`id_user_updated`);

--
-- Indexes for table `shipment`
--
ALTER TABLE `shipment`
  ADD PRIMARY KEY (`id_shipment`),
  ADD KEY `FKE139719A6173AF62` (`id_freight`),
  ADD KEY `FKE139719AF287A640` (`id_forwarder`),
  ADD KEY `FKE139719A2458E15A` (`id_shipment_type`),
  ADD KEY `FKE139719A62BFEBFC` (`id_Zone`),
  ADD KEY `FKE139719ACC25B260` (`id_Customer`),
  ADD KEY `FKE139719A30B5C2E3` (`id_user_created`),
  ADD KEY `FKE139719A8EF8E31E` (`id_incoterm`),
  ADD KEY `FKE139719AF27575E6` (`id_agent`);

--
-- Indexes for table `shipment_details`
--
ALTER TABLE `shipment_details`
  ADD PRIMARY KEY (`id_shipment_det`),
  ADD KEY `FKE7CBD09D465595D8` (`id_shipment`),
  ADD KEY `FKE7CBD09DB8DC3272` (`id_box`),
  ADD KEY `FKE7CBD09DA500E863` (`id_order_det`);

--
-- Indexes for table `shipment_type`
--
ALTER TABLE `shipment_type`
  ADD PRIMARY KEY (`id_shipment_type`),
  ADD KEY `FKDA40C6BF30B5C2E3` (`id_user_created`),
  ADD KEY `FKDA40C6BFE56E24B6` (`id_user_updated`);

--
-- Indexes for table `sizes`
--
ALTER TABLE `sizes`
  ADD PRIMARY KEY (`id_size`),
  ADD KEY `FK686209230B5C2E3` (`id_user_created`),
  ADD KEY `FK6862092E56E24B6` (`id_user_updated`);

--
-- Indexes for table `sizes_details`
--
ALTER TABLE `sizes_details`
  ADD PRIMARY KEY (`id_size_det`),
  ADD KEY `FK26D607956909A537` (`id_size`);

--
-- Indexes for table `type_of_box`
--
ALTER TABLE `type_of_box`
  ADD PRIMARY KEY (`id_type_box`),
  ADD KEY `FK2CC2B00830B5C2E3` (`id_user_created`),
  ADD KEY `FK2CC2B008E56E24B6` (`id_user_updated`);

--
-- Indexes for table `type_of_customers`
--
ALTER TABLE `type_of_customers`
  ADD PRIMARY KEY (`id_type_Customer`),
  ADD KEY `FKCA7E4CD230B5C2E3` (`id_user_created`),
  ADD KEY `FKCA7E4CD2E56E24B6` (`id_user_updated`);

--
-- Indexes for table `type_of_products`
--
ALTER TABLE `type_of_products`
  ADD PRIMARY KEY (`id_type_products`),
  ADD KEY `FK22717D472740CAF0` (`id_Factory`),
  ADD KEY `FK22717D4730B5C2E3` (`id_user_created`),
  ADD KEY `FK22717D47E56E24B6` (`id_user_updated`),
  ADD KEY `FK22717D47A7F137D4` (`id_group_products`);

--
-- Indexes for table `type_product_language`
--
ALTER TABLE `type_product_language`
  ADD PRIMARY KEY (`id_type_language`),
  ADD KEY `FKE4F0030D30B5C2E3` (`id_user_created`),
  ADD KEY `FKE4F0030D7E351E17` (`id_language`),
  ADD KEY `FKE4F0030D84F5B125` (`id_type`),
  ADD KEY `FKE4F0030DE56E24B6` (`id_user_updated`);

--
-- Indexes for table `Units`
--
ALTER TABLE `Units`
  ADD PRIMARY KEY (`Id_unit`),
  ADD KEY `FK4E1674F2740CAF0` (`id_Factory`);

--
-- Indexes for table `user`
--
ALTER TABLE `user`
  ADD PRIMARY KEY (`id_user`),
  ADD KEY `FK36EBCB2740CAF0` (`id_Factory`),
  ADD KEY `FK36EBCB62BFEBFC` (`id_Zone`),
  ADD KEY `FK36EBCBCC25B260` (`id_Customer`),
  ADD KEY `FK36EBCB7E351E17` (`id_language`),
  ADD KEY `FK36EBCB1AD8B11C` (`id_contact`),
  ADD KEY `FK36EBCBF27575E6` (`id_Agent`),
  ADD KEY `FK36EBCBB032F276` (`id_access_level`);

--
-- Indexes for table `usersetting`
--
ALTER TABLE `usersetting`
  ADD PRIMARY KEY (`id_USetting`),
  ADD KEY `FK128582530B5C2E3` (`id_user_created`),
  ADD KEY `FK12858257E351E17` (`id_language`),
  ADD KEY `FK1285825E56E24B6` (`id_user_updated`),
  ADD KEY `FK128582569C6524B` (`id_user_setting`);

--
-- Indexes for table `zone`
--
ALTER TABLE `zone`
  ADD PRIMARY KEY (`id_Zone`),
  ADD UNIQUE KEY `z_code` (`z_code`),
  ADD KEY `FK3923AC2740CAF0` (`id_Factory`),
  ADD KEY `FK3923AC30B5C2E3` (`id_user_created`),
  ADD KEY `FK3923AC7E351E17` (`id_language`),
  ADD KEY `FK3923ACC87A92C6` (`id_currency`),
  ADD KEY `FK3923ACE56E24B6` (`id_user_updated`),
  ADD KEY `FK3923AC1AD8B11C` (`id_contact`);

--
-- Indexes for table `zone_price`
--
ALTER TABLE `zone_price`
  ADD PRIMARY KEY (`id_zone_pl`),
  ADD KEY `FKDEBEC6F630B5C2E3` (`id_user_created`),
  ADD KEY `FKDEBEC6F662BFEBFC` (`id_Zone`),
  ADD KEY `FKDEBEC6F6E56E24B6` (`id_user_updated`),
  ADD KEY `FKDEBEC6F6105ACA65` (`id_plf`),
  ADD KEY `FKDEBEC6F61076F967` (`if_plf`),
  ADD KEY `FKDEBEC6F6523887A9` (`id_agent_pl`);

--
-- AUTO_INCREMENT for dumped tables
--

--
-- AUTO_INCREMENT for table `access_level`
--
ALTER TABLE `access_level`
  MODIFY `id_access_level` int(11) NOT NULL AUTO_INCREMENT,AUTO_INCREMENT=11;
--
-- AUTO_INCREMENT for table `access_page`
--
ALTER TABLE `access_page`
  MODIFY `id` int(11) NOT NULL AUTO_INCREMENT;
--
-- AUTO_INCREMENT for table `agent`
--
ALTER TABLE `agent`
  MODIFY `id_Agent` int(11) NOT NULL AUTO_INCREMENT,AUTO_INCREMENT=38;
--
-- AUTO_INCREMENT for table `agent_price`
--
ALTER TABLE `agent_price`
  MODIFY `id_agent_pl` int(11) NOT NULL AUTO_INCREMENT,AUTO_INCREMENT=7;
--
-- AUTO_INCREMENT for table `box`
--
ALTER TABLE `box`
  MODIFY `id_box` int(11) NOT NULL AUTO_INCREMENT;
--
-- AUTO_INCREMENT for table `contact`
--
ALTER TABLE `contact`
  MODIFY `id_contact` int(11) NOT NULL AUTO_INCREMENT,AUTO_INCREMENT=463;
--
-- AUTO_INCREMENT for table `contract`
--
ALTER TABLE `contract`
  MODIFY `id_contract` int(11) NOT NULL AUTO_INCREMENT,AUTO_INCREMENT=16;
--
-- AUTO_INCREMENT for table `costing`
--
ALTER TABLE `costing`
  MODIFY `id_cost` int(11) NOT NULL AUTO_INCREMENT,AUTO_INCREMENT=99;
--
-- AUTO_INCREMENT for table `costing_description`
--
ALTER TABLE `costing_description`
  MODIFY `id_cost_description` int(11) NOT NULL AUTO_INCREMENT,AUTO_INCREMENT=1097;
--
-- AUTO_INCREMENT for table `costing_versions`
--
ALTER TABLE `costing_versions`
  MODIFY `id_cost_version` int(11) NOT NULL AUTO_INCREMENT,AUTO_INCREMENT=102;
--
-- AUTO_INCREMENT for table `costing_version_description`
--
ALTER TABLE `costing_version_description`
  MODIFY `id_cost_version_desc` int(11) NOT NULL AUTO_INCREMENT,AUTO_INCREMENT=443;
--
-- AUTO_INCREMENT for table `currency`
--
ALTER TABLE `currency`
  MODIFY `id_currency` int(11) NOT NULL AUTO_INCREMENT,AUTO_INCREMENT=19;
--
-- AUTO_INCREMENT for table `currency_convert`
--
ALTER TABLE `currency_convert`
  MODIFY `id_curr_conv` int(11) NOT NULL AUTO_INCREMENT,AUTO_INCREMENT=211;
--
-- AUTO_INCREMENT for table `customer`
--
ALTER TABLE `customer`
  MODIFY `id_Customer` int(11) NOT NULL AUTO_INCREMENT,AUTO_INCREMENT=332;
--
-- AUTO_INCREMENT for table `factory`
--
ALTER TABLE `factory`
  MODIFY `id_factory` int(11) NOT NULL AUTO_INCREMENT,AUTO_INCREMENT=3;
--
-- AUTO_INCREMENT for table `forwarder`
--
ALTER TABLE `forwarder`
  MODIFY `id_forwarder` int(11) NOT NULL AUTO_INCREMENT,AUTO_INCREMENT=4;
--
-- AUTO_INCREMENT for table `freight`
--
ALTER TABLE `freight`
  MODIFY `id_freight` int(11) NOT NULL AUTO_INCREMENT,AUTO_INCREMENT=6;
--
-- AUTO_INCREMENT for table `group_materials`
--
ALTER TABLE `group_materials`
  MODIFY `Id_group_mat` int(11) NOT NULL AUTO_INCREMENT;
--
-- AUTO_INCREMENT for table `group_of_products`
--
ALTER TABLE `group_of_products`
  MODIFY `id_group_products` int(11) NOT NULL AUTO_INCREMENT,AUTO_INCREMENT=67;
--
-- AUTO_INCREMENT for table `group_product_language`
--
ALTER TABLE `group_product_language`
  MODIFY `id_group_language` int(11) NOT NULL AUTO_INCREMENT,AUTO_INCREMENT=529;
--
-- AUTO_INCREMENT for table `incoterm`
--
ALTER TABLE `incoterm`
  MODIFY `id_incoterm` int(11) NOT NULL AUTO_INCREMENT;
--
-- AUTO_INCREMENT for table `languages`
--
ALTER TABLE `languages`
  MODIFY `id_language` int(11) NOT NULL AUTO_INCREMENT,AUTO_INCREMENT=20;
--
-- AUTO_INCREMENT for table `materials`
--
ALTER TABLE `materials`
  MODIFY `Id_mat` int(11) NOT NULL AUTO_INCREMENT;
--
-- AUTO_INCREMENT for table `orders`
--
ALTER TABLE `orders`
  MODIFY `id_order` int(11) NOT NULL AUTO_INCREMENT,AUTO_INCREMENT=3;
--
-- AUTO_INCREMENT for table `order_condition`
--
ALTER TABLE `order_condition`
  MODIFY `id_order_condition` int(11) NOT NULL AUTO_INCREMENT,AUTO_INCREMENT=4;
--
-- AUTO_INCREMENT for table `order_details`
--
ALTER TABLE `order_details`
  MODIFY `id_order_det` int(11) NOT NULL AUTO_INCREMENT,AUTO_INCREMENT=9;
--
-- AUTO_INCREMENT for table `order_status`
--
ALTER TABLE `order_status`
  MODIFY `id_order_status` int(11) NOT NULL AUTO_INCREMENT,AUTO_INCREMENT=4;
--
-- AUTO_INCREMENT for table `order_type`
--
ALTER TABLE `order_type`
  MODIFY `id_order_type` int(11) NOT NULL AUTO_INCREMENT,AUTO_INCREMENT=4;
--
-- AUTO_INCREMENT for table `particular`
--
ALTER TABLE `particular`
  MODIFY `id_particular` int(11) NOT NULL AUTO_INCREMENT;
--
-- AUTO_INCREMENT for table `patterns`
--
ALTER TABLE `patterns`
  MODIFY `id_pattern` int(11) NOT NULL AUTO_INCREMENT,AUTO_INCREMENT=16;
--
-- AUTO_INCREMENT for table `pattern_description`
--
ALTER TABLE `pattern_description`
  MODIFY `id_pattern_des` int(11) NOT NULL AUTO_INCREMENT,AUTO_INCREMENT=225;
--
-- AUTO_INCREMENT for table `pattern_notes`
--
ALTER TABLE `pattern_notes`
  MODIFY `id_pattern_note` int(11) NOT NULL AUTO_INCREMENT,AUTO_INCREMENT=39;
--
-- AUTO_INCREMENT for table `pattern_part`
--
ALTER TABLE `pattern_part`
  MODIFY `id_pattern_part` int(11) NOT NULL AUTO_INCREMENT,AUTO_INCREMENT=98;
--
-- AUTO_INCREMENT for table `pattern_variantions`
--
ALTER TABLE `pattern_variantions`
  MODIFY `id_pattern_var` int(11) NOT NULL AUTO_INCREMENT,AUTO_INCREMENT=38;
--
-- AUTO_INCREMENT for table `pattern_var_des`
--
ALTER TABLE `pattern_var_des`
  MODIFY `id_pv_des` int(11) NOT NULL AUTO_INCREMENT,AUTO_INCREMENT=289;
--
-- AUTO_INCREMENT for table `payment`
--
ALTER TABLE `payment`
  MODIFY `id_payment` int(11) NOT NULL AUTO_INCREMENT,AUTO_INCREMENT=2;
--
-- AUTO_INCREMENT for table `person`
--
ALTER TABLE `person`
  MODIFY `id_person` int(11) NOT NULL AUTO_INCREMENT;
--
-- AUTO_INCREMENT for table `prd_cust`
--
ALTER TABLE `prd_cust`
  MODIFY `Id_prd_cust` int(11) NOT NULL AUTO_INCREMENT;
--
-- AUTO_INCREMENT for table `price_list_factory`
--
ALTER TABLE `price_list_factory`
  MODIFY `id_plf` int(11) NOT NULL AUTO_INCREMENT,AUTO_INCREMENT=18;
--
-- AUTO_INCREMENT for table `price_list_factory_detail`
--
ALTER TABLE `price_list_factory_detail`
  MODIFY `id_plf_det` int(11) NOT NULL AUTO_INCREMENT,AUTO_INCREMENT=107;
--
-- AUTO_INCREMENT for table `price_list_zone`
--
ALTER TABLE `price_list_zone`
  MODIFY `id_plz` int(11) NOT NULL AUTO_INCREMENT,AUTO_INCREMENT=8;
--
-- AUTO_INCREMENT for table `price_list_zone_details`
--
ALTER TABLE `price_list_zone_details`
  MODIFY `id_plz_det` int(11) NOT NULL AUTO_INCREMENT,AUTO_INCREMENT=85;
--
-- AUTO_INCREMENT for table `process`
--
ALTER TABLE `process`
  MODIFY `Id_process` int(11) NOT NULL AUTO_INCREMENT;
--
-- AUTO_INCREMENT for table `product`
--
ALTER TABLE `product`
  MODIFY `id_product` int(11) NOT NULL AUTO_INCREMENT,AUTO_INCREMENT=16;
--
-- AUTO_INCREMENT for table `product_components`
--
ALTER TABLE `product_components`
  MODIFY `Id_pr_comp` int(11) NOT NULL AUTO_INCREMENT;
--
-- AUTO_INCREMENT for table `product_process`
--
ALTER TABLE `product_process`
  MODIFY `Id_pr_process` int(11) NOT NULL AUTO_INCREMENT;
--
-- AUTO_INCREMENT for table `product_status`
--
ALTER TABLE `product_status`
  MODIFY `id_pr_status` int(11) NOT NULL AUTO_INCREMENT,AUTO_INCREMENT=8;
--
-- AUTO_INCREMENT for table `prod_cust`
--
ALTER TABLE `prod_cust`
  MODIFY `id_prd_cust` int(11) NOT NULL AUTO_INCREMENT;
--
-- AUTO_INCREMENT for table `project`
--
ALTER TABLE `project`
  MODIFY `id_Project` int(11) NOT NULL AUTO_INCREMENT,AUTO_INCREMENT=32;
--
-- AUTO_INCREMENT for table `project_comment`
--
ALTER TABLE `project_comment`
  MODIFY `id_pj_comment` int(11) NOT NULL AUTO_INCREMENT,AUTO_INCREMENT=21;
--
-- AUTO_INCREMENT for table `project_status`
--
ALTER TABLE `project_status`
  MODIFY `id_pj_Status` int(11) NOT NULL AUTO_INCREMENT,AUTO_INCREMENT=5;
--
-- AUTO_INCREMENT for table `shipment`
--
ALTER TABLE `shipment`
  MODIFY `id_shipment` int(11) NOT NULL AUTO_INCREMENT;
--
-- AUTO_INCREMENT for table `shipment_details`
--
ALTER TABLE `shipment_details`
  MODIFY `id_shipment_det` int(11) NOT NULL AUTO_INCREMENT;
--
-- AUTO_INCREMENT for table `shipment_type`
--
ALTER TABLE `shipment_type`
  MODIFY `id_shipment_type` int(11) NOT NULL AUTO_INCREMENT;
--
-- AUTO_INCREMENT for table `sizes`
--
ALTER TABLE `sizes`
  MODIFY `id_size` int(11) NOT NULL AUTO_INCREMENT,AUTO_INCREMENT=5;
--
-- AUTO_INCREMENT for table `sizes_details`
--
ALTER TABLE `sizes_details`
  MODIFY `id_size_det` int(11) NOT NULL AUTO_INCREMENT,AUTO_INCREMENT=118;
--
-- AUTO_INCREMENT for table `type_of_box`
--
ALTER TABLE `type_of_box`
  MODIFY `id_type_box` int(11) NOT NULL AUTO_INCREMENT;
--
-- AUTO_INCREMENT for table `type_of_customers`
--
ALTER TABLE `type_of_customers`
  MODIFY `id_type_Customer` int(11) NOT NULL AUTO_INCREMENT,AUTO_INCREMENT=6;
--
-- AUTO_INCREMENT for table `type_of_products`
--
ALTER TABLE `type_of_products`
  MODIFY `id_type_products` int(11) NOT NULL AUTO_INCREMENT,AUTO_INCREMENT=56;
--
-- AUTO_INCREMENT for table `type_product_language`
--
ALTER TABLE `type_product_language`
  MODIFY `id_type_language` int(11) NOT NULL AUTO_INCREMENT,AUTO_INCREMENT=441;
--
-- AUTO_INCREMENT for table `Units`
--
ALTER TABLE `Units`
  MODIFY `Id_unit` int(11) NOT NULL AUTO_INCREMENT;
--
-- AUTO_INCREMENT for table `user`
--
ALTER TABLE `user`
  MODIFY `id_user` int(11) NOT NULL AUTO_INCREMENT,AUTO_INCREMENT=44;
--
-- AUTO_INCREMENT for table `usersetting`
--
ALTER TABLE `usersetting`
  MODIFY `id_USetting` int(11) NOT NULL AUTO_INCREMENT;
--
-- AUTO_INCREMENT for table `zone`
--
ALTER TABLE `zone`
  MODIFY `id_Zone` int(11) NOT NULL AUTO_INCREMENT,AUTO_INCREMENT=8;
--
-- AUTO_INCREMENT for table `zone_price`
--
ALTER TABLE `zone_price`
  MODIFY `id_zone_pl` int(11) NOT NULL AUTO_INCREMENT,AUTO_INCREMENT=7;
--
-- Constraints for dumped tables
--

--
-- Constraints for table `access_level`
--
ALTER TABLE `access_level`
  ADD CONSTRAINT `FK8BF918E930B5C2E3` FOREIGN KEY (`id_user_created`) REFERENCES `user` (`id_user`),
  ADD CONSTRAINT `FK8BF918E9E56E24B6` FOREIGN KEY (`id_user_updated`) REFERENCES `user` (`id_user`);

--
-- Constraints for table `agent`
--
ALTER TABLE `agent`
  ADD CONSTRAINT `FK58743051AD8B11C` FOREIGN KEY (`id_contact`) REFERENCES `contact` (`id_contact`),
  ADD CONSTRAINT `FK587430530B5C2E3` FOREIGN KEY (`id_user_created`) REFERENCES `user` (`id_user`),
  ADD CONSTRAINT `FK587430562BFEBFC` FOREIGN KEY (`id_Zone`) REFERENCES `zone` (`id_Zone`),
  ADD CONSTRAINT `FK58743057E351E17` FOREIGN KEY (`id_language`) REFERENCES `languages` (`id_language`),
  ADD CONSTRAINT `FK587430587962C11` FOREIGN KEY (`id_plz`) REFERENCES `price_list_zone` (`id_plz`),
  ADD CONSTRAINT `FK5874305E56E24B6` FOREIGN KEY (`id_user_updated`) REFERENCES `user` (`id_user`);

--
-- Constraints for table `agent_price`
--
ALTER TABLE `agent_price`
  ADD CONSTRAINT `FK76C43F8F30B5C2E3` FOREIGN KEY (`id_user_created`) REFERENCES `user` (`id_user`),
  ADD CONSTRAINT `FK76C43F8F848602BA` FOREIGN KEY (`id_product`) REFERENCES `product` (`id_product`),
  ADD CONSTRAINT `FK76C43F8F87962C11` FOREIGN KEY (`id_plz`) REFERENCES `price_list_zone` (`id_plz`),
  ADD CONSTRAINT `FK76C43F8FE56E24B6` FOREIGN KEY (`id_user_updated`) REFERENCES `user` (`id_user`),
  ADD CONSTRAINT `FK76C43F8FF27575E6` FOREIGN KEY (`id_Agent`) REFERENCES `agent` (`id_Agent`);

--
-- Constraints for table `box`
--
ALTER TABLE `box`
  ADD CONSTRAINT `FK17DCB885A71F2` FOREIGN KEY (`id_type_box`) REFERENCES `type_of_box` (`id_type_box`);

--
-- Constraints for table `contact`
--
ALTER TABLE `contact`
  ADD CONSTRAINT `FK38B7242030B5C2E3` FOREIGN KEY (`id_user_created`) REFERENCES `user` (`id_user`),
  ADD CONSTRAINT `FK38B72420E56E24B6` FOREIGN KEY (`id_user_updated`) REFERENCES `user` (`id_user`);

--
-- Constraints for table `contract`
--
ALTER TABLE `contract`
  ADD CONSTRAINT `FKDE35111262BFEBFC` FOREIGN KEY (`id_Zone`) REFERENCES `zone` (`id_Zone`),
  ADD CONSTRAINT `FKDE351112CC25B260` FOREIGN KEY (`id_Customer`) REFERENCES `customer` (`id_Customer`),
  ADD CONSTRAINT `FKDE351112F27575E6` FOREIGN KEY (`id_Agent`) REFERENCES `agent` (`id_Agent`);

--
-- Constraints for table `costing`
--
ALTER TABLE `costing`
  ADD CONSTRAINT `FK38FDB8F52740CAF0` FOREIGN KEY (`id_Factory`) REFERENCES `factory` (`id_factory`),
  ADD CONSTRAINT `FK38FDB8F530B5C2E3` FOREIGN KEY (`id_user_created`) REFERENCES `user` (`id_user`),
  ADD CONSTRAINT `FK38FDB8F59737C5EC` FOREIGN KEY (`id_type_products`) REFERENCES `type_of_products` (`id_type_products`),
  ADD CONSTRAINT `FK38FDB8F5CC25B260` FOREIGN KEY (`id_customer`) REFERENCES `customer` (`id_Customer`),
  ADD CONSTRAINT `FK38FDB8F5E56E24B6` FOREIGN KEY (`id_user_updated`) REFERENCES `user` (`id_user`);

--
-- Constraints for table `costing_description`
--
ALTER TABLE `costing_description`
  ADD CONSTRAINT `FK89B0D3B230B5C2E3` FOREIGN KEY (`id_user_created`) REFERENCES `user` (`id_user`),
  ADD CONSTRAINT `FK89B0D3B27E351E17` FOREIGN KEY (`id_language`) REFERENCES `languages` (`id_language`),
  ADD CONSTRAINT `FK89B0D3B29B7A0D66` FOREIGN KEY (`id_cost`) REFERENCES `costing` (`id_cost`),
  ADD CONSTRAINT `FK89B0D3B2E56E24B6` FOREIGN KEY (`id_user_updated`) REFERENCES `user` (`id_user`);

--
-- Constraints for table `costing_versions`
--
ALTER TABLE `costing_versions`
  ADD CONSTRAINT `FKB64E3AA530B5C2E3` FOREIGN KEY (`id_user_created`) REFERENCES `user` (`id_user`),
  ADD CONSTRAINT `FKB64E3AA59B7A0D66` FOREIGN KEY (`id_cost`) REFERENCES `costing` (`id_cost`),
  ADD CONSTRAINT `FKB64E3AA5E56E24B6` FOREIGN KEY (`id_user_updated`) REFERENCES `user` (`id_user`);

--
-- Constraints for table `costing_version_description`
--
ALTER TABLE `costing_version_description`
  ADD CONSTRAINT `FK213DB4CB30B5C2E3` FOREIGN KEY (`id_user_created`) REFERENCES `user` (`id_user`),
  ADD CONSTRAINT `FK213DB4CB64F051AF` FOREIGN KEY (`id_cost_version`) REFERENCES `costing_versions` (`id_cost_version`),
  ADD CONSTRAINT `FK213DB4CB7E351E17` FOREIGN KEY (`id_language`) REFERENCES `languages` (`id_language`),
  ADD CONSTRAINT `FK213DB4CBE56E24B6` FOREIGN KEY (`id_user_updated`) REFERENCES `user` (`id_user`);

--
-- Constraints for table `currency`
--
ALTER TABLE `currency`
  ADD CONSTRAINT `FK224BF01130B5C2E3` FOREIGN KEY (`id_user_created`) REFERENCES `user` (`id_user`),
  ADD CONSTRAINT `FK224BF011E56E24B6` FOREIGN KEY (`id_user_updated`) REFERENCES `user` (`id_user`);

--
-- Constraints for table `currency_convert`
--
ALTER TABLE `currency_convert`
  ADD CONSTRAINT `FK6D2F138530B5C2E3` FOREIGN KEY (`id_user_created`) REFERENCES `user` (`id_user`),
  ADD CONSTRAINT `FK6D2F1385C87A92C6` FOREIGN KEY (`id_currency`) REFERENCES `currency` (`id_currency`),
  ADD CONSTRAINT `FK6D2F1385E56E24B6` FOREIGN KEY (`id_user_updated`) REFERENCES `user` (`id_user`);

--
-- Constraints for table `customer`
--
ALTER TABLE `customer`
  ADD CONSTRAINT `FK24217FDE1AD8B11C` FOREIGN KEY (`id_contact`) REFERENCES `contact` (`id_contact`),
  ADD CONSTRAINT `FK24217FDE30B5C2E3` FOREIGN KEY (`id_user_created`) REFERENCES `user` (`id_user`),
  ADD CONSTRAINT `FK24217FDE62BFEBFC` FOREIGN KEY (`id_Zone`) REFERENCES `zone` (`id_Zone`),
  ADD CONSTRAINT `FK24217FDE7E351E17` FOREIGN KEY (`id_language`) REFERENCES `languages` (`id_language`),
  ADD CONSTRAINT `FK24217FDE9F3A43F1` FOREIGN KEY (`id_type_customer`) REFERENCES `type_of_customers` (`id_type_Customer`),
  ADD CONSTRAINT `FK24217FDEE56E24B6` FOREIGN KEY (`id_user_updated`) REFERENCES `user` (`id_user`),
  ADD CONSTRAINT `FK24217FDEF27575E6` FOREIGN KEY (`id_agent`) REFERENCES `agent` (`id_Agent`);

--
-- Constraints for table `factory`
--
ALTER TABLE `factory`
  ADD CONSTRAINT `FKBEEB310A1AD8B11C` FOREIGN KEY (`id_contact`) REFERENCES `contact` (`id_contact`),
  ADD CONSTRAINT `FKBEEB310A30B5C2E3` FOREIGN KEY (`id_user_created`) REFERENCES `user` (`id_user`),
  ADD CONSTRAINT `FKBEEB310A7E351E17` FOREIGN KEY (`id_language`) REFERENCES `languages` (`id_language`),
  ADD CONSTRAINT `FKBEEB310AC87A92C6` FOREIGN KEY (`id_currency`) REFERENCES `currency` (`id_currency`),
  ADD CONSTRAINT `FKBEEB310AE56E24B6` FOREIGN KEY (`id_user_updated`) REFERENCES `user` (`id_user`);

--
-- Constraints for table `forwarder`
--
ALTER TABLE `forwarder`
  ADD CONSTRAINT `FK7D0A02321AD8B11C` FOREIGN KEY (`id_contact`) REFERENCES `contact` (`id_contact`),
  ADD CONSTRAINT `FK7D0A023230B5C2E3` FOREIGN KEY (`id_user_created`) REFERENCES `user` (`id_user`),
  ADD CONSTRAINT `FK7D0A0232E56E24B6` FOREIGN KEY (`id_user_updated`) REFERENCES `user` (`id_user`);

--
-- Constraints for table `freight`
--
ALTER TABLE `freight`
  ADD CONSTRAINT `FKDC04A34330B5C2E3` FOREIGN KEY (`id_user_created`) REFERENCES `user` (`id_user`),
  ADD CONSTRAINT `FKDC04A343E56E24B6` FOREIGN KEY (`id_user_updated`) REFERENCES `user` (`id_user`);

--
-- Constraints for table `group_materials`
--
ALTER TABLE `group_materials`
  ADD CONSTRAINT `FK9EF45E6C2740CAF0` FOREIGN KEY (`id_Factory`) REFERENCES `factory` (`id_factory`);

--
-- Constraints for table `group_of_products`
--
ALTER TABLE `group_of_products`
  ADD CONSTRAINT `FKFA0A250C2740CAF0` FOREIGN KEY (`id_Factory`) REFERENCES `factory` (`id_factory`),
  ADD CONSTRAINT `FKFA0A250C30B5C2E3` FOREIGN KEY (`id_user_created`) REFERENCES `user` (`id_user`),
  ADD CONSTRAINT `FKFA0A250CE56E24B6` FOREIGN KEY (`id_user_updated`) REFERENCES `user` (`id_user`);

--
-- Constraints for table `group_product_language`
--
ALTER TABLE `group_product_language`
  ADD CONSTRAINT `FK55D26E6830B5C2E3` FOREIGN KEY (`id_user_created`) REFERENCES `user` (`id_user`),
  ADD CONSTRAINT `FK55D26E687E351E17` FOREIGN KEY (`id_language`) REFERENCES `languages` (`id_language`),
  ADD CONSTRAINT `FK55D26E68E56E24B6` FOREIGN KEY (`id_user_updated`) REFERENCES `user` (`id_user`),
  ADD CONSTRAINT `FK55D26E68E7520B67` FOREIGN KEY (`id_group`) REFERENCES `group_of_products` (`id_group_products`);

--
-- Constraints for table `incoterm`
--
ALTER TABLE `incoterm`
  ADD CONSTRAINT `FK58B183D30B5C2E3` FOREIGN KEY (`id_user_created`) REFERENCES `user` (`id_user`),
  ADD CONSTRAINT `FK58B183DE56E24B6` FOREIGN KEY (`id_user_updated`) REFERENCES `user` (`id_user`);

--
-- Constraints for table `languages`
--
ALTER TABLE `languages`
  ADD CONSTRAINT `FK5A7FD81B30B5C2E3` FOREIGN KEY (`id_user_created`) REFERENCES `user` (`id_user`),
  ADD CONSTRAINT `FK5A7FD81BE56E24B6` FOREIGN KEY (`id_user_updated`) REFERENCES `user` (`id_user`);

--
-- Constraints for table `materials`
--
ALTER TABLE `materials`
  ADD CONSTRAINT `FK2899402C2740CAF0` FOREIGN KEY (`id_Factory`) REFERENCES `factory` (`id_factory`),
  ADD CONSTRAINT `FK2899402C30B5C2E3` FOREIGN KEY (`id_user_created`) REFERENCES `user` (`id_user`),
  ADD CONSTRAINT `FK2899402C3F0873E8` FOREIGN KEY (`id_group_mat`) REFERENCES `group_materials` (`Id_group_mat`),
  ADD CONSTRAINT `FK2899402CE56E24B6` FOREIGN KEY (`id_user_updated`) REFERENCES `user` (`id_user`);

--
-- Constraints for table `orders`
--
ALTER TABLE `orders`
  ADD CONSTRAINT `FKC3DF62E51464E4AA` FOREIGN KEY (`id_order_status`) REFERENCES `order_status` (`id_order_status`),
  ADD CONSTRAINT `FKC3DF62E54BA2CCE8` FOREIGN KEY (`id_payment`) REFERENCES `payment` (`id_payment`),
  ADD CONSTRAINT `FKC3DF62E5702CDCBA` FOREIGN KEY (`id_order_type`) REFERENCES `order_type` (`id_order_type`),
  ADD CONSTRAINT `FKC3DF62E586C57AD7` FOREIGN KEY (`ord_plz`) REFERENCES `price_list_zone` (`id_plz`),
  ADD CONSTRAINT `FKC3DF62E5CC25B260` FOREIGN KEY (`id_customer`) REFERENCES `customer` (`id_Customer`),
  ADD CONSTRAINT `FKC3DF62E5D92D17B0` FOREIGN KEY (`id_order_condition`) REFERENCES `order_condition` (`id_order_condition`),
  ADD CONSTRAINT `FKC3DF62E5F8A192B` FOREIGN KEY (`ord_plf`) REFERENCES `price_list_factory` (`id_plf`);

--
-- Constraints for table `order_details`
--
ALTER TABLE `order_details`
  ADD CONSTRAINT `FK521CF251848602BA` FOREIGN KEY (`id_product`) REFERENCES `product` (`id_product`),
  ADD CONSTRAINT `FK521CF251B197DA0F` FOREIGN KEY (`id_order`) REFERENCES `orders` (`id_order`),
  ADD CONSTRAINT `FK521CF251DD39650E` FOREIGN KEY (`id_size_det`) REFERENCES `sizes_details` (`id_size_det`);

--
-- Constraints for table `particular`
--
ALTER TABLE `particular`
  ADD CONSTRAINT `FK17F22D51AD8B11C` FOREIGN KEY (`id_contact`) REFERENCES `contact` (`id_contact`),
  ADD CONSTRAINT `FK17F22D530B5C2E3` FOREIGN KEY (`id_user_created`) REFERENCES `user` (`id_user`),
  ADD CONSTRAINT `FK17F22D57E351E17` FOREIGN KEY (`id_language`) REFERENCES `languages` (`id_language`),
  ADD CONSTRAINT `FK17F22D5CC25B260` FOREIGN KEY (`id_customer`) REFERENCES `customer` (`id_Customer`),
  ADD CONSTRAINT `FK17F22D5E56E24B6` FOREIGN KEY (`id_user_updated`) REFERENCES `user` (`id_user`);

--
-- Constraints for table `patterns`
--
ALTER TABLE `patterns`
  ADD CONSTRAINT `FK4A4486E32740CAF0` FOREIGN KEY (`id_Factory`) REFERENCES `factory` (`id_factory`),
  ADD CONSTRAINT `FK4A4486E330B5C2E3` FOREIGN KEY (`id_user_created`) REFERENCES `user` (`id_user`),
  ADD CONSTRAINT `FK4A4486E3A7F137D4` FOREIGN KEY (`id_group_products`) REFERENCES `group_of_products` (`id_group_products`),
  ADD CONSTRAINT `FK4A4486E3E56E24B6` FOREIGN KEY (`id_user_updated`) REFERENCES `user` (`id_user`);

--
-- Constraints for table `pattern_description`
--
ALTER TABLE `pattern_description`
  ADD CONSTRAINT `FK31A5F5CD30B5C2E3` FOREIGN KEY (`id_user_created`) REFERENCES `user` (`id_user`),
  ADD CONSTRAINT `FK31A5F5CD7E351E17` FOREIGN KEY (`id_language`) REFERENCES `languages` (`id_language`),
  ADD CONSTRAINT `FK31A5F5CDC487DB4F` FOREIGN KEY (`id_pattern`) REFERENCES `patterns` (`id_pattern`),
  ADD CONSTRAINT `FK31A5F5CDE56E24B6` FOREIGN KEY (`id_user_updated`) REFERENCES `user` (`id_user`);

--
-- Constraints for table `pattern_notes`
--
ALTER TABLE `pattern_notes`
  ADD CONSTRAINT `FK911CB15230B5C2E3` FOREIGN KEY (`id_user_created`) REFERENCES `user` (`id_user`),
  ADD CONSTRAINT `FK911CB152C487DB4F` FOREIGN KEY (`id_pattern`) REFERENCES `patterns` (`id_pattern`);

--
-- Constraints for table `pattern_part`
--
ALTER TABLE `pattern_part`
  ADD CONSTRAINT `FKF42AEB427E351E17` FOREIGN KEY (`id_language`) REFERENCES `languages` (`id_language`),
  ADD CONSTRAINT `FKF42AEB42C487DB4F` FOREIGN KEY (`id_pattern`) REFERENCES `patterns` (`id_pattern`);

--
-- Constraints for table `pattern_variantions`
--
ALTER TABLE `pattern_variantions`
  ADD CONSTRAINT `FK39092141C487DB4F` FOREIGN KEY (`id_pattern`) REFERENCES `patterns` (`id_pattern`);

--
-- Constraints for table `pattern_var_des`
--
ALTER TABLE `pattern_var_des`
  ADD CONSTRAINT `FK4BE4914B7E351E17` FOREIGN KEY (`id_language`) REFERENCES `languages` (`id_language`),
  ADD CONSTRAINT `FK4BE4914B7FA15615` FOREIGN KEY (`id_pattern_var`) REFERENCES `pattern_variantions` (`id_pattern_var`);

--
-- Constraints for table `person`
--
ALTER TABLE `person`
  ADD CONSTRAINT `FKC4E39B551AD8B11C` FOREIGN KEY (`id_contact`) REFERENCES `contact` (`id_contact`),
  ADD CONSTRAINT `FKC4E39B5530B5C2E3` FOREIGN KEY (`id_user_created`) REFERENCES `user` (`id_user`),
  ADD CONSTRAINT `FKC4E39B55E56E24B6` FOREIGN KEY (`id_user_updated`) REFERENCES `user` (`id_user`);

--
-- Constraints for table `prd_cust`
--
ALTER TABLE `prd_cust`
  ADD CONSTRAINT `FKB11821D0848602BA` FOREIGN KEY (`id_product`) REFERENCES `product` (`id_product`);

--
-- Constraints for table `price_list_factory`
--
ALTER TABLE `price_list_factory`
  ADD CONSTRAINT `FK577FE19F2740CAF0` FOREIGN KEY (`id_Factory`) REFERENCES `factory` (`id_factory`),
  ADD CONSTRAINT `FK577FE19F30B5C2E3` FOREIGN KEY (`id_user_created`) REFERENCES `user` (`id_user`),
  ADD CONSTRAINT `FK577FE19F62BFEBFC` FOREIGN KEY (`id_Zone`) REFERENCES `zone` (`id_Zone`),
  ADD CONSTRAINT `FK577FE19F7E351E17` FOREIGN KEY (`id_language`) REFERENCES `languages` (`id_language`),
  ADD CONSTRAINT `FK577FE19FC87A92C6` FOREIGN KEY (`id_currency`) REFERENCES `currency` (`id_currency`),
  ADD CONSTRAINT `FK577FE19FE56E24B6` FOREIGN KEY (`id_user_updated`) REFERENCES `user` (`id_user`);

--
-- Constraints for table `price_list_factory_detail`
--
ALTER TABLE `price_list_factory_detail`
  ADD CONSTRAINT `FKCAC5F2F1105ACA65` FOREIGN KEY (`id_plf`) REFERENCES `price_list_factory` (`id_plf`),
  ADD CONSTRAINT `FKCAC5F2F12740CAF0` FOREIGN KEY (`id_factory`) REFERENCES `factory` (`id_factory`),
  ADD CONSTRAINT `FKCAC5F2F130B5C2E3` FOREIGN KEY (`id_user_created`) REFERENCES `user` (`id_user`),
  ADD CONSTRAINT `FKCAC5F2F164F051AF` FOREIGN KEY (`id_cost_version`) REFERENCES `costing_versions` (`id_cost_version`),
  ADD CONSTRAINT `FKCAC5F2F19B7A0D66` FOREIGN KEY (`id_cost`) REFERENCES `costing` (`id_cost`),
  ADD CONSTRAINT `FKCAC5F2F1C87A92C6` FOREIGN KEY (`id_currency`) REFERENCES `currency` (`id_currency`),
  ADD CONSTRAINT `FKCAC5F2F1E56E24B6` FOREIGN KEY (`id_user_updated`) REFERENCES `user` (`id_user`);

--
-- Constraints for table `price_list_zone`
--
ALTER TABLE `price_list_zone`
  ADD CONSTRAINT `FKCEBB4337105ACA65` FOREIGN KEY (`id_plf`) REFERENCES `price_list_factory` (`id_plf`),
  ADD CONSTRAINT `FKCEBB433730B5C2E3` FOREIGN KEY (`id_user_created`) REFERENCES `user` (`id_user`),
  ADD CONSTRAINT `FKCEBB43377E351E17` FOREIGN KEY (`id_language`) REFERENCES `languages` (`id_language`),
  ADD CONSTRAINT `FKCEBB4337C87A92C6` FOREIGN KEY (`id_currency`) REFERENCES `currency` (`id_currency`),
  ADD CONSTRAINT `FKCEBB4337E56E24B6` FOREIGN KEY (`id_user_updated`) REFERENCES `user` (`id_user`);

--
-- Constraints for table `price_list_zone_details`
--
ALTER TABLE `price_list_zone_details`
  ADD CONSTRAINT `FK90E4B53A30B5C2E3` FOREIGN KEY (`id_user_created`) REFERENCES `user` (`id_user`),
  ADD CONSTRAINT `FK90E4B53A56FFBC0B` FOREIGN KEY (`id_plf_det`) REFERENCES `price_list_factory_detail` (`id_plf_det`),
  ADD CONSTRAINT `FK90E4B53A87962C11` FOREIGN KEY (`id_plz`) REFERENCES `price_list_zone` (`id_plz`),
  ADD CONSTRAINT `FK90E4B53AE56E24B6` FOREIGN KEY (`id_user_updated`) REFERENCES `user` (`id_user`);

--
-- Constraints for table `process`
--
ALTER TABLE `process`
  ADD CONSTRAINT `FKED8D1E6F6765E577` FOREIGN KEY (`id_unit`) REFERENCES `Units` (`Id_unit`);

--
-- Constraints for table `product`
--
ALTER TABLE `product`
  ADD CONSTRAINT `FKED8DCCEF1E385468` FOREIGN KEY (`id_plz_det`) REFERENCES `price_list_zone_details` (`id_plz_det`),
  ADD CONSTRAINT `FKED8DCCEF2740CAF0` FOREIGN KEY (`id_Factory`) REFERENCES `factory` (`id_factory`),
  ADD CONSTRAINT `FKED8DCCEF30B5C2E3` FOREIGN KEY (`id_user_created`) REFERENCES `user` (`id_user`),
  ADD CONSTRAINT `FKED8DCCEF404CD4C8` FOREIGN KEY (`id_contract`) REFERENCES `contract` (`id_contract`),
  ADD CONSTRAINT `FKED8DCCEF64F051AF` FOREIGN KEY (`id_cost_version`) REFERENCES `costing_versions` (`id_cost_version`),
  ADD CONSTRAINT `FKED8DCCEF6909A537` FOREIGN KEY (`id_size`) REFERENCES `sizes` (`id_size`),
  ADD CONSTRAINT `FKED8DCCEF7FA15615` FOREIGN KEY (`id_pattern_var`) REFERENCES `pattern_variantions` (`id_pattern_var`),
  ADD CONSTRAINT `FKED8DCCEF848AFF0E` FOREIGN KEY (`id_Project`) REFERENCES `project` (`id_Project`),
  ADD CONSTRAINT `FKED8DCCEF85F35FED` FOREIGN KEY (`id_pr_status`) REFERENCES `product_status` (`id_pr_status`),
  ADD CONSTRAINT `FKED8DCCEF9737C5EC` FOREIGN KEY (`id_type_products`) REFERENCES `type_of_products` (`id_type_products`),
  ADD CONSTRAINT `FKED8DCCEF9B7A0D66` FOREIGN KEY (`id_cost`) REFERENCES `costing` (`id_cost`),
  ADD CONSTRAINT `FKED8DCCEFC487DB4F` FOREIGN KEY (`id_Pattern`) REFERENCES `patterns` (`id_pattern`),
  ADD CONSTRAINT `FKED8DCCEFE56E24B6` FOREIGN KEY (`id_user_updated`) REFERENCES `user` (`id_user`);

--
-- Constraints for table `product_components`
--
ALTER TABLE `product_components`
  ADD CONSTRAINT `FKED26F066848602BA` FOREIGN KEY (`id_product`) REFERENCES `product` (`id_product`),
  ADD CONSTRAINT `FKED26F066E1741C68` FOREIGN KEY (`id_mat`) REFERENCES `materials` (`Id_mat`);

--
-- Constraints for table `product_process`
--
ALTER TABLE `product_process`
  ADD CONSTRAINT `FK7F02331F8484A5BA` FOREIGN KEY (`id_process`) REFERENCES `process` (`Id_process`),
  ADD CONSTRAINT `FK7F02331F848602BA` FOREIGN KEY (`id_product`) REFERENCES `product` (`id_product`);

--
-- Constraints for table `product_status`
--
ALTER TABLE `product_status`
  ADD CONSTRAINT `FK10B654230B5C2E3` FOREIGN KEY (`id_user_created`) REFERENCES `user` (`id_user`),
  ADD CONSTRAINT `FK10B6542E56E24B6` FOREIGN KEY (`id_user_updated`) REFERENCES `user` (`id_user`);

--
-- Constraints for table `prod_cust`
--
ALTER TABLE `prod_cust`
  ADD CONSTRAINT `FKC0185A3B1E385468` FOREIGN KEY (`id_plz_det`) REFERENCES `price_list_zone_details` (`id_plz_det`),
  ADD CONSTRAINT `FKC0185A3B848602BA` FOREIGN KEY (`id_product`) REFERENCES `product` (`id_product`);

--
-- Constraints for table `project`
--
ALTER TABLE `project`
  ADD CONSTRAINT `FKED904B192740CAF0` FOREIGN KEY (`id_Factory`) REFERENCES `factory` (`id_factory`),
  ADD CONSTRAINT `FKED904B1930B5C2E3` FOREIGN KEY (`id_user_created`) REFERENCES `user` (`id_user`),
  ADD CONSTRAINT `FKED904B197FAF178B` FOREIGN KEY (`id_pj_Status`) REFERENCES `project_status` (`id_pj_Status`),
  ADD CONSTRAINT `FKED904B19CC25B260` FOREIGN KEY (`id_customer`) REFERENCES `customer` (`id_Customer`),
  ADD CONSTRAINT `FKED904B19E56E24B6` FOREIGN KEY (`id_user_updated`) REFERENCES `user` (`id_user`);

--
-- Constraints for table `project_comment`
--
ALTER TABLE `project_comment`
  ADD CONSTRAINT `FKA9F9B73930B5C2E3` FOREIGN KEY (`id_user_created`) REFERENCES `user` (`id_user`),
  ADD CONSTRAINT `FKA9F9B73962BB7C3A` FOREIGN KEY (`id_user`) REFERENCES `user` (`id_user`),
  ADD CONSTRAINT `FKA9F9B739848AFF0E` FOREIGN KEY (`id_Project`) REFERENCES `project` (`id_Project`),
  ADD CONSTRAINT `FKA9F9B739E56E24B6` FOREIGN KEY (`id_user_updated`) REFERENCES `user` (`id_user`);

--
-- Constraints for table `project_status`
--
ALTER TABLE `project_status`
  ADD CONSTRAINT `FK39D083D830B5C2E3` FOREIGN KEY (`id_user_created`) REFERENCES `user` (`id_user`),
  ADD CONSTRAINT `FK39D083D8E56E24B6` FOREIGN KEY (`id_user_updated`) REFERENCES `user` (`id_user`);

--
-- Constraints for table `shipment`
--
ALTER TABLE `shipment`
  ADD CONSTRAINT `FKE139719A2458E15A` FOREIGN KEY (`id_shipment_type`) REFERENCES `shipment_type` (`id_shipment_type`),
  ADD CONSTRAINT `FKE139719A30B5C2E3` FOREIGN KEY (`id_user_created`) REFERENCES `user` (`id_user`),
  ADD CONSTRAINT `FKE139719A6173AF62` FOREIGN KEY (`id_freight`) REFERENCES `freight` (`id_freight`),
  ADD CONSTRAINT `FKE139719A62BFEBFC` FOREIGN KEY (`id_Zone`) REFERENCES `zone` (`id_Zone`),
  ADD CONSTRAINT `FKE139719A8EF8E31E` FOREIGN KEY (`id_incoterm`) REFERENCES `incoterm` (`id_incoterm`),
  ADD CONSTRAINT `FKE139719ACC25B260` FOREIGN KEY (`id_Customer`) REFERENCES `customer` (`id_Customer`),
  ADD CONSTRAINT `FKE139719AF27575E6` FOREIGN KEY (`id_agent`) REFERENCES `agent` (`id_Agent`),
  ADD CONSTRAINT `FKE139719AF287A640` FOREIGN KEY (`id_forwarder`) REFERENCES `forwarder` (`id_forwarder`);

--
-- Constraints for table `shipment_details`
--
ALTER TABLE `shipment_details`
  ADD CONSTRAINT `FKE7CBD09D465595D8` FOREIGN KEY (`id_shipment`) REFERENCES `shipment` (`id_shipment`),
  ADD CONSTRAINT `FKE7CBD09DA500E863` FOREIGN KEY (`id_order_det`) REFERENCES `orders` (`id_order`),
  ADD CONSTRAINT `FKE7CBD09DB8DC3272` FOREIGN KEY (`id_box`) REFERENCES `box` (`id_box`);

--
-- Constraints for table `shipment_type`
--
ALTER TABLE `shipment_type`
  ADD CONSTRAINT `FKDA40C6BF30B5C2E3` FOREIGN KEY (`id_user_created`) REFERENCES `user` (`id_user`),
  ADD CONSTRAINT `FKDA40C6BFE56E24B6` FOREIGN KEY (`id_user_updated`) REFERENCES `user` (`id_user`);

--
-- Constraints for table `sizes`
--
ALTER TABLE `sizes`
  ADD CONSTRAINT `FK686209230B5C2E3` FOREIGN KEY (`id_user_created`) REFERENCES `user` (`id_user`),
  ADD CONSTRAINT `FK6862092E56E24B6` FOREIGN KEY (`id_user_updated`) REFERENCES `user` (`id_user`);

--
-- Constraints for table `sizes_details`
--
ALTER TABLE `sizes_details`
  ADD CONSTRAINT `FK26D607956909A537` FOREIGN KEY (`id_size`) REFERENCES `sizes` (`id_size`);

--
-- Constraints for table `type_of_box`
--
ALTER TABLE `type_of_box`
  ADD CONSTRAINT `FK2CC2B00830B5C2E3` FOREIGN KEY (`id_user_created`) REFERENCES `user` (`id_user`),
  ADD CONSTRAINT `FK2CC2B008E56E24B6` FOREIGN KEY (`id_user_updated`) REFERENCES `user` (`id_user`);

--
-- Constraints for table `type_of_customers`
--
ALTER TABLE `type_of_customers`
  ADD CONSTRAINT `FKCA7E4CD230B5C2E3` FOREIGN KEY (`id_user_created`) REFERENCES `user` (`id_user`),
  ADD CONSTRAINT `FKCA7E4CD2E56E24B6` FOREIGN KEY (`id_user_updated`) REFERENCES `user` (`id_user`);

--
-- Constraints for table `type_of_products`
--
ALTER TABLE `type_of_products`
  ADD CONSTRAINT `FK22717D472740CAF0` FOREIGN KEY (`id_Factory`) REFERENCES `factory` (`id_factory`),
  ADD CONSTRAINT `FK22717D4730B5C2E3` FOREIGN KEY (`id_user_created`) REFERENCES `user` (`id_user`),
  ADD CONSTRAINT `FK22717D47A7F137D4` FOREIGN KEY (`id_group_products`) REFERENCES `group_of_products` (`id_group_products`),
  ADD CONSTRAINT `FK22717D47E56E24B6` FOREIGN KEY (`id_user_updated`) REFERENCES `user` (`id_user`);

--
-- Constraints for table `type_product_language`
--
ALTER TABLE `type_product_language`
  ADD CONSTRAINT `FKE4F0030D30B5C2E3` FOREIGN KEY (`id_user_created`) REFERENCES `user` (`id_user`),
  ADD CONSTRAINT `FKE4F0030D7E351E17` FOREIGN KEY (`id_language`) REFERENCES `languages` (`id_language`),
  ADD CONSTRAINT `FKE4F0030D84F5B125` FOREIGN KEY (`id_type`) REFERENCES `type_of_products` (`id_type_products`),
  ADD CONSTRAINT `FKE4F0030DE56E24B6` FOREIGN KEY (`id_user_updated`) REFERENCES `user` (`id_user`);

--
-- Constraints for table `Units`
--
ALTER TABLE `Units`
  ADD CONSTRAINT `FK4E1674F2740CAF0` FOREIGN KEY (`id_Factory`) REFERENCES `factory` (`id_factory`);

--
-- Constraints for table `user`
--
ALTER TABLE `user`
  ADD CONSTRAINT `FK36EBCB1AD8B11C` FOREIGN KEY (`id_contact`) REFERENCES `contact` (`id_contact`),
  ADD CONSTRAINT `FK36EBCB2740CAF0` FOREIGN KEY (`id_Factory`) REFERENCES `factory` (`id_factory`),
  ADD CONSTRAINT `FK36EBCB62BFEBFC` FOREIGN KEY (`id_Zone`) REFERENCES `zone` (`id_Zone`),
  ADD CONSTRAINT `FK36EBCB7E351E17` FOREIGN KEY (`id_language`) REFERENCES `languages` (`id_language`),
  ADD CONSTRAINT `FK36EBCBB032F276` FOREIGN KEY (`id_access_level`) REFERENCES `access_level` (`id_access_level`),
  ADD CONSTRAINT `FK36EBCBCC25B260` FOREIGN KEY (`id_Customer`) REFERENCES `customer` (`id_Customer`),
  ADD CONSTRAINT `FK36EBCBF27575E6` FOREIGN KEY (`id_Agent`) REFERENCES `agent` (`id_Agent`);

--
-- Constraints for table `usersetting`
--
ALTER TABLE `usersetting`
  ADD CONSTRAINT `FK128582530B5C2E3` FOREIGN KEY (`id_user_created`) REFERENCES `user` (`id_user`),
  ADD CONSTRAINT `FK128582569C6524B` FOREIGN KEY (`id_user_setting`) REFERENCES `user` (`id_user`),
  ADD CONSTRAINT `FK12858257E351E17` FOREIGN KEY (`id_language`) REFERENCES `languages` (`id_language`),
  ADD CONSTRAINT `FK1285825E56E24B6` FOREIGN KEY (`id_user_updated`) REFERENCES `user` (`id_user`);

--
-- Constraints for table `zone`
--
ALTER TABLE `zone`
  ADD CONSTRAINT `FK3923AC1AD8B11C` FOREIGN KEY (`id_contact`) REFERENCES `contact` (`id_contact`),
  ADD CONSTRAINT `FK3923AC2740CAF0` FOREIGN KEY (`id_Factory`) REFERENCES `factory` (`id_factory`),
  ADD CONSTRAINT `FK3923AC30B5C2E3` FOREIGN KEY (`id_user_created`) REFERENCES `user` (`id_user`),
  ADD CONSTRAINT `FK3923AC7E351E17` FOREIGN KEY (`id_language`) REFERENCES `languages` (`id_language`),
  ADD CONSTRAINT `FK3923ACC87A92C6` FOREIGN KEY (`id_currency`) REFERENCES `currency` (`id_currency`),
  ADD CONSTRAINT `FK3923ACE56E24B6` FOREIGN KEY (`id_user_updated`) REFERENCES `user` (`id_user`);

--
-- Constraints for table `zone_price`
--
ALTER TABLE `zone_price`
  ADD CONSTRAINT `FKDEBEC6F6105ACA65` FOREIGN KEY (`id_plf`) REFERENCES `price_list_factory` (`id_plf`),
  ADD CONSTRAINT `FKDEBEC6F61076F967` FOREIGN KEY (`if_plf`) REFERENCES `price_list_factory` (`id_plf`),
  ADD CONSTRAINT `FKDEBEC6F630B5C2E3` FOREIGN KEY (`id_user_created`) REFERENCES `user` (`id_user`),
  ADD CONSTRAINT `FKDEBEC6F6523887A9` FOREIGN KEY (`id_agent_pl`) REFERENCES `agent_price` (`id_agent_pl`),
  ADD CONSTRAINT `FKDEBEC6F662BFEBFC` FOREIGN KEY (`id_Zone`) REFERENCES `zone` (`id_Zone`),
  ADD CONSTRAINT `FKDEBEC6F6E56E24B6` FOREIGN KEY (`id_user_updated`) REFERENCES `user` (`id_user`);
SET FOREIGN_KEY_CHECKS=1;

/*!40101 SET CHARACTER_SET_CLIENT=@OLD_CHARACTER_SET_CLIENT */;
/*!40101 SET CHARACTER_SET_RESULTS=@OLD_CHARACTER_SET_RESULTS */;
/*!40101 SET COLLATION_CONNECTION=@OLD_COLLATION_CONNECTION */;
